ISO-10303-21;
HEADER;
FILE_DESCRIPTION(('KiCad electronic assembly'),'2;1');
FILE_NAME('pcb3dmodel.step','2026-09-24T10:47:37',('Pcbnew'),('Kicad'),
  'Open CASCADE STEP processor 7.9','KiCad to STEP converter','Unknown'
  );
FILE_SCHEMA(('AUTOMOTIVE_DESIGN { 1 0 10303 214 1 1 1 1 }'));
ENDSEC;
DATA;
#1 = APPLICATION_PROTOCOL_DEFINITION('international standard',
  'automotive_design',2000,#2);
#2 = APPLICATION_CONTEXT(
  'core data for automotive mechanical design processes');
#3 = SHAPE_DEFINITION_REPRESENTATION(#4,#10);
#4 = PRODUCT_DEFINITION_SHAPE('','',#5);
#5 = PRODUCT_DEFINITION('design','',#6,#9);
#6 = PRODUCT_DEFINITION_FORMATION('','',#7);
#7 = PRODUCT('pcb3dmodel 1','pcb3dmodel 1','',(#8));
#8 = PRODUCT_CONTEXT('',#2,'mechanical');
#9 = PRODUCT_DEFINITION_CONTEXT('part definition',#2,'design');
#10 = SHAPE_REPRESENTATION('',(#11,#15),#19);
#11 = AXIS2_PLACEMENT_3D('',#12,#13,#14);
#12 = CARTESIAN_POINT('',(0.,0.,0.));
#13 = DIRECTION('',(0.,0.,1.));
#14 = DIRECTION('',(1.,0.,-0.));
#15 = AXIS2_PLACEMENT_3D('',#16,#17,#18);
#16 = CARTESIAN_POINT('',(0.,0.,0.));
#17 = DIRECTION('',(0.,0.,1.));
#18 = DIRECTION('',(1.,0.,-0.));
#19 = ( GEOMETRIC_REPRESENTATION_CONTEXT(3) 
GLOBAL_UNCERTAINTY_ASSIGNED_CONTEXT((#23)) GLOBAL_UNIT_ASSIGNED_CONTEXT(
(#20,#21,#22)) REPRESENTATION_CONTEXT('Context #1',
  '3D Context with UNIT and UNCERTAINTY') );
#20 = ( LENGTH_UNIT() NAMED_UNIT(*) SI_UNIT(.MILLI.,.METRE.) );
#21 = ( NAMED_UNIT(*) PLANE_ANGLE_UNIT() SI_UNIT($,.RADIAN.) );
#22 = ( NAMED_UNIT(*) SI_UNIT($,.STERADIAN.) SOLID_ANGLE_UNIT() );
#23 = UNCERTAINTY_MEASURE_WITH_UNIT(LENGTH_MEASURE(1.E-07),#20,
  'distance_accuracy_value','confusion accuracy');
#24 = PRODUCT_RELATED_PRODUCT_CATEGORY('part',$,(#7));
#25 = SHAPE_DEFINITION_REPRESENTATION(#26,#32);
#26 = PRODUCT_DEFINITION_SHAPE('','',#27);
#27 = PRODUCT_DEFINITION('design','',#28,#31);
#28 = PRODUCT_DEFINITION_FORMATION('','',#29);
#29 = PRODUCT('KB2.0_PCB','KB2.0_PCB','',(#30));
#30 = PRODUCT_CONTEXT('',#2,'mechanical');
#31 = PRODUCT_DEFINITION_CONTEXT('part definition',#2,'design');
#32 = ADVANCED_BREP_SHAPE_REPRESENTATION('',(#11,#33),#6315);
#33 = MANIFOLD_SOLID_BREP('',#34);
#34 = CLOSED_SHELL('',(#35,#75,#106,#137,#1877,#3617,#3634,#3651,#3668,
    #3685,#3702,#3714,#3731,#3748,#3765,#3782,#3799,#3816,#3833,#3850,
    #3867,#3884,#3901,#3918,#3935,#3952,#3969,#3986,#4003,#4020,#4037,
    #4054,#4071,#4088,#4105,#4122,#4139,#4156,#4173,#4190,#4207,#4224,
    #4241,#4258,#4275,#4292,#4309,#4326,#4343,#4360,#4377,#4394,#4411,
    #4428,#4445,#4462,#4479,#4496,#4513,#4530,#4547,#4564,#4581,#4598,
    #4615,#4632,#4649,#4666,#4683,#4700,#4717,#4734,#4751,#4768,#4785,
    #4802,#4819,#4836,#4853,#4870,#4887,#4904,#4921,#4938,#4955,#4972,
    #4989,#5006,#5023,#5040,#5057,#5074,#5091,#5108,#5125,#5142,#5159,
    #5176,#5193,#5210,#5227,#5244,#5261,#5278,#5295,#5312,#5329,#5346,
    #5363,#5380,#5397,#5414,#5431,#5448,#5465,#5482,#5499,#5516,#5533,
    #5550,#5567,#5584,#5601,#5618,#5635,#5652,#5669,#5686,#5703,#5720,
    #5737,#5754,#5771,#5788,#5805,#5822,#5839,#5856,#5873,#5890,#5907,
    #5924,#5941,#5958,#5975,#5992,#6009,#6026,#6043,#6060,#6077,#6094,
    #6111,#6128,#6145,#6162,#6179,#6196,#6213,#6230,#6247,#6264,#6281,
    #6298));
#35 = ADVANCED_FACE('',(#36),#70,.T.);
#36 = FACE_BOUND('',#37,.T.);
#37 = EDGE_LOOP('',(#38,#48,#56,#64));
#38 = ORIENTED_EDGE('',*,*,#39,.T.);
#39 = EDGE_CURVE('',#40,#42,#44,.T.);
#40 = VERTEX_POINT('',#41);
#41 = CARTESIAN_POINT('',(139.5,-60.975001,0.));
#42 = VERTEX_POINT('',#43);
#43 = CARTESIAN_POINT('',(139.5,-60.975001,1.51));
#44 = LINE('',#45,#46);
#45 = CARTESIAN_POINT('',(139.5,-60.975001,0.));
#46 = VECTOR('',#47,1.);
#47 = DIRECTION('',(0.,0.,1.));
#48 = ORIENTED_EDGE('',*,*,#49,.T.);
#49 = EDGE_CURVE('',#42,#50,#52,.T.);
#50 = VERTEX_POINT('',#51);
#51 = CARTESIAN_POINT('',(117.,-84.600001,1.51));
#52 = LINE('',#53,#54);
#53 = CARTESIAN_POINT('',(139.5,-60.975001,1.51));
#54 = VECTOR('',#55,1.);
#55 = DIRECTION('',(-0.689655172414,-0.724137931034,0.));
#56 = ORIENTED_EDGE('',*,*,#57,.F.);
#57 = EDGE_CURVE('',#58,#50,#60,.T.);
#58 = VERTEX_POINT('',#59);
#59 = CARTESIAN_POINT('',(117.,-84.600001,0.));
#60 = LINE('',#61,#62);
#61 = CARTESIAN_POINT('',(117.,-84.600001,0.));
#62 = VECTOR('',#63,1.);
#63 = DIRECTION('',(0.,0.,1.));
#64 = ORIENTED_EDGE('',*,*,#65,.F.);
#65 = EDGE_CURVE('',#40,#58,#66,.T.);
#66 = LINE('',#67,#68);
#67 = CARTESIAN_POINT('',(139.5,-60.975001,0.));
#68 = VECTOR('',#69,1.);
#69 = DIRECTION('',(-0.689655172414,-0.724137931034,0.));
#70 = PLANE('',#71);
#71 = AXIS2_PLACEMENT_3D('',#72,#73,#74);
#72 = CARTESIAN_POINT('',(139.5,-60.975001,0.));
#73 = DIRECTION('',(0.724137931034,-0.689655172414,0.));
#74 = DIRECTION('',(-0.689655172414,-0.724137931034,0.));
#75 = ADVANCED_FACE('',(#76),#101,.T.);
#76 = FACE_BOUND('',#77,.T.);
#77 = EDGE_LOOP('',(#78,#88,#94,#95));
#78 = ORIENTED_EDGE('',*,*,#79,.T.);
#79 = EDGE_CURVE('',#80,#82,#84,.T.);
#80 = VERTEX_POINT('',#81);
#81 = CARTESIAN_POINT('',(139.5,-30.25,0.));
#82 = VERTEX_POINT('',#83);
#83 = CARTESIAN_POINT('',(139.5,-30.25,1.51));
#84 = LINE('',#85,#86);
#85 = CARTESIAN_POINT('',(139.5,-30.25,0.));
#86 = VECTOR('',#87,1.);
#87 = DIRECTION('',(0.,0.,1.));
#88 = ORIENTED_EDGE('',*,*,#89,.T.);
#89 = EDGE_CURVE('',#82,#42,#90,.T.);
#90 = LINE('',#91,#92);
#91 = CARTESIAN_POINT('',(139.5,-30.25,1.51));
#92 = VECTOR('',#93,1.);
#93 = DIRECTION('',(0.,-1.,0.));
#94 = ORIENTED_EDGE('',*,*,#39,.F.);
#95 = ORIENTED_EDGE('',*,*,#96,.F.);
#96 = EDGE_CURVE('',#80,#40,#97,.T.);
#97 = LINE('',#98,#99);
#98 = CARTESIAN_POINT('',(139.5,-30.25,0.));
#99 = VECTOR('',#100,1.);
#100 = DIRECTION('',(0.,-1.,0.));
#101 = PLANE('',#102);
#102 = AXIS2_PLACEMENT_3D('',#103,#104,#105);
#103 = CARTESIAN_POINT('',(139.5,-30.25,0.));
#104 = DIRECTION('',(1.,0.,-0.));
#105 = DIRECTION('',(0.,-1.,0.));
#106 = ADVANCED_FACE('',(#107),#132,.T.);
#107 = FACE_BOUND('',#108,.T.);
#108 = EDGE_LOOP('',(#109,#110,#118,#126));
#109 = ORIENTED_EDGE('',*,*,#57,.T.);
#110 = ORIENTED_EDGE('',*,*,#111,.T.);
#111 = EDGE_CURVE('',#50,#112,#114,.T.);
#112 = VERTEX_POINT('',#113);
#113 = CARTESIAN_POINT('',(117.,-104.624204,1.51));
#114 = LINE('',#115,#116);
#115 = CARTESIAN_POINT('',(117.,-84.600001,1.51));
#116 = VECTOR('',#117,1.);
#117 = DIRECTION('',(0.,-1.,0.));
#118 = ORIENTED_EDGE('',*,*,#119,.F.);
#119 = EDGE_CURVE('',#120,#112,#122,.T.);
#120 = VERTEX_POINT('',#121);
#121 = CARTESIAN_POINT('',(117.,-104.624204,0.));
#122 = LINE('',#123,#124);
#123 = CARTESIAN_POINT('',(117.,-104.624204,0.));
#124 = VECTOR('',#125,1.);
#125 = DIRECTION('',(0.,0.,1.));
#126 = ORIENTED_EDGE('',*,*,#127,.F.);
#127 = EDGE_CURVE('',#58,#120,#128,.T.);
#128 = LINE('',#129,#130);
#129 = CARTESIAN_POINT('',(117.,-84.600001,0.));
#130 = VECTOR('',#131,1.);
#131 = DIRECTION('',(0.,-1.,0.));
#132 = PLANE('',#133);
#133 = AXIS2_PLACEMENT_3D('',#134,#135,#136);
#134 = CARTESIAN_POINT('',(117.,-84.600001,0.));
#135 = DIRECTION('',(1.,0.,-0.));
#136 = DIRECTION('',(0.,-1.,0.));
#137 = ADVANCED_FACE('',(#138,#189,#200,#211,#222,#233,#244,#255,#266,
    #277,#288,#299,#310,#321,#332,#343,#354,#365,#376,#387,#398,#409,
    #420,#431,#442,#453,#464,#475,#486,#497,#508,#519,#530,#541,#552,
    #563,#574,#585,#596,#607,#618,#629,#640,#651,#662,#673,#684,#695,
    #706,#717,#728,#739,#750,#761,#772,#783,#794,#805,#816,#827,#838,
    #849,#860,#871,#882,#893,#904,#915,#926,#937,#948,#959,#970,#981,
    #992,#1003,#1014,#1025,#1036,#1047,#1058,#1069,#1080,#1091,#1102,
    #1113,#1124,#1135,#1146,#1157,#1168,#1179,#1190,#1201,#1212,#1223,
    #1234,#1245,#1256,#1267,#1278,#1289,#1300,#1311,#1322,#1333,#1344,
    #1355,#1366,#1377,#1388,#1399,#1410,#1421,#1432,#1443,#1454,#1465,
    #1476,#1487,#1498,#1509,#1520,#1531,#1542,#1553,#1564,#1575,#1586,
    #1597,#1608,#1619,#1630,#1641,#1652,#1663,#1674,#1685,#1696,#1707,
    #1718,#1729,#1740,#1751,#1762,#1773,#1784,#1795,#1806,#1817,#1828,
    #1839,#1850,#1861),#1872,.F.);
#138 = FACE_BOUND('',#139,.F.);
#139 = EDGE_LOOP('',(#140,#141,#142,#150,#158,#166,#174,#182,#188));
#140 = ORIENTED_EDGE('',*,*,#65,.F.);
#141 = ORIENTED_EDGE('',*,*,#96,.F.);
#142 = ORIENTED_EDGE('',*,*,#143,.F.);
#143 = EDGE_CURVE('',#144,#80,#146,.T.);
#144 = VERTEX_POINT('',#145);
#145 = CARTESIAN_POINT('',(34.5,-30.25,0.));
#146 = LINE('',#147,#148);
#147 = CARTESIAN_POINT('',(34.5,-30.25,0.));
#148 = VECTOR('',#149,1.);
#149 = DIRECTION('',(1.,0.,0.));
#150 = ORIENTED_EDGE('',*,*,#151,.F.);
#151 = EDGE_CURVE('',#152,#144,#154,.T.);
#152 = VERTEX_POINT('',#153);
#153 = CARTESIAN_POINT('',(34.5,-123.25,0.));
#154 = LINE('',#155,#156);
#155 = CARTESIAN_POINT('',(34.5,-123.25,0.));
#156 = VECTOR('',#157,1.);
#157 = DIRECTION('',(0.,1.,0.));
#158 = ORIENTED_EDGE('',*,*,#159,.F.);
#159 = EDGE_CURVE('',#160,#152,#162,.T.);
#160 = VERTEX_POINT('',#161);
#161 = CARTESIAN_POINT('',(66.402471,-123.25,0.));
#162 = LINE('',#163,#164);
#163 = CARTESIAN_POINT('',(66.402471,-123.25,0.));
#164 = VECTOR('',#165,1.);
#165 = DIRECTION('',(-1.,0.,0.));
#166 = ORIENTED_EDGE('',*,*,#167,.F.);
#167 = EDGE_CURVE('',#168,#160,#170,.T.);
#168 = VERTEX_POINT('',#169);
#169 = CARTESIAN_POINT('',(138.104644,-163.903568,0.));
#170 = LINE('',#171,#172);
#171 = CARTESIAN_POINT('',(138.104644,-163.903568,0.));
#172 = VECTOR('',#173,1.);
#173 = DIRECTION('',(-0.869905924235,0.493217683159,0.));
#174 = ORIENTED_EDGE('',*,*,#175,.F.);
#175 = EDGE_CURVE('',#176,#168,#178,.T.);
#176 = VERTEX_POINT('',#177);
#177 = CARTESIAN_POINT('',(158.39796,-128.091837,0.));
#178 = LINE('',#179,#180);
#179 = CARTESIAN_POINT('',(158.39796,-128.091837,0.));
#180 = VECTOR('',#181,1.);
#181 = DIRECTION('',(-0.493012604469,-0.870022167439,0.));
#182 = ORIENTED_EDGE('',*,*,#183,.F.);
#183 = EDGE_CURVE('',#120,#176,#184,.T.);
#184 = LINE('',#185,#186);
#185 = CARTESIAN_POINT('',(117.,-104.624204,0.));
#186 = VECTOR('',#187,1.);
#187 = DIRECTION('',(0.869942953744,-0.493152367155,0.));
#188 = ORIENTED_EDGE('',*,*,#127,.F.);
#189 = FACE_BOUND('',#190,.F.);
#190 = EDGE_LOOP('',(#191));
#191 = ORIENTED_EDGE('',*,*,#192,.T.);
#192 = EDGE_CURVE('',#193,#193,#195,.T.);
#193 = VERTEX_POINT('',#194);
#194 = CARTESIAN_POINT('',(38.91,-111.83,0.));
#195 = CIRCLE('',#196,0.95);
#196 = AXIS2_PLACEMENT_3D('',#197,#198,#199);
#197 = CARTESIAN_POINT('',(38.91,-110.88,0.));
#198 = DIRECTION('',(-0.,0.,-1.));
#199 = DIRECTION('',(-0.,-1.,0.));
#200 = FACE_BOUND('',#201,.F.);
#201 = EDGE_LOOP('',(#202));
#202 = ORIENTED_EDGE('',*,*,#203,.T.);
#203 = EDGE_CURVE('',#204,#204,#206,.T.);
#204 = VERTEX_POINT('',#205);
#205 = CARTESIAN_POINT('',(44.41,-112.605,0.));
#206 = CIRCLE('',#207,1.725);
#207 = AXIS2_PLACEMENT_3D('',#208,#209,#210);
#208 = CARTESIAN_POINT('',(44.41,-110.88,0.));
#209 = DIRECTION('',(-0.,0.,-1.));
#210 = DIRECTION('',(-0.,-1.,0.));
#211 = FACE_BOUND('',#212,.F.);
#212 = EDGE_LOOP('',(#213));
#213 = ORIENTED_EDGE('',*,*,#214,.T.);
#214 = EDGE_CURVE('',#215,#215,#217,.T.);
#215 = VERTEX_POINT('',#216);
#216 = CARTESIAN_POINT('',(44.41,-105.58,0.));
#217 = CIRCLE('',#218,0.6);
#218 = AXIS2_PLACEMENT_3D('',#219,#220,#221);
#219 = CARTESIAN_POINT('',(44.41,-104.98,0.));
#220 = DIRECTION('',(-0.,0.,-1.));
#221 = DIRECTION('',(-0.,-1.,0.));
#222 = FACE_BOUND('',#223,.F.);
#223 = EDGE_LOOP('',(#224));
#224 = ORIENTED_EDGE('',*,*,#225,.T.);
#225 = EDGE_CURVE('',#226,#226,#228,.T.);
#226 = VERTEX_POINT('',#227);
#227 = CARTESIAN_POINT('',(49.91,-111.83,0.));
#228 = CIRCLE('',#229,0.95);
#229 = AXIS2_PLACEMENT_3D('',#230,#231,#232);
#230 = CARTESIAN_POINT('',(49.91,-110.88,0.));
#231 = DIRECTION('',(-0.,0.,-1.));
#232 = DIRECTION('',(-0.,-1.,0.));
#233 = FACE_BOUND('',#234,.F.);
#234 = EDGE_LOOP('',(#235));
#235 = ORIENTED_EDGE('',*,*,#236,.T.);
#236 = EDGE_CURVE('',#237,#237,#239,.T.);
#237 = VERTEX_POINT('',#238);
#238 = CARTESIAN_POINT('',(49.41,-107.68,0.));
#239 = CIRCLE('',#240,0.6);
#240 = AXIS2_PLACEMENT_3D('',#241,#242,#243);
#241 = CARTESIAN_POINT('',(49.41,-107.08,0.));
#242 = DIRECTION('',(-0.,0.,-1.));
#243 = DIRECTION('',(-0.,-1.,0.));
#244 = FACE_BOUND('',#245,.F.);
#245 = EDGE_LOOP('',(#246));
#246 = ORIENTED_EDGE('',*,*,#247,.T.);
#247 = EDGE_CURVE('',#248,#248,#250,.T.);
#248 = VERTEX_POINT('',#249);
#249 = CARTESIAN_POINT('',(53.71,-115.09,0.));
#250 = CIRCLE('',#251,0.4);
#251 = AXIS2_PLACEMENT_3D('',#252,#253,#254);
#252 = CARTESIAN_POINT('',(53.71,-114.69,0.));
#253 = DIRECTION('',(-0.,0.,-1.));
#254 = DIRECTION('',(-0.,-1.,0.));
#255 = FACE_BOUND('',#256,.F.);
#256 = EDGE_LOOP('',(#257));
#257 = ORIENTED_EDGE('',*,*,#258,.T.);
#258 = EDGE_CURVE('',#259,#259,#261,.T.);
#259 = VERTEX_POINT('',#260);
#260 = CARTESIAN_POINT('',(53.71,-107.47,0.));
#261 = CIRCLE('',#262,0.4);
#262 = AXIS2_PLACEMENT_3D('',#263,#264,#265);
#263 = CARTESIAN_POINT('',(53.71,-107.07,0.));
#264 = DIRECTION('',(-0.,0.,-1.));
#265 = DIRECTION('',(-0.,-1.,0.));
#266 = FACE_BOUND('',#267,.F.);
#267 = EDGE_LOOP('',(#268));
#268 = ORIENTED_EDGE('',*,*,#269,.T.);
#269 = EDGE_CURVE('',#270,#270,#272,.T.);
#270 = VERTEX_POINT('',#271);
#271 = CARTESIAN_POINT('',(38.91,-93.23,0.));
#272 = CIRCLE('',#273,0.95);
#273 = AXIS2_PLACEMENT_3D('',#274,#275,#276);
#274 = CARTESIAN_POINT('',(38.91,-92.28,0.));
#275 = DIRECTION('',(-0.,0.,-1.));
#276 = DIRECTION('',(-0.,-1.,0.));
#277 = FACE_BOUND('',#278,.F.);
#278 = EDGE_LOOP('',(#279));
#279 = ORIENTED_EDGE('',*,*,#280,.T.);
#280 = EDGE_CURVE('',#281,#281,#283,.T.);
#281 = VERTEX_POINT('',#282);
#282 = CARTESIAN_POINT('',(44.41,-94.005,0.));
#283 = CIRCLE('',#284,1.725);
#284 = AXIS2_PLACEMENT_3D('',#285,#286,#287);
#285 = CARTESIAN_POINT('',(44.41,-92.28,0.));
#286 = DIRECTION('',(-0.,0.,-1.));
#287 = DIRECTION('',(-0.,-1.,0.));
#288 = FACE_BOUND('',#289,.F.);
#289 = EDGE_LOOP('',(#290));
#290 = ORIENTED_EDGE('',*,*,#291,.T.);
#291 = EDGE_CURVE('',#292,#292,#294,.T.);
#292 = VERTEX_POINT('',#293);
#293 = CARTESIAN_POINT('',(49.91,-93.23,0.));
#294 = CIRCLE('',#295,0.95);
#295 = AXIS2_PLACEMENT_3D('',#296,#297,#298);
#296 = CARTESIAN_POINT('',(49.91,-92.28,0.));
#297 = DIRECTION('',(-0.,0.,-1.));
#298 = DIRECTION('',(-0.,-1.,0.));
#299 = FACE_BOUND('',#300,.F.);
#300 = EDGE_LOOP('',(#301));
#301 = ORIENTED_EDGE('',*,*,#302,.T.);
#302 = EDGE_CURVE('',#303,#303,#305,.T.);
#303 = VERTEX_POINT('',#304);
#304 = CARTESIAN_POINT('',(57.51,-102.53,0.));
#305 = CIRCLE('',#306,0.95);
#306 = AXIS2_PLACEMENT_3D('',#307,#308,#309);
#307 = CARTESIAN_POINT('',(57.51,-101.58,0.));
#308 = DIRECTION('',(-0.,0.,-1.));
#309 = DIRECTION('',(-7.479397218527E-15,-1.,0.));
#310 = FACE_BOUND('',#311,.F.);
#311 = EDGE_LOOP('',(#312));
#312 = ORIENTED_EDGE('',*,*,#313,.T.);
#313 = EDGE_CURVE('',#314,#314,#316,.T.);
#314 = VERTEX_POINT('',#315);
#315 = CARTESIAN_POINT('',(63.01,-103.305,0.));
#316 = CIRCLE('',#317,1.725);
#317 = AXIS2_PLACEMENT_3D('',#318,#319,#320);
#318 = CARTESIAN_POINT('',(63.01,-101.58,0.));
#319 = DIRECTION('',(-0.,0.,-1.));
#320 = DIRECTION('',(-0.,-1.,0.));
#321 = FACE_BOUND('',#322,.F.);
#322 = EDGE_LOOP('',(#323));
#323 = ORIENTED_EDGE('',*,*,#324,.T.);
#324 = EDGE_CURVE('',#325,#325,#327,.T.);
#325 = VERTEX_POINT('',#326);
#326 = CARTESIAN_POINT('',(53.71,-96.49,0.));
#327 = CIRCLE('',#328,0.4);
#328 = AXIS2_PLACEMENT_3D('',#329,#330,#331);
#329 = CARTESIAN_POINT('',(53.71,-96.09,0.));
#330 = DIRECTION('',(-0.,0.,-1.));
#331 = DIRECTION('',(-0.,-1.,0.));
#332 = FACE_BOUND('',#333,.F.);
#333 = EDGE_LOOP('',(#334));
#334 = ORIENTED_EDGE('',*,*,#335,.T.);
#335 = EDGE_CURVE('',#336,#336,#338,.T.);
#336 = VERTEX_POINT('',#337);
#337 = CARTESIAN_POINT('',(63.01,-96.28,0.));
#338 = CIRCLE('',#339,0.6);
#339 = AXIS2_PLACEMENT_3D('',#340,#341,#342);
#340 = CARTESIAN_POINT('',(63.01,-95.68,0.));
#341 = DIRECTION('',(-0.,0.,-1.));
#342 = DIRECTION('',(-0.,-1.,0.));
#343 = FACE_BOUND('',#344,.F.);
#344 = EDGE_LOOP('',(#345));
#345 = ORIENTED_EDGE('',*,*,#346,.T.);
#346 = EDGE_CURVE('',#347,#347,#349,.T.);
#347 = VERTEX_POINT('',#348);
#348 = CARTESIAN_POINT('',(72.31,-105.79,0.));
#349 = CIRCLE('',#350,0.4);
#350 = AXIS2_PLACEMENT_3D('',#351,#352,#353);
#351 = CARTESIAN_POINT('',(72.31,-105.39,0.));
#352 = DIRECTION('',(-0.,0.,-1.));
#353 = DIRECTION('',(-0.,-1.,0.));
#354 = FACE_BOUND('',#355,.F.);
#355 = EDGE_LOOP('',(#356));
#356 = ORIENTED_EDGE('',*,*,#357,.T.);
#357 = EDGE_CURVE('',#358,#358,#360,.T.);
#358 = VERTEX_POINT('',#359);
#359 = CARTESIAN_POINT('',(68.51,-102.53,0.));
#360 = CIRCLE('',#361,0.95);
#361 = AXIS2_PLACEMENT_3D('',#362,#363,#364);
#362 = CARTESIAN_POINT('',(68.51,-101.58,0.));
#363 = DIRECTION('',(-0.,0.,-1.));
#364 = DIRECTION('',(1.495879443705E-14,-1.,-0.));
#365 = FACE_BOUND('',#366,.F.);
#366 = EDGE_LOOP('',(#367));
#367 = ORIENTED_EDGE('',*,*,#368,.T.);
#368 = EDGE_CURVE('',#369,#369,#371,.T.);
#369 = VERTEX_POINT('',#370);
#370 = CARTESIAN_POINT('',(68.01,-98.38,0.));
#371 = CIRCLE('',#372,0.6);
#372 = AXIS2_PLACEMENT_3D('',#373,#374,#375);
#373 = CARTESIAN_POINT('',(68.01,-97.78,0.));
#374 = DIRECTION('',(-0.,0.,-1.));
#375 = DIRECTION('',(2.368475785867E-14,-1.,-0.));
#376 = FACE_BOUND('',#377,.F.);
#377 = EDGE_LOOP('',(#378));
#378 = ORIENTED_EDGE('',*,*,#379,.T.);
#379 = EDGE_CURVE('',#380,#380,#382,.T.);
#380 = VERTEX_POINT('',#381);
#381 = CARTESIAN_POINT('',(72.31,-98.17,0.));
#382 = CIRCLE('',#383,0.4);
#383 = AXIS2_PLACEMENT_3D('',#384,#385,#386);
#384 = CARTESIAN_POINT('',(72.31,-97.77,0.));
#385 = DIRECTION('',(-0.,0.,-1.));
#386 = DIRECTION('',(-0.,-1.,0.));
#387 = FACE_BOUND('',#388,.F.);
#388 = EDGE_LOOP('',(#389));
#389 = ORIENTED_EDGE('',*,*,#390,.T.);
#390 = EDGE_CURVE('',#391,#391,#393,.T.);
#391 = VERTEX_POINT('',#392);
#392 = CARTESIAN_POINT('',(76.11,-97.53,0.));
#393 = CIRCLE('',#394,0.95);
#394 = AXIS2_PLACEMENT_3D('',#395,#396,#397);
#395 = CARTESIAN_POINT('',(76.11,-96.58,0.));
#396 = DIRECTION('',(-0.,0.,-1.));
#397 = DIRECTION('',(-0.,-1.,0.));
#398 = FACE_BOUND('',#399,.F.);
#399 = EDGE_LOOP('',(#400));
#400 = ORIENTED_EDGE('',*,*,#401,.T.);
#401 = EDGE_CURVE('',#402,#402,#404,.T.);
#402 = VERTEX_POINT('',#403);
#403 = CARTESIAN_POINT('',(90.91,-100.79,0.));
#404 = CIRCLE('',#405,0.4);
#405 = AXIS2_PLACEMENT_3D('',#406,#407,#408);
#406 = CARTESIAN_POINT('',(90.91,-100.39,0.));
#407 = DIRECTION('',(-0.,0.,-1.));
#408 = DIRECTION('',(-0.,-1.,0.));
#409 = FACE_BOUND('',#410,.F.);
#410 = EDGE_LOOP('',(#411));
#411 = ORIENTED_EDGE('',*,*,#412,.T.);
#412 = EDGE_CURVE('',#413,#413,#415,.T.);
#413 = VERTEX_POINT('',#414);
#414 = CARTESIAN_POINT('',(81.61,-98.305,0.));
#415 = CIRCLE('',#416,1.725);
#416 = AXIS2_PLACEMENT_3D('',#417,#418,#419);
#417 = CARTESIAN_POINT('',(81.61,-96.58,0.));
#418 = DIRECTION('',(-0.,0.,-1.));
#419 = DIRECTION('',(-0.,-1.,0.));
#420 = FACE_BOUND('',#421,.F.);
#421 = EDGE_LOOP('',(#422));
#422 = ORIENTED_EDGE('',*,*,#423,.T.);
#423 = EDGE_CURVE('',#424,#424,#426,.T.);
#424 = VERTEX_POINT('',#425);
#425 = CARTESIAN_POINT('',(81.61,-91.28,0.));
#426 = CIRCLE('',#427,0.6);
#427 = AXIS2_PLACEMENT_3D('',#428,#429,#430);
#428 = CARTESIAN_POINT('',(81.61,-90.68,0.));
#429 = DIRECTION('',(-0.,0.,-1.));
#430 = DIRECTION('',(-0.,-1.,0.));
#431 = FACE_BOUND('',#432,.F.);
#432 = EDGE_LOOP('',(#433));
#433 = ORIENTED_EDGE('',*,*,#434,.T.);
#434 = EDGE_CURVE('',#435,#435,#437,.T.);
#435 = VERTEX_POINT('',#436);
#436 = CARTESIAN_POINT('',(87.11,-97.53,0.));
#437 = CIRCLE('',#438,0.95);
#438 = AXIS2_PLACEMENT_3D('',#439,#440,#441);
#439 = CARTESIAN_POINT('',(87.11,-96.58,0.));
#440 = DIRECTION('',(-0.,0.,-1.));
#441 = DIRECTION('',(-0.,-1.,0.));
#442 = FACE_BOUND('',#443,.F.);
#443 = EDGE_LOOP('',(#444));
#444 = ORIENTED_EDGE('',*,*,#445,.T.);
#445 = EDGE_CURVE('',#446,#446,#448,.T.);
#446 = VERTEX_POINT('',#447);
#447 = CARTESIAN_POINT('',(86.61,-93.38,0.));
#448 = CIRCLE('',#449,0.6);
#449 = AXIS2_PLACEMENT_3D('',#450,#451,#452);
#450 = CARTESIAN_POINT('',(86.61,-92.78,0.));
#451 = DIRECTION('',(-0.,0.,-1.));
#452 = DIRECTION('',(-0.,-1.,0.));
#453 = FACE_BOUND('',#454,.F.);
#454 = EDGE_LOOP('',(#455));
#455 = ORIENTED_EDGE('',*,*,#456,.T.);
#456 = EDGE_CURVE('',#457,#457,#459,.T.);
#457 = VERTEX_POINT('',#458);
#458 = CARTESIAN_POINT('',(90.91,-93.17,0.));
#459 = CIRCLE('',#460,0.4);
#460 = AXIS2_PLACEMENT_3D('',#461,#462,#463);
#461 = CARTESIAN_POINT('',(90.91,-92.77,0.));
#462 = DIRECTION('',(-0.,0.,-1.));
#463 = DIRECTION('',(-0.,-1.,0.));
#464 = FACE_BOUND('',#465,.F.);
#465 = EDGE_LOOP('',(#466));
#466 = ORIENTED_EDGE('',*,*,#467,.T.);
#467 = EDGE_CURVE('',#468,#468,#470,.T.);
#468 = VERTEX_POINT('',#469);
#469 = CARTESIAN_POINT('',(112.24686,-136.98,0.));
#470 = CIRCLE('',#471,0.95);
#471 = AXIS2_PLACEMENT_3D('',#472,#473,#474);
#472 = CARTESIAN_POINT('',(112.24686,-136.03,0.));
#473 = DIRECTION('',(-0.,0.,-1.));
#474 = DIRECTION('',(-0.,-1.,0.));
#475 = FACE_BOUND('',#476,.F.);
#476 = EDGE_LOOP('',(#477));
#477 = ORIENTED_EDGE('',*,*,#478,.T.);
#478 = EDGE_CURVE('',#479,#479,#481,.T.);
#479 = VERTEX_POINT('',#480);
#480 = CARTESIAN_POINT('',(117.01,-140.505,0.));
#481 = CIRCLE('',#482,1.725);
#482 = AXIS2_PLACEMENT_3D('',#483,#484,#485);
#483 = CARTESIAN_POINT('',(117.01,-138.78,0.));
#484 = DIRECTION('',(-0.,0.,-1.));
#485 = DIRECTION('',(8.238176646494E-15,-1.,-0.));
#486 = FACE_BOUND('',#487,.F.);
#487 = EDGE_LOOP('',(#488));
#488 = ORIENTED_EDGE('',*,*,#489,.T.);
#489 = EDGE_CURVE('',#490,#490,#492,.T.);
#490 = VERTEX_POINT('',#491);
#491 = CARTESIAN_POINT('',(119.96,-134.27045,0.));
#492 = CIRCLE('',#493,0.6);
#493 = AXIS2_PLACEMENT_3D('',#494,#495,#496);
#494 = CARTESIAN_POINT('',(119.96,-133.67045,0.));
#495 = DIRECTION('',(-0.,0.,-1.));
#496 = DIRECTION('',(-2.368475785867E-14,-1.,0.));
#497 = FACE_BOUND('',#498,.F.);
#498 = EDGE_LOOP('',(#499));
#499 = ORIENTED_EDGE('',*,*,#500,.T.);
#500 = EDGE_CURVE('',#501,#501,#503,.T.);
#501 = VERTEX_POINT('',#502);
#502 = CARTESIAN_POINT('',(121.77314,-142.48,0.));
#503 = CIRCLE('',#504,0.95);
#504 = AXIS2_PLACEMENT_3D('',#505,#506,#507);
#505 = CARTESIAN_POINT('',(121.77314,-141.53,0.));
#506 = DIRECTION('',(-0.,0.,-1.));
#507 = DIRECTION('',(-0.,-1.,0.));
#508 = FACE_BOUND('',#509,.F.);
#509 = EDGE_LOOP('',(#510));
#510 = ORIENTED_EDGE('',*,*,#511,.T.);
#511 = EDGE_CURVE('',#512,#512,#514,.T.);
#512 = VERTEX_POINT('',#513);
#513 = CARTESIAN_POINT('',(125.145,-143.759558,0.));
#514 = CIRCLE('',#515,0.4);
#515 = AXIS2_PLACEMENT_3D('',#516,#517,#518);
#516 = CARTESIAN_POINT('',(125.145,-143.359558,0.));
#517 = DIRECTION('',(-0.,0.,-1.));
#518 = DIRECTION('',(-3.5527136788E-14,-1.,0.));
#519 = FACE_BOUND('',#520,.F.);
#520 = EDGE_LOOP('',(#521));
#521 = ORIENTED_EDGE('',*,*,#522,.T.);
#522 = EDGE_CURVE('',#523,#523,#525,.T.);
#523 = VERTEX_POINT('',#524);
#524 = CARTESIAN_POINT('',(123.240127,-138.589103,0.));
#525 = CIRCLE('',#526,0.6);
#526 = AXIS2_PLACEMENT_3D('',#527,#528,#529);
#527 = CARTESIAN_POINT('',(123.240127,-137.989103,0.));
#528 = DIRECTION('',(-0.,0.,-1.));
#529 = DIRECTION('',(-0.,-1.,0.));
#530 = FACE_BOUND('',#531,.F.);
#531 = EDGE_LOOP('',(#532));
#532 = ORIENTED_EDGE('',*,*,#533,.T.);
#533 = EDGE_CURVE('',#534,#534,#536,.T.);
#534 = VERTEX_POINT('',#535);
#535 = CARTESIAN_POINT('',(128.955,-137.160444,0.));
#536 = CIRCLE('',#537,0.4);
#537 = AXIS2_PLACEMENT_3D('',#538,#539,#540);
#538 = CARTESIAN_POINT('',(128.955,-136.760444,0.));
#539 = DIRECTION('',(-0.,0.,-1.));
#540 = DIRECTION('',(7.1054273576E-14,-1.,-0.));
#541 = FACE_BOUND('',#542,.F.);
#542 = EDGE_LOOP('',(#543));
#543 = ORIENTED_EDGE('',*,*,#544,.T.);
#544 = EDGE_CURVE('',#545,#545,#547,.T.);
#545 = VERTEX_POINT('',#546);
#546 = CARTESIAN_POINT('',(130.295,-134.699557,0.));
#547 = CIRCLE('',#548,0.4);
#548 = AXIS2_PLACEMENT_3D('',#549,#550,#551);
#549 = CARTESIAN_POINT('',(130.295,-134.299557,0.));
#550 = DIRECTION('',(-0.,0.,-1.));
#551 = DIRECTION('',(-7.105427357601E-14,-1.,0.));
#552 = FACE_BOUND('',#553,.F.);
#553 = EDGE_LOOP('',(#554));
#554 = ORIENTED_EDGE('',*,*,#555,.T.);
#555 = EDGE_CURVE('',#556,#556,#558,.T.);
#556 = VERTEX_POINT('',#557);
#557 = CARTESIAN_POINT('',(133.004933,-138.225964,0.));
#558 = CIRCLE('',#559,0.95);
#559 = AXIS2_PLACEMENT_3D('',#560,#561,#562);
#560 = CARTESIAN_POINT('',(133.004933,-137.275964,0.));
#561 = DIRECTION('',(-0.,0.,-1.));
#562 = DIRECTION('',(-0.,-1.,0.));
#563 = FACE_BOUND('',#564,.F.);
#564 = EDGE_LOOP('',(#565));
#565 = ORIENTED_EDGE('',*,*,#566,.T.);
#566 = EDGE_CURVE('',#567,#567,#569,.T.);
#567 = VERTEX_POINT('',#568);
#568 = CARTESIAN_POINT('',(144.025,-148.179557,0.));
#569 = CIRCLE('',#570,0.4);
#570 = AXIS2_PLACEMENT_3D('',#571,#572,#573);
#571 = CARTESIAN_POINT('',(144.025,-147.779557,0.));
#572 = DIRECTION('',(-0.,0.,-1.));
#573 = DIRECTION('',(-0.,-1.,0.));
#574 = FACE_BOUND('',#575,.F.);
#575 = EDGE_LOOP('',(#576));
#576 = ORIENTED_EDGE('',*,*,#577,.T.);
#577 = EDGE_CURVE('',#578,#578,#580,.T.);
#578 = VERTEX_POINT('',#579);
#579 = CARTESIAN_POINT('',(142.531213,-143.725964,0.));
#580 = CIRCLE('',#581,0.95);
#581 = AXIS2_PLACEMENT_3D('',#582,#583,#584);
#582 = CARTESIAN_POINT('',(142.531213,-142.775964,0.));
#583 = DIRECTION('',(-0.,0.,-1.));
#584 = DIRECTION('',(2.991758887411E-14,-1.,-0.));
#585 = FACE_BOUND('',#586,.F.);
#586 = EDGE_LOOP('',(#587));
#587 = ORIENTED_EDGE('',*,*,#588,.T.);
#588 = EDGE_CURVE('',#589,#589,#591,.T.);
#589 = VERTEX_POINT('',#590);
#590 = CARTESIAN_POINT('',(147.835,-141.580443,0.));
#591 = CIRCLE('',#592,0.4);
#592 = AXIS2_PLACEMENT_3D('',#593,#594,#595);
#593 = CARTESIAN_POINT('',(147.835,-141.180443,0.));
#594 = DIRECTION('',(-0.,0.,-1.));
#595 = DIRECTION('',(-0.,-1.,0.));
#596 = FACE_BOUND('',#597,.F.);
#597 = EDGE_LOOP('',(#598));
#598 = ORIENTED_EDGE('',*,*,#599,.T.);
#599 = EDGE_CURVE('',#600,#600,#602,.T.);
#600 = VERTEX_POINT('',#601);
#601 = CARTESIAN_POINT('',(137.768073,-141.750964,0.));
#602 = CIRCLE('',#603,1.725);
#603 = AXIS2_PLACEMENT_3D('',#604,#605,#606);
#604 = CARTESIAN_POINT('',(137.768073,-140.025964,0.));
#605 = DIRECTION('',(-0.,0.,-1.));
#606 = DIRECTION('',(-1.647635329299E-14,-1.,0.));
#607 = FACE_BOUND('',#608,.F.);
#608 = EDGE_LOOP('',(#609));
#609 = ORIENTED_EDGE('',*,*,#610,.T.);
#610 = EDGE_CURVE('',#611,#611,#613,.T.);
#611 = VERTEX_POINT('',#612);
#612 = CARTESIAN_POINT('',(140.718073,-135.516414,0.));
#613 = CIRCLE('',#614,0.6);
#614 = AXIS2_PLACEMENT_3D('',#615,#616,#617);
#615 = CARTESIAN_POINT('',(140.718073,-134.916414,0.));
#616 = DIRECTION('',(-0.,0.,-1.));
#617 = DIRECTION('',(-0.,-1.,0.));
#618 = FACE_BOUND('',#619,.F.);
#619 = EDGE_LOOP('',(#620));
#620 = ORIENTED_EDGE('',*,*,#621,.T.);
#621 = EDGE_CURVE('',#622,#622,#624,.T.);
#622 = VERTEX_POINT('',#623);
#623 = CARTESIAN_POINT('',(143.9982,-139.835067,0.));
#624 = CIRCLE('',#625,0.6);
#625 = AXIS2_PLACEMENT_3D('',#626,#627,#628);
#626 = CARTESIAN_POINT('',(143.9982,-139.235067,0.));
#627 = DIRECTION('',(-0.,0.,-1.));
#628 = DIRECTION('',(-0.,-1.,0.));
#629 = FACE_BOUND('',#630,.F.);
#630 = EDGE_LOOP('',(#631));
#631 = ORIENTED_EDGE('',*,*,#632,.T.);
#632 = EDGE_CURVE('',#633,#633,#635,.T.);
#633 = VERTEX_POINT('',#634);
#634 = CARTESIAN_POINT('',(134.105,-128.100443,0.));
#635 = CIRCLE('',#636,0.4);
#636 = AXIS2_PLACEMENT_3D('',#637,#638,#639);
#637 = CARTESIAN_POINT('',(134.105,-127.700443,0.));
#638 = DIRECTION('',(-0.,0.,-1.));
#639 = DIRECTION('',(-7.105427357601E-14,-1.,0.));
#640 = FACE_BOUND('',#641,.F.);
#641 = EDGE_LOOP('',(#642));
#642 = ORIENTED_EDGE('',*,*,#643,.T.);
#643 = EDGE_CURVE('',#644,#644,#646,.T.);
#644 = VERTEX_POINT('',#645);
#645 = CARTESIAN_POINT('',(121.54686,-120.871927,0.));
#646 = CIRCLE('',#647,0.95);
#647 = AXIS2_PLACEMENT_3D('',#648,#649,#650);
#648 = CARTESIAN_POINT('',(121.54686,-119.921927,0.));
#649 = DIRECTION('',(-0.,0.,-1.));
#650 = DIRECTION('',(-1.495879443705E-14,-1.,0.));
#651 = FACE_BOUND('',#652,.F.);
#652 = EDGE_LOOP('',(#653));
#653 = ORIENTED_EDGE('',*,*,#654,.T.);
#654 = EDGE_CURVE('',#655,#655,#657,.T.);
#655 = VERTEX_POINT('',#656);
#656 = CARTESIAN_POINT('',(126.31,-124.396927,0.));
#657 = CIRCLE('',#658,1.725);
#658 = AXIS2_PLACEMENT_3D('',#659,#660,#661);
#659 = CARTESIAN_POINT('',(126.31,-122.671927,0.));
#660 = DIRECTION('',(-0.,0.,-1.));
#661 = DIRECTION('',(-0.,-1.,0.));
#662 = FACE_BOUND('',#663,.F.);
#663 = EDGE_LOOP('',(#664));
#664 = ORIENTED_EDGE('',*,*,#665,.T.);
#665 = EDGE_CURVE('',#666,#666,#668,.T.);
#666 = VERTEX_POINT('',#667);
#667 = CARTESIAN_POINT('',(131.07314,-126.371927,0.));
#668 = CIRCLE('',#669,0.95);
#669 = AXIS2_PLACEMENT_3D('',#670,#671,#672);
#670 = CARTESIAN_POINT('',(131.07314,-125.421927,0.));
#671 = DIRECTION('',(-0.,0.,-1.));
#672 = DIRECTION('',(-2.991758887411E-14,-1.,0.));
#673 = FACE_BOUND('',#674,.F.);
#674 = EDGE_LOOP('',(#675));
#675 = ORIENTED_EDGE('',*,*,#676,.T.);
#676 = EDGE_CURVE('',#677,#677,#679,.T.);
#677 = VERTEX_POINT('',#678);
#678 = CARTESIAN_POINT('',(132.540127,-122.48103,0.));
#679 = CIRCLE('',#680,0.6);
#680 = AXIS2_PLACEMENT_3D('',#681,#682,#683);
#681 = CARTESIAN_POINT('',(132.540127,-121.88103,0.));
#682 = DIRECTION('',(-0.,0.,-1.));
#683 = DIRECTION('',(4.736951571734E-14,-1.,-0.));
#684 = FACE_BOUND('',#685,.F.);
#685 = EDGE_LOOP('',(#686));
#686 = ORIENTED_EDGE('',*,*,#687,.T.);
#687 = EDGE_CURVE('',#688,#688,#690,.T.);
#688 = VERTEX_POINT('',#689);
#689 = CARTESIAN_POINT('',(129.26,-118.162377,0.));
#690 = CIRCLE('',#691,0.6);
#691 = AXIS2_PLACEMENT_3D('',#692,#693,#694);
#692 = CARTESIAN_POINT('',(129.26,-117.562377,0.));
#693 = DIRECTION('',(-0.,0.,-1.));
#694 = DIRECTION('',(-0.,-1.,0.));
#695 = FACE_BOUND('',#696,.F.);
#696 = EDGE_LOOP('',(#697));
#697 = ORIENTED_EDGE('',*,*,#698,.T.);
#698 = EDGE_CURVE('',#699,#699,#701,.T.);
#699 = VERTEX_POINT('',#700);
#700 = CARTESIAN_POINT('',(44.41,-86.98,0.));
#701 = CIRCLE('',#702,0.6);
#702 = AXIS2_PLACEMENT_3D('',#703,#704,#705);
#703 = CARTESIAN_POINT('',(44.41,-86.38,0.));
#704 = DIRECTION('',(-0.,0.,-1.));
#705 = DIRECTION('',(-0.,-1.,0.));
#706 = FACE_BOUND('',#707,.F.);
#707 = EDGE_LOOP('',(#708));
#708 = ORIENTED_EDGE('',*,*,#709,.T.);
#709 = EDGE_CURVE('',#710,#710,#712,.T.);
#710 = VERTEX_POINT('',#711);
#711 = CARTESIAN_POINT('',(49.41,-89.08,0.));
#712 = CIRCLE('',#713,0.6);
#713 = AXIS2_PLACEMENT_3D('',#714,#715,#716);
#714 = CARTESIAN_POINT('',(49.41,-88.48,0.));
#715 = DIRECTION('',(-0.,0.,-1.));
#716 = DIRECTION('',(-0.,-1.,0.));
#717 = FACE_BOUND('',#718,.F.);
#718 = EDGE_LOOP('',(#719));
#719 = ORIENTED_EDGE('',*,*,#720,.T.);
#720 = EDGE_CURVE('',#721,#721,#723,.T.);
#721 = VERTEX_POINT('',#722);
#722 = CARTESIAN_POINT('',(53.71,-88.87,0.));
#723 = CIRCLE('',#724,0.4);
#724 = AXIS2_PLACEMENT_3D('',#725,#726,#727);
#725 = CARTESIAN_POINT('',(53.71,-88.47,0.));
#726 = DIRECTION('',(-0.,0.,-1.));
#727 = DIRECTION('',(-0.,-1.,0.));
#728 = FACE_BOUND('',#729,.F.);
#729 = EDGE_LOOP('',(#730));
#730 = ORIENTED_EDGE('',*,*,#731,.T.);
#731 = EDGE_CURVE('',#732,#732,#734,.T.);
#732 = VERTEX_POINT('',#733);
#733 = CARTESIAN_POINT('',(57.51,-83.93,0.));
#734 = CIRCLE('',#735,0.95);
#735 = AXIS2_PLACEMENT_3D('',#736,#737,#738);
#736 = CARTESIAN_POINT('',(57.51,-82.98,0.));
#737 = DIRECTION('',(-0.,0.,-1.));
#738 = DIRECTION('',(-7.479397218527E-15,-1.,0.));
#739 = FACE_BOUND('',#740,.F.);
#740 = EDGE_LOOP('',(#741));
#741 = ORIENTED_EDGE('',*,*,#742,.T.);
#742 = EDGE_CURVE('',#743,#743,#745,.T.);
#743 = VERTEX_POINT('',#744);
#744 = CARTESIAN_POINT('',(53.68,-77.88,0.));
#745 = CIRCLE('',#746,0.4);
#746 = AXIS2_PLACEMENT_3D('',#747,#748,#749);
#747 = CARTESIAN_POINT('',(53.68,-77.48,0.));
#748 = DIRECTION('',(-0.,0.,-1.));
#749 = DIRECTION('',(-0.,-1.,0.));
#750 = FACE_BOUND('',#751,.F.);
#751 = EDGE_LOOP('',(#752));
#752 = ORIENTED_EDGE('',*,*,#753,.T.);
#753 = EDGE_CURVE('',#754,#754,#756,.T.);
#754 = VERTEX_POINT('',#755);
#755 = CARTESIAN_POINT('',(63.01,-84.705,0.));
#756 = CIRCLE('',#757,1.725);
#757 = AXIS2_PLACEMENT_3D('',#758,#759,#760);
#758 = CARTESIAN_POINT('',(63.01,-82.98,0.));
#759 = DIRECTION('',(-0.,0.,-1.));
#760 = DIRECTION('',(-0.,-1.,0.));
#761 = FACE_BOUND('',#762,.F.);
#762 = EDGE_LOOP('',(#763));
#763 = ORIENTED_EDGE('',*,*,#764,.T.);
#764 = EDGE_CURVE('',#765,#765,#767,.T.);
#765 = VERTEX_POINT('',#766);
#766 = CARTESIAN_POINT('',(63.01,-77.68,0.));
#767 = CIRCLE('',#768,0.6);
#768 = AXIS2_PLACEMENT_3D('',#769,#770,#771);
#769 = CARTESIAN_POINT('',(63.01,-77.08,0.));
#770 = DIRECTION('',(-0.,0.,-1.));
#771 = DIRECTION('',(-0.,-1.,0.));
#772 = FACE_BOUND('',#773,.F.);
#773 = EDGE_LOOP('',(#774));
#774 = ORIENTED_EDGE('',*,*,#775,.T.);
#775 = EDGE_CURVE('',#776,#776,#778,.T.);
#776 = VERTEX_POINT('',#777);
#777 = CARTESIAN_POINT('',(38.91,-74.63,0.));
#778 = CIRCLE('',#779,0.95);
#779 = AXIS2_PLACEMENT_3D('',#780,#781,#782);
#780 = CARTESIAN_POINT('',(38.91,-73.68,0.));
#781 = DIRECTION('',(-0.,0.,-1.));
#782 = DIRECTION('',(-0.,-1.,0.));
#783 = FACE_BOUND('',#784,.F.);
#784 = EDGE_LOOP('',(#785));
#785 = ORIENTED_EDGE('',*,*,#786,.T.);
#786 = EDGE_CURVE('',#787,#787,#789,.T.);
#787 = VERTEX_POINT('',#788);
#788 = CARTESIAN_POINT('',(44.41,-75.405,0.));
#789 = CIRCLE('',#790,1.725);
#790 = AXIS2_PLACEMENT_3D('',#791,#792,#793);
#791 = CARTESIAN_POINT('',(44.41,-73.68,0.));
#792 = DIRECTION('',(-0.,0.,-1.));
#793 = DIRECTION('',(-0.,-1.,0.));
#794 = FACE_BOUND('',#795,.F.);
#795 = EDGE_LOOP('',(#796));
#796 = ORIENTED_EDGE('',*,*,#797,.T.);
#797 = EDGE_CURVE('',#798,#798,#800,.T.);
#798 = VERTEX_POINT('',#799);
#799 = CARTESIAN_POINT('',(49.91,-74.63,0.));
#800 = CIRCLE('',#801,0.95);
#801 = AXIS2_PLACEMENT_3D('',#802,#803,#804);
#802 = CARTESIAN_POINT('',(49.91,-73.68,0.));
#803 = DIRECTION('',(-0.,0.,-1.));
#804 = DIRECTION('',(-0.,-1.,0.));
#805 = FACE_BOUND('',#806,.F.);
#806 = EDGE_LOOP('',(#807));
#807 = ORIENTED_EDGE('',*,*,#808,.T.);
#808 = EDGE_CURVE('',#809,#809,#811,.T.);
#809 = VERTEX_POINT('',#810);
#810 = CARTESIAN_POINT('',(49.41,-70.48,0.));
#811 = CIRCLE('',#812,0.6);
#812 = AXIS2_PLACEMENT_3D('',#813,#814,#815);
#813 = CARTESIAN_POINT('',(49.41,-69.88,0.));
#814 = DIRECTION('',(-0.,0.,-1.));
#815 = DIRECTION('',(-0.,-1.,0.));
#816 = FACE_BOUND('',#817,.F.);
#817 = EDGE_LOOP('',(#818));
#818 = ORIENTED_EDGE('',*,*,#819,.T.);
#819 = EDGE_CURVE('',#820,#820,#822,.T.);
#820 = VERTEX_POINT('',#821);
#821 = CARTESIAN_POINT('',(44.41,-68.38,0.));
#822 = CIRCLE('',#823,0.6);
#823 = AXIS2_PLACEMENT_3D('',#824,#825,#826);
#824 = CARTESIAN_POINT('',(44.41,-67.78,0.));
#825 = DIRECTION('',(-0.,0.,-1.));
#826 = DIRECTION('',(-0.,-1.,0.));
#827 = FACE_BOUND('',#828,.F.);
#828 = EDGE_LOOP('',(#829));
#829 = ORIENTED_EDGE('',*,*,#830,.T.);
#830 = EDGE_CURVE('',#831,#831,#833,.T.);
#831 = VERTEX_POINT('',#832);
#832 = CARTESIAN_POINT('',(53.68,-70.26,0.));
#833 = CIRCLE('',#834,0.4);
#834 = AXIS2_PLACEMENT_3D('',#835,#836,#837);
#835 = CARTESIAN_POINT('',(53.68,-69.86,0.));
#836 = DIRECTION('',(-0.,0.,-1.));
#837 = DIRECTION('',(-0.,-1.,0.));
#838 = FACE_BOUND('',#839,.F.);
#839 = EDGE_LOOP('',(#840));
#840 = ORIENTED_EDGE('',*,*,#841,.T.);
#841 = EDGE_CURVE('',#842,#842,#844,.T.);
#842 = VERTEX_POINT('',#843);
#843 = CARTESIAN_POINT('',(57.51,-65.33,0.));
#844 = CIRCLE('',#845,0.95);
#845 = AXIS2_PLACEMENT_3D('',#846,#847,#848);
#846 = CARTESIAN_POINT('',(57.51,-64.38,0.));
#847 = DIRECTION('',(-0.,0.,-1.));
#848 = DIRECTION('',(-7.479397218527E-15,-1.,0.));
#849 = FACE_BOUND('',#850,.F.);
#850 = EDGE_LOOP('',(#851));
#851 = ORIENTED_EDGE('',*,*,#852,.T.);
#852 = EDGE_CURVE('',#853,#853,#855,.T.);
#853 = VERTEX_POINT('',#854);
#854 = CARTESIAN_POINT('',(63.01,-66.105,0.));
#855 = CIRCLE('',#856,1.725);
#856 = AXIS2_PLACEMENT_3D('',#857,#858,#859);
#857 = CARTESIAN_POINT('',(63.01,-64.38,0.));
#858 = DIRECTION('',(-0.,0.,-1.));
#859 = DIRECTION('',(-0.,-1.,0.));
#860 = FACE_BOUND('',#861,.F.);
#861 = EDGE_LOOP('',(#862));
#862 = ORIENTED_EDGE('',*,*,#863,.T.);
#863 = EDGE_CURVE('',#864,#864,#866,.T.);
#864 = VERTEX_POINT('',#865);
#865 = CARTESIAN_POINT('',(72.31,-87.19,0.));
#866 = CIRCLE('',#867,0.4);
#867 = AXIS2_PLACEMENT_3D('',#868,#869,#870);
#868 = CARTESIAN_POINT('',(72.31,-86.79,0.));
#869 = DIRECTION('',(-0.,0.,-1.));
#870 = DIRECTION('',(-0.,-1.,0.));
#871 = FACE_BOUND('',#872,.F.);
#872 = EDGE_LOOP('',(#873));
#873 = ORIENTED_EDGE('',*,*,#874,.T.);
#874 = EDGE_CURVE('',#875,#875,#877,.T.);
#875 = VERTEX_POINT('',#876);
#876 = CARTESIAN_POINT('',(68.51,-83.93,0.));
#877 = CIRCLE('',#878,0.95);
#878 = AXIS2_PLACEMENT_3D('',#879,#880,#881);
#879 = CARTESIAN_POINT('',(68.51,-82.98,0.));
#880 = DIRECTION('',(-0.,0.,-1.));
#881 = DIRECTION('',(1.495879443705E-14,-1.,-0.));
#882 = FACE_BOUND('',#883,.F.);
#883 = EDGE_LOOP('',(#884));
#884 = ORIENTED_EDGE('',*,*,#885,.T.);
#885 = EDGE_CURVE('',#886,#886,#888,.T.);
#886 = VERTEX_POINT('',#887);
#887 = CARTESIAN_POINT('',(68.01,-79.78,0.));
#888 = CIRCLE('',#889,0.6);
#889 = AXIS2_PLACEMENT_3D('',#890,#891,#892);
#890 = CARTESIAN_POINT('',(68.01,-79.18,0.));
#891 = DIRECTION('',(-0.,0.,-1.));
#892 = DIRECTION('',(2.368475785867E-14,-1.,-0.));
#893 = FACE_BOUND('',#894,.F.);
#894 = EDGE_LOOP('',(#895));
#895 = ORIENTED_EDGE('',*,*,#896,.T.);
#896 = EDGE_CURVE('',#897,#897,#899,.T.);
#897 = VERTEX_POINT('',#898);
#898 = CARTESIAN_POINT('',(72.31,-79.57,0.));
#899 = CIRCLE('',#900,0.4);
#900 = AXIS2_PLACEMENT_3D('',#901,#902,#903);
#901 = CARTESIAN_POINT('',(72.31,-79.17,0.));
#902 = DIRECTION('',(-0.,0.,-1.));
#903 = DIRECTION('',(-0.,-1.,0.));
#904 = FACE_BOUND('',#905,.F.);
#905 = EDGE_LOOP('',(#906));
#906 = ORIENTED_EDGE('',*,*,#907,.T.);
#907 = EDGE_CURVE('',#908,#908,#910,.T.);
#908 = VERTEX_POINT('',#909);
#909 = CARTESIAN_POINT('',(76.11,-78.93,0.));
#910 = CIRCLE('',#911,0.95);
#911 = AXIS2_PLACEMENT_3D('',#912,#913,#914);
#912 = CARTESIAN_POINT('',(76.11,-77.98,0.));
#913 = DIRECTION('',(-0.,0.,-1.));
#914 = DIRECTION('',(-0.,-1.,0.));
#915 = FACE_BOUND('',#916,.F.);
#916 = EDGE_LOOP('',(#917));
#917 = ORIENTED_EDGE('',*,*,#918,.T.);
#918 = EDGE_CURVE('',#919,#919,#921,.T.);
#919 = VERTEX_POINT('',#920);
#920 = CARTESIAN_POINT('',(81.61,-79.705,0.));
#921 = CIRCLE('',#922,1.725);
#922 = AXIS2_PLACEMENT_3D('',#923,#924,#925);
#923 = CARTESIAN_POINT('',(81.61,-77.98,0.));
#924 = DIRECTION('',(-0.,0.,-1.));
#925 = DIRECTION('',(-0.,-1.,0.));
#926 = FACE_BOUND('',#927,.F.);
#927 = EDGE_LOOP('',(#928));
#928 = ORIENTED_EDGE('',*,*,#929,.T.);
#929 = EDGE_CURVE('',#930,#930,#932,.T.);
#930 = VERTEX_POINT('',#931);
#931 = CARTESIAN_POINT('',(90.91,-82.19,0.));
#932 = CIRCLE('',#933,0.4);
#933 = AXIS2_PLACEMENT_3D('',#934,#935,#936);
#934 = CARTESIAN_POINT('',(90.91,-81.79,0.));
#935 = DIRECTION('',(-0.,0.,-1.));
#936 = DIRECTION('',(-0.,-1.,0.));
#937 = FACE_BOUND('',#938,.F.);
#938 = EDGE_LOOP('',(#939));
#939 = ORIENTED_EDGE('',*,*,#940,.T.);
#940 = EDGE_CURVE('',#941,#941,#943,.T.);
#941 = VERTEX_POINT('',#942);
#942 = CARTESIAN_POINT('',(87.11,-78.93,0.));
#943 = CIRCLE('',#944,0.95);
#944 = AXIS2_PLACEMENT_3D('',#945,#946,#947);
#945 = CARTESIAN_POINT('',(87.11,-77.98,0.));
#946 = DIRECTION('',(-0.,0.,-1.));
#947 = DIRECTION('',(-0.,-1.,0.));
#948 = FACE_BOUND('',#949,.F.);
#949 = EDGE_LOOP('',(#950));
#950 = ORIENTED_EDGE('',*,*,#951,.T.);
#951 = EDGE_CURVE('',#952,#952,#954,.T.);
#952 = VERTEX_POINT('',#953);
#953 = CARTESIAN_POINT('',(72.31,-68.59,0.));
#954 = CIRCLE('',#955,0.4);
#955 = AXIS2_PLACEMENT_3D('',#956,#957,#958);
#956 = CARTESIAN_POINT('',(72.31,-68.19,0.));
#957 = DIRECTION('',(-0.,0.,-1.));
#958 = DIRECTION('',(-0.,-1.,0.));
#959 = FACE_BOUND('',#960,.F.);
#960 = EDGE_LOOP('',(#961));
#961 = ORIENTED_EDGE('',*,*,#962,.T.);
#962 = EDGE_CURVE('',#963,#963,#965,.T.);
#963 = VERTEX_POINT('',#964);
#964 = CARTESIAN_POINT('',(68.51,-65.33,0.));
#965 = CIRCLE('',#966,0.95);
#966 = AXIS2_PLACEMENT_3D('',#967,#968,#969);
#967 = CARTESIAN_POINT('',(68.51,-64.38,0.));
#968 = DIRECTION('',(-0.,0.,-1.));
#969 = DIRECTION('',(1.495879443705E-14,-1.,-0.));
#970 = FACE_BOUND('',#971,.F.);
#971 = EDGE_LOOP('',(#972));
#972 = ORIENTED_EDGE('',*,*,#973,.T.);
#973 = EDGE_CURVE('',#974,#974,#976,.T.);
#974 = VERTEX_POINT('',#975);
#975 = CARTESIAN_POINT('',(81.61,-72.68,0.));
#976 = CIRCLE('',#977,0.6);
#977 = AXIS2_PLACEMENT_3D('',#978,#979,#980);
#978 = CARTESIAN_POINT('',(81.61,-72.08,0.));
#979 = DIRECTION('',(-0.,0.,-1.));
#980 = DIRECTION('',(-0.,-1.,0.));
#981 = FACE_BOUND('',#982,.F.);
#982 = EDGE_LOOP('',(#983));
#983 = ORIENTED_EDGE('',*,*,#984,.T.);
#984 = EDGE_CURVE('',#985,#985,#987,.T.);
#985 = VERTEX_POINT('',#986);
#986 = CARTESIAN_POINT('',(86.61,-74.78,0.));
#987 = CIRCLE('',#988,0.6);
#988 = AXIS2_PLACEMENT_3D('',#989,#990,#991);
#989 = CARTESIAN_POINT('',(86.61,-74.18,0.));
#990 = DIRECTION('',(-0.,0.,-1.));
#991 = DIRECTION('',(-0.,-1.,0.));
#992 = FACE_BOUND('',#993,.F.);
#993 = EDGE_LOOP('',(#994));
#994 = ORIENTED_EDGE('',*,*,#995,.T.);
#995 = EDGE_CURVE('',#996,#996,#998,.T.);
#996 = VERTEX_POINT('',#997);
#997 = CARTESIAN_POINT('',(90.91,-74.57,0.));
#998 = CIRCLE('',#999,0.4);
#999 = AXIS2_PLACEMENT_3D('',#1000,#1001,#1002);
#1000 = CARTESIAN_POINT('',(90.91,-74.17,0.));
#1001 = DIRECTION('',(-0.,0.,-1.));
#1002 = DIRECTION('',(-0.,-1.,0.));
#1003 = FACE_BOUND('',#1004,.F.);
#1004 = EDGE_LOOP('',(#1005));
#1005 = ORIENTED_EDGE('',*,*,#1006,.T.);
#1006 = EDGE_CURVE('',#1007,#1007,#1009,.T.);
#1007 = VERTEX_POINT('',#1008);
#1008 = CARTESIAN_POINT('',(90.91,-63.59,0.));
#1009 = CIRCLE('',#1010,0.4);
#1010 = AXIS2_PLACEMENT_3D('',#1011,#1012,#1013);
#1011 = CARTESIAN_POINT('',(90.91,-63.19,0.));
#1012 = DIRECTION('',(-0.,0.,-1.));
#1013 = DIRECTION('',(-0.,-1.,0.));
#1014 = FACE_BOUND('',#1015,.F.);
#1015 = EDGE_LOOP('',(#1016));
#1016 = ORIENTED_EDGE('',*,*,#1017,.T.);
#1017 = EDGE_CURVE('',#1018,#1018,#1020,.T.);
#1018 = VERTEX_POINT('',#1019);
#1019 = CARTESIAN_POINT('',(38.91,-56.03,0.));
#1020 = CIRCLE('',#1021,0.95);
#1021 = AXIS2_PLACEMENT_3D('',#1022,#1023,#1024);
#1022 = CARTESIAN_POINT('',(38.91,-55.08,0.));
#1023 = DIRECTION('',(-0.,0.,-1.));
#1024 = DIRECTION('',(-0.,-1.,0.));
#1025 = FACE_BOUND('',#1026,.F.);
#1026 = EDGE_LOOP('',(#1027));
#1027 = ORIENTED_EDGE('',*,*,#1028,.T.);
#1028 = EDGE_CURVE('',#1029,#1029,#1031,.T.);
#1029 = VERTEX_POINT('',#1030);
#1030 = CARTESIAN_POINT('',(44.41,-56.805,0.));
#1031 = CIRCLE('',#1032,1.725);
#1032 = AXIS2_PLACEMENT_3D('',#1033,#1034,#1035);
#1033 = CARTESIAN_POINT('',(44.41,-55.08,0.));
#1034 = DIRECTION('',(-0.,0.,-1.));
#1035 = DIRECTION('',(-0.,-1.,0.));
#1036 = FACE_BOUND('',#1037,.F.);
#1037 = EDGE_LOOP('',(#1038));
#1038 = ORIENTED_EDGE('',*,*,#1039,.T.);
#1039 = EDGE_CURVE('',#1040,#1040,#1042,.T.);
#1040 = VERTEX_POINT('',#1041);
#1041 = CARTESIAN_POINT('',(49.91,-56.03,0.));
#1042 = CIRCLE('',#1043,0.95);
#1043 = AXIS2_PLACEMENT_3D('',#1044,#1045,#1046);
#1044 = CARTESIAN_POINT('',(49.91,-55.08,0.));
#1045 = DIRECTION('',(-0.,0.,-1.));
#1046 = DIRECTION('',(-0.,-1.,0.));
#1047 = FACE_BOUND('',#1048,.F.);
#1048 = EDGE_LOOP('',(#1049));
#1049 = ORIENTED_EDGE('',*,*,#1050,.T.);
#1050 = EDGE_CURVE('',#1051,#1051,#1053,.T.);
#1051 = VERTEX_POINT('',#1052);
#1052 = CARTESIAN_POINT('',(44.41,-49.78,0.));
#1053 = CIRCLE('',#1054,0.6);
#1054 = AXIS2_PLACEMENT_3D('',#1055,#1056,#1057);
#1055 = CARTESIAN_POINT('',(44.41,-49.18,0.));
#1056 = DIRECTION('',(-0.,0.,-1.));
#1057 = DIRECTION('',(-0.,-1.,0.));
#1058 = FACE_BOUND('',#1059,.F.);
#1059 = EDGE_LOOP('',(#1060));
#1060 = ORIENTED_EDGE('',*,*,#1061,.T.);
#1061 = EDGE_CURVE('',#1062,#1062,#1064,.T.);
#1062 = VERTEX_POINT('',#1063);
#1063 = CARTESIAN_POINT('',(49.41,-51.88,0.));
#1064 = CIRCLE('',#1065,0.6);
#1065 = AXIS2_PLACEMENT_3D('',#1066,#1067,#1068);
#1066 = CARTESIAN_POINT('',(49.41,-51.28,0.));
#1067 = DIRECTION('',(-0.,0.,-1.));
#1068 = DIRECTION('',(-0.,-1.,0.));
#1069 = FACE_BOUND('',#1070,.F.);
#1070 = EDGE_LOOP('',(#1071));
#1071 = ORIENTED_EDGE('',*,*,#1072,.T.);
#1072 = EDGE_CURVE('',#1073,#1073,#1075,.T.);
#1073 = VERTEX_POINT('',#1074);
#1074 = CARTESIAN_POINT('',(53.71,-59.29,0.));
#1075 = CIRCLE('',#1076,0.4);
#1076 = AXIS2_PLACEMENT_3D('',#1077,#1078,#1079);
#1077 = CARTESIAN_POINT('',(53.71,-58.89,0.));
#1078 = DIRECTION('',(-0.,0.,-1.));
#1079 = DIRECTION('',(-0.,-1.,0.));
#1080 = FACE_BOUND('',#1081,.F.);
#1081 = EDGE_LOOP('',(#1082));
#1082 = ORIENTED_EDGE('',*,*,#1083,.T.);
#1083 = EDGE_CURVE('',#1084,#1084,#1086,.T.);
#1084 = VERTEX_POINT('',#1085);
#1085 = CARTESIAN_POINT('',(63.01,-59.08,0.));
#1086 = CIRCLE('',#1087,0.6);
#1087 = AXIS2_PLACEMENT_3D('',#1088,#1089,#1090);
#1088 = CARTESIAN_POINT('',(63.01,-58.48,0.));
#1089 = DIRECTION('',(-0.,0.,-1.));
#1090 = DIRECTION('',(-0.,-1.,0.));
#1091 = FACE_BOUND('',#1092,.F.);
#1092 = EDGE_LOOP('',(#1093));
#1093 = ORIENTED_EDGE('',*,*,#1094,.T.);
#1094 = EDGE_CURVE('',#1095,#1095,#1097,.T.);
#1095 = VERTEX_POINT('',#1096);
#1096 = CARTESIAN_POINT('',(53.71,-51.67,0.));
#1097 = CIRCLE('',#1098,0.4);
#1098 = AXIS2_PLACEMENT_3D('',#1099,#1100,#1101);
#1099 = CARTESIAN_POINT('',(53.71,-51.27,0.));
#1100 = DIRECTION('',(-0.,0.,-1.));
#1101 = DIRECTION('',(-0.,-1.,0.));
#1102 = FACE_BOUND('',#1103,.F.);
#1103 = EDGE_LOOP('',(#1104));
#1104 = ORIENTED_EDGE('',*,*,#1105,.T.);
#1105 = EDGE_CURVE('',#1106,#1106,#1108,.T.);
#1106 = VERTEX_POINT('',#1107);
#1107 = CARTESIAN_POINT('',(57.51,-46.73,0.));
#1108 = CIRCLE('',#1109,0.95);
#1109 = AXIS2_PLACEMENT_3D('',#1110,#1111,#1112);
#1110 = CARTESIAN_POINT('',(57.51,-45.78,0.));
#1111 = DIRECTION('',(-0.,0.,-1.));
#1112 = DIRECTION('',(-7.479397218527E-15,-1.,0.));
#1113 = FACE_BOUND('',#1114,.F.);
#1114 = EDGE_LOOP('',(#1115));
#1115 = ORIENTED_EDGE('',*,*,#1116,.T.);
#1116 = EDGE_CURVE('',#1117,#1117,#1119,.T.);
#1117 = VERTEX_POINT('',#1118);
#1118 = CARTESIAN_POINT('',(63.01,-47.505,0.));
#1119 = CIRCLE('',#1120,1.725);
#1120 = AXIS2_PLACEMENT_3D('',#1121,#1122,#1123);
#1121 = CARTESIAN_POINT('',(63.01,-45.78,0.));
#1122 = DIRECTION('',(-0.,0.,-1.));
#1123 = DIRECTION('',(-0.,-1.,0.));
#1124 = FACE_BOUND('',#1125,.F.);
#1125 = EDGE_LOOP('',(#1126));
#1126 = ORIENTED_EDGE('',*,*,#1127,.T.);
#1127 = EDGE_CURVE('',#1128,#1128,#1130,.T.);
#1128 = VERTEX_POINT('',#1129);
#1129 = CARTESIAN_POINT('',(63.01,-40.48,0.));
#1130 = CIRCLE('',#1131,0.6);
#1131 = AXIS2_PLACEMENT_3D('',#1132,#1133,#1134);
#1132 = CARTESIAN_POINT('',(63.01,-39.88,0.));
#1133 = DIRECTION('',(-0.,0.,-1.));
#1134 = DIRECTION('',(-0.,-1.,0.));
#1135 = FACE_BOUND('',#1136,.F.);
#1136 = EDGE_LOOP('',(#1137));
#1137 = ORIENTED_EDGE('',*,*,#1138,.T.);
#1138 = EDGE_CURVE('',#1139,#1139,#1141,.T.);
#1139 = VERTEX_POINT('',#1140);
#1140 = CARTESIAN_POINT('',(68.01,-61.18,0.));
#1141 = CIRCLE('',#1142,0.6);
#1142 = AXIS2_PLACEMENT_3D('',#1143,#1144,#1145);
#1143 = CARTESIAN_POINT('',(68.01,-60.58,0.));
#1144 = DIRECTION('',(-0.,0.,-1.));
#1145 = DIRECTION('',(2.368475785867E-14,-1.,-0.));
#1146 = FACE_BOUND('',#1147,.F.);
#1147 = EDGE_LOOP('',(#1148));
#1148 = ORIENTED_EDGE('',*,*,#1149,.T.);
#1149 = EDGE_CURVE('',#1150,#1150,#1152,.T.);
#1150 = VERTEX_POINT('',#1151);
#1151 = CARTESIAN_POINT('',(72.31,-60.97,0.));
#1152 = CIRCLE('',#1153,0.4);
#1153 = AXIS2_PLACEMENT_3D('',#1154,#1155,#1156);
#1154 = CARTESIAN_POINT('',(72.31,-60.57,0.));
#1155 = DIRECTION('',(-0.,0.,-1.));
#1156 = DIRECTION('',(-0.,-1.,0.));
#1157 = FACE_BOUND('',#1158,.F.);
#1158 = EDGE_LOOP('',(#1159));
#1159 = ORIENTED_EDGE('',*,*,#1160,.T.);
#1160 = EDGE_CURVE('',#1161,#1161,#1163,.T.);
#1161 = VERTEX_POINT('',#1162);
#1162 = CARTESIAN_POINT('',(76.11,-60.33,0.));
#1163 = CIRCLE('',#1164,0.95);
#1164 = AXIS2_PLACEMENT_3D('',#1165,#1166,#1167);
#1165 = CARTESIAN_POINT('',(76.11,-59.38,0.));
#1166 = DIRECTION('',(-0.,0.,-1.));
#1167 = DIRECTION('',(-0.,-1.,0.));
#1168 = FACE_BOUND('',#1169,.F.);
#1169 = EDGE_LOOP('',(#1170));
#1170 = ORIENTED_EDGE('',*,*,#1171,.T.);
#1171 = EDGE_CURVE('',#1172,#1172,#1174,.T.);
#1172 = VERTEX_POINT('',#1173);
#1173 = CARTESIAN_POINT('',(72.31,-49.99,0.));
#1174 = CIRCLE('',#1175,0.4);
#1175 = AXIS2_PLACEMENT_3D('',#1176,#1177,#1178);
#1176 = CARTESIAN_POINT('',(72.31,-49.59,0.));
#1177 = DIRECTION('',(-0.,0.,-1.));
#1178 = DIRECTION('',(-0.,-1.,0.));
#1179 = FACE_BOUND('',#1180,.F.);
#1180 = EDGE_LOOP('',(#1181));
#1181 = ORIENTED_EDGE('',*,*,#1182,.T.);
#1182 = EDGE_CURVE('',#1183,#1183,#1185,.T.);
#1183 = VERTEX_POINT('',#1184);
#1184 = CARTESIAN_POINT('',(81.61,-61.105,0.));
#1185 = CIRCLE('',#1186,1.725);
#1186 = AXIS2_PLACEMENT_3D('',#1187,#1188,#1189);
#1187 = CARTESIAN_POINT('',(81.61,-59.38,0.));
#1188 = DIRECTION('',(-0.,0.,-1.));
#1189 = DIRECTION('',(-0.,-1.,0.));
#1190 = FACE_BOUND('',#1191,.F.);
#1191 = EDGE_LOOP('',(#1192));
#1192 = ORIENTED_EDGE('',*,*,#1193,.T.);
#1193 = EDGE_CURVE('',#1194,#1194,#1196,.T.);
#1194 = VERTEX_POINT('',#1195);
#1195 = CARTESIAN_POINT('',(87.11,-60.33,0.));
#1196 = CIRCLE('',#1197,0.95);
#1197 = AXIS2_PLACEMENT_3D('',#1198,#1199,#1200);
#1198 = CARTESIAN_POINT('',(87.11,-59.38,0.));
#1199 = DIRECTION('',(-0.,0.,-1.));
#1200 = DIRECTION('',(-0.,-1.,0.));
#1201 = FACE_BOUND('',#1202,.F.);
#1202 = EDGE_LOOP('',(#1203));
#1203 = ORIENTED_EDGE('',*,*,#1204,.T.);
#1204 = EDGE_CURVE('',#1205,#1205,#1207,.T.);
#1205 = VERTEX_POINT('',#1206);
#1206 = CARTESIAN_POINT('',(86.61,-56.18,0.));
#1207 = CIRCLE('',#1208,0.6);
#1208 = AXIS2_PLACEMENT_3D('',#1209,#1210,#1211);
#1209 = CARTESIAN_POINT('',(86.61,-55.58,0.));
#1210 = DIRECTION('',(-0.,0.,-1.));
#1211 = DIRECTION('',(-0.,-1.,0.));
#1212 = FACE_BOUND('',#1213,.F.);
#1213 = EDGE_LOOP('',(#1214));
#1214 = ORIENTED_EDGE('',*,*,#1215,.T.);
#1215 = EDGE_CURVE('',#1216,#1216,#1218,.T.);
#1216 = VERTEX_POINT('',#1217);
#1217 = CARTESIAN_POINT('',(90.91,-55.97,0.));
#1218 = CIRCLE('',#1219,0.4);
#1219 = AXIS2_PLACEMENT_3D('',#1220,#1221,#1222);
#1220 = CARTESIAN_POINT('',(90.91,-55.57,0.));
#1221 = DIRECTION('',(-0.,0.,-1.));
#1222 = DIRECTION('',(-0.,-1.,0.));
#1223 = FACE_BOUND('',#1224,.F.);
#1224 = EDGE_LOOP('',(#1225));
#1225 = ORIENTED_EDGE('',*,*,#1226,.T.);
#1226 = EDGE_CURVE('',#1227,#1227,#1229,.T.);
#1227 = VERTEX_POINT('',#1228);
#1228 = CARTESIAN_POINT('',(81.61,-54.08,0.));
#1229 = CIRCLE('',#1230,0.6);
#1230 = AXIS2_PLACEMENT_3D('',#1231,#1232,#1233);
#1231 = CARTESIAN_POINT('',(81.61,-53.48,0.));
#1232 = DIRECTION('',(-0.,0.,-1.));
#1233 = DIRECTION('',(-0.,-1.,0.));
#1234 = FACE_BOUND('',#1235,.F.);
#1235 = EDGE_LOOP('',(#1236));
#1236 = ORIENTED_EDGE('',*,*,#1237,.T.);
#1237 = EDGE_CURVE('',#1238,#1238,#1240,.T.);
#1238 = VERTEX_POINT('',#1239);
#1239 = CARTESIAN_POINT('',(68.51,-46.73,0.));
#1240 = CIRCLE('',#1241,0.95);
#1241 = AXIS2_PLACEMENT_3D('',#1242,#1243,#1244);
#1242 = CARTESIAN_POINT('',(68.51,-45.78,0.));
#1243 = DIRECTION('',(-0.,0.,-1.));
#1244 = DIRECTION('',(1.495879443705E-14,-1.,-0.));
#1245 = FACE_BOUND('',#1246,.F.);
#1246 = EDGE_LOOP('',(#1247));
#1247 = ORIENTED_EDGE('',*,*,#1248,.T.);
#1248 = EDGE_CURVE('',#1249,#1249,#1251,.T.);
#1249 = VERTEX_POINT('',#1250);
#1250 = CARTESIAN_POINT('',(68.01,-42.58,0.));
#1251 = CIRCLE('',#1252,0.6);
#1252 = AXIS2_PLACEMENT_3D('',#1253,#1254,#1255);
#1253 = CARTESIAN_POINT('',(68.01,-41.98,0.));
#1254 = DIRECTION('',(-0.,0.,-1.));
#1255 = DIRECTION('',(2.368475785867E-14,-1.,-0.));
#1256 = FACE_BOUND('',#1257,.F.);
#1257 = EDGE_LOOP('',(#1258));
#1258 = ORIENTED_EDGE('',*,*,#1259,.T.);
#1259 = EDGE_CURVE('',#1260,#1260,#1262,.T.);
#1260 = VERTEX_POINT('',#1261);
#1261 = CARTESIAN_POINT('',(72.31,-42.37,0.));
#1262 = CIRCLE('',#1263,0.4);
#1263 = AXIS2_PLACEMENT_3D('',#1264,#1265,#1266);
#1264 = CARTESIAN_POINT('',(72.31,-41.97,0.));
#1265 = DIRECTION('',(-0.,0.,-1.));
#1266 = DIRECTION('',(-0.,-1.,0.));
#1267 = FACE_BOUND('',#1268,.F.);
#1268 = EDGE_LOOP('',(#1269));
#1269 = ORIENTED_EDGE('',*,*,#1270,.T.);
#1270 = EDGE_CURVE('',#1271,#1271,#1273,.T.);
#1271 = VERTEX_POINT('',#1272);
#1272 = CARTESIAN_POINT('',(76.11,-41.73,0.));
#1273 = CIRCLE('',#1274,0.95);
#1274 = AXIS2_PLACEMENT_3D('',#1275,#1276,#1277);
#1275 = CARTESIAN_POINT('',(76.11,-40.78,0.));
#1276 = DIRECTION('',(-0.,0.,-1.));
#1277 = DIRECTION('',(-0.,-1.,0.));
#1278 = FACE_BOUND('',#1279,.F.);
#1279 = EDGE_LOOP('',(#1280));
#1280 = ORIENTED_EDGE('',*,*,#1281,.T.);
#1281 = EDGE_CURVE('',#1282,#1282,#1284,.T.);
#1282 = VERTEX_POINT('',#1283);
#1283 = CARTESIAN_POINT('',(81.61,-42.505,0.));
#1284 = CIRCLE('',#1285,1.725);
#1285 = AXIS2_PLACEMENT_3D('',#1286,#1287,#1288);
#1286 = CARTESIAN_POINT('',(81.61,-40.78,0.));
#1287 = DIRECTION('',(-0.,0.,-1.));
#1288 = DIRECTION('',(-0.,-1.,0.));
#1289 = FACE_BOUND('',#1290,.F.);
#1290 = EDGE_LOOP('',(#1291));
#1291 = ORIENTED_EDGE('',*,*,#1292,.T.);
#1292 = EDGE_CURVE('',#1293,#1293,#1295,.T.);
#1293 = VERTEX_POINT('',#1294);
#1294 = CARTESIAN_POINT('',(90.91,-44.99,0.));
#1295 = CIRCLE('',#1296,0.4);
#1296 = AXIS2_PLACEMENT_3D('',#1297,#1298,#1299);
#1297 = CARTESIAN_POINT('',(90.91,-44.59,0.));
#1298 = DIRECTION('',(-0.,0.,-1.));
#1299 = DIRECTION('',(-0.,-1.,0.));
#1300 = FACE_BOUND('',#1301,.F.);
#1301 = EDGE_LOOP('',(#1302));
#1302 = ORIENTED_EDGE('',*,*,#1303,.T.);
#1303 = EDGE_CURVE('',#1304,#1304,#1306,.T.);
#1304 = VERTEX_POINT('',#1305);
#1305 = CARTESIAN_POINT('',(87.11,-41.73,0.));
#1306 = CIRCLE('',#1307,0.95);
#1307 = AXIS2_PLACEMENT_3D('',#1308,#1309,#1310);
#1308 = CARTESIAN_POINT('',(87.11,-40.78,0.));
#1309 = DIRECTION('',(-0.,0.,-1.));
#1310 = DIRECTION('',(-0.,-1.,0.));
#1311 = FACE_BOUND('',#1312,.F.);
#1312 = EDGE_LOOP('',(#1313));
#1313 = ORIENTED_EDGE('',*,*,#1314,.T.);
#1314 = EDGE_CURVE('',#1315,#1315,#1317,.T.);
#1315 = VERTEX_POINT('',#1316);
#1316 = CARTESIAN_POINT('',(81.61,-35.48,0.));
#1317 = CIRCLE('',#1318,0.6);
#1318 = AXIS2_PLACEMENT_3D('',#1319,#1320,#1321);
#1319 = CARTESIAN_POINT('',(81.61,-34.88,0.));
#1320 = DIRECTION('',(-0.,0.,-1.));
#1321 = DIRECTION('',(-0.,-1.,0.));
#1322 = FACE_BOUND('',#1323,.F.);
#1323 = EDGE_LOOP('',(#1324));
#1324 = ORIENTED_EDGE('',*,*,#1325,.T.);
#1325 = EDGE_CURVE('',#1326,#1326,#1328,.T.);
#1326 = VERTEX_POINT('',#1327);
#1327 = CARTESIAN_POINT('',(86.61,-37.58,0.));
#1328 = CIRCLE('',#1329,0.6);
#1329 = AXIS2_PLACEMENT_3D('',#1330,#1331,#1332);
#1330 = CARTESIAN_POINT('',(86.61,-36.98,0.));
#1331 = DIRECTION('',(-0.,0.,-1.));
#1332 = DIRECTION('',(-0.,-1.,0.));
#1333 = FACE_BOUND('',#1334,.F.);
#1334 = EDGE_LOOP('',(#1335));
#1335 = ORIENTED_EDGE('',*,*,#1336,.T.);
#1336 = EDGE_CURVE('',#1337,#1337,#1339,.T.);
#1337 = VERTEX_POINT('',#1338);
#1338 = CARTESIAN_POINT('',(90.91,-37.37,0.));
#1339 = CIRCLE('',#1340,0.4);
#1340 = AXIS2_PLACEMENT_3D('',#1341,#1342,#1343);
#1341 = CARTESIAN_POINT('',(90.91,-36.97,0.));
#1342 = DIRECTION('',(-0.,0.,-1.));
#1343 = DIRECTION('',(-0.,-1.,0.));
#1344 = FACE_BOUND('',#1345,.F.);
#1345 = EDGE_LOOP('',(#1346));
#1346 = ORIENTED_EDGE('',*,*,#1347,.T.);
#1347 = EDGE_CURVE('',#1348,#1348,#1350,.T.);
#1348 = VERTEX_POINT('',#1349);
#1349 = CARTESIAN_POINT('',(94.71,-83.93,0.));
#1350 = CIRCLE('',#1351,0.95);
#1351 = AXIS2_PLACEMENT_3D('',#1352,#1353,#1354);
#1352 = CARTESIAN_POINT('',(94.71,-82.98,0.));
#1353 = DIRECTION('',(-0.,0.,-1.));
#1354 = DIRECTION('',(-1.495879443705E-14,-1.,0.));
#1355 = FACE_BOUND('',#1356,.F.);
#1356 = EDGE_LOOP('',(#1357));
#1357 = ORIENTED_EDGE('',*,*,#1358,.T.);
#1358 = EDGE_CURVE('',#1359,#1359,#1361,.T.);
#1359 = VERTEX_POINT('',#1360);
#1360 = CARTESIAN_POINT('',(100.21,-84.705,0.));
#1361 = CIRCLE('',#1362,1.725);
#1362 = AXIS2_PLACEMENT_3D('',#1363,#1364,#1365);
#1363 = CARTESIAN_POINT('',(100.21,-82.98,0.));
#1364 = DIRECTION('',(-0.,0.,-1.));
#1365 = DIRECTION('',(-8.238176646494E-15,-1.,0.));
#1366 = FACE_BOUND('',#1367,.F.);
#1367 = EDGE_LOOP('',(#1368));
#1368 = ORIENTED_EDGE('',*,*,#1369,.T.);
#1369 = EDGE_CURVE('',#1370,#1370,#1372,.T.);
#1370 = VERTEX_POINT('',#1371);
#1371 = CARTESIAN_POINT('',(105.71,-83.93,0.));
#1372 = CIRCLE('',#1373,0.95);
#1373 = AXIS2_PLACEMENT_3D('',#1374,#1375,#1376);
#1374 = CARTESIAN_POINT('',(105.71,-82.98,0.));
#1375 = DIRECTION('',(-0.,0.,-1.));
#1376 = DIRECTION('',(-1.495879443705E-14,-1.,0.));
#1377 = FACE_BOUND('',#1378,.F.);
#1378 = EDGE_LOOP('',(#1379));
#1379 = ORIENTED_EDGE('',*,*,#1380,.T.);
#1380 = EDGE_CURVE('',#1381,#1381,#1383,.T.);
#1381 = VERTEX_POINT('',#1382);
#1382 = CARTESIAN_POINT('',(100.21,-77.68,0.));
#1383 = CIRCLE('',#1384,0.6);
#1384 = AXIS2_PLACEMENT_3D('',#1385,#1386,#1387);
#1385 = CARTESIAN_POINT('',(100.21,-77.08,0.));
#1386 = DIRECTION('',(-0.,0.,-1.));
#1387 = DIRECTION('',(-2.368475785867E-14,-1.,0.));
#1388 = FACE_BOUND('',#1389,.F.);
#1389 = EDGE_LOOP('',(#1390));
#1390 = ORIENTED_EDGE('',*,*,#1391,.T.);
#1391 = EDGE_CURVE('',#1392,#1392,#1394,.T.);
#1392 = VERTEX_POINT('',#1393);
#1393 = CARTESIAN_POINT('',(105.21,-79.78,0.));
#1394 = CIRCLE('',#1395,0.6);
#1395 = AXIS2_PLACEMENT_3D('',#1396,#1397,#1398);
#1396 = CARTESIAN_POINT('',(105.21,-79.18,0.));
#1397 = DIRECTION('',(-0.,0.,-1.));
#1398 = DIRECTION('',(-2.368475785867E-14,-1.,0.));
#1399 = FACE_BOUND('',#1400,.F.);
#1400 = EDGE_LOOP('',(#1401));
#1401 = ORIENTED_EDGE('',*,*,#1402,.T.);
#1402 = EDGE_CURVE('',#1403,#1403,#1405,.T.);
#1403 = VERTEX_POINT('',#1404);
#1404 = CARTESIAN_POINT('',(109.51,-87.19,0.));
#1405 = CIRCLE('',#1406,0.4);
#1406 = AXIS2_PLACEMENT_3D('',#1407,#1408,#1409);
#1407 = CARTESIAN_POINT('',(109.51,-86.79,0.));
#1408 = DIRECTION('',(-0.,0.,-1.));
#1409 = DIRECTION('',(3.5527136788E-14,-1.,-0.));
#1410 = FACE_BOUND('',#1411,.F.);
#1411 = EDGE_LOOP('',(#1412));
#1412 = ORIENTED_EDGE('',*,*,#1413,.T.);
#1413 = EDGE_CURVE('',#1414,#1414,#1416,.T.);
#1414 = VERTEX_POINT('',#1415);
#1415 = CARTESIAN_POINT('',(109.51,-79.57,0.));
#1416 = CIRCLE('',#1417,0.4);
#1417 = AXIS2_PLACEMENT_3D('',#1418,#1419,#1420);
#1418 = CARTESIAN_POINT('',(109.51,-79.17,0.));
#1419 = DIRECTION('',(-0.,0.,-1.));
#1420 = DIRECTION('',(3.5527136788E-14,-1.,-0.));
#1421 = FACE_BOUND('',#1422,.F.);
#1422 = EDGE_LOOP('',(#1423));
#1423 = ORIENTED_EDGE('',*,*,#1424,.T.);
#1424 = EDGE_CURVE('',#1425,#1425,#1427,.T.);
#1425 = VERTEX_POINT('',#1426);
#1426 = CARTESIAN_POINT('',(94.71,-65.33,0.));
#1427 = CIRCLE('',#1428,0.95);
#1428 = AXIS2_PLACEMENT_3D('',#1429,#1430,#1431);
#1429 = CARTESIAN_POINT('',(94.71,-64.38,0.));
#1430 = DIRECTION('',(-0.,0.,-1.));
#1431 = DIRECTION('',(-1.495879443705E-14,-1.,0.));
#1432 = FACE_BOUND('',#1433,.F.);
#1433 = EDGE_LOOP('',(#1434));
#1434 = ORIENTED_EDGE('',*,*,#1435,.T.);
#1435 = EDGE_CURVE('',#1436,#1436,#1438,.T.);
#1436 = VERTEX_POINT('',#1437);
#1437 = CARTESIAN_POINT('',(100.21,-66.105,0.));
#1438 = CIRCLE('',#1439,1.725);
#1439 = AXIS2_PLACEMENT_3D('',#1440,#1441,#1442);
#1440 = CARTESIAN_POINT('',(100.21,-64.38,0.));
#1441 = DIRECTION('',(-0.,0.,-1.));
#1442 = DIRECTION('',(-8.238176646494E-15,-1.,0.));
#1443 = FACE_BOUND('',#1444,.F.);
#1444 = EDGE_LOOP('',(#1445));
#1445 = ORIENTED_EDGE('',*,*,#1446,.T.);
#1446 = EDGE_CURVE('',#1447,#1447,#1449,.T.);
#1447 = VERTEX_POINT('',#1448);
#1448 = CARTESIAN_POINT('',(105.71,-65.33,0.));
#1449 = CIRCLE('',#1450,0.95);
#1450 = AXIS2_PLACEMENT_3D('',#1451,#1452,#1453);
#1451 = CARTESIAN_POINT('',(105.71,-64.38,0.));
#1452 = DIRECTION('',(-0.,0.,-1.));
#1453 = DIRECTION('',(-1.495879443705E-14,-1.,0.));
#1454 = FACE_BOUND('',#1455,.F.);
#1455 = EDGE_LOOP('',(#1456));
#1456 = ORIENTED_EDGE('',*,*,#1457,.T.);
#1457 = EDGE_CURVE('',#1458,#1458,#1460,.T.);
#1458 = VERTEX_POINT('',#1459);
#1459 = CARTESIAN_POINT('',(109.51,-68.59,0.));
#1460 = CIRCLE('',#1461,0.4);
#1461 = AXIS2_PLACEMENT_3D('',#1462,#1463,#1464);
#1462 = CARTESIAN_POINT('',(109.51,-68.19,0.));
#1463 = DIRECTION('',(-0.,0.,-1.));
#1464 = DIRECTION('',(3.5527136788E-14,-1.,-0.));
#1465 = FACE_BOUND('',#1466,.F.);
#1466 = EDGE_LOOP('',(#1467));
#1467 = ORIENTED_EDGE('',*,*,#1468,.T.);
#1468 = EDGE_CURVE('',#1469,#1469,#1471,.T.);
#1469 = VERTEX_POINT('',#1470);
#1470 = CARTESIAN_POINT('',(100.21,-59.08,0.));
#1471 = CIRCLE('',#1472,0.6);
#1472 = AXIS2_PLACEMENT_3D('',#1473,#1474,#1475);
#1473 = CARTESIAN_POINT('',(100.21,-58.48,0.));
#1474 = DIRECTION('',(-0.,0.,-1.));
#1475 = DIRECTION('',(-2.368475785867E-14,-1.,0.));
#1476 = FACE_BOUND('',#1477,.F.);
#1477 = EDGE_LOOP('',(#1478));
#1478 = ORIENTED_EDGE('',*,*,#1479,.T.);
#1479 = EDGE_CURVE('',#1480,#1480,#1482,.T.);
#1480 = VERTEX_POINT('',#1481);
#1481 = CARTESIAN_POINT('',(105.21,-61.18,0.));
#1482 = CIRCLE('',#1483,0.6);
#1483 = AXIS2_PLACEMENT_3D('',#1484,#1485,#1486);
#1484 = CARTESIAN_POINT('',(105.21,-60.58,0.));
#1485 = DIRECTION('',(-0.,0.,-1.));
#1486 = DIRECTION('',(-2.368475785867E-14,-1.,0.));
#1487 = FACE_BOUND('',#1488,.F.);
#1488 = EDGE_LOOP('',(#1489));
#1489 = ORIENTED_EDGE('',*,*,#1490,.T.);
#1490 = EDGE_CURVE('',#1491,#1491,#1493,.T.);
#1491 = VERTEX_POINT('',#1492);
#1492 = CARTESIAN_POINT('',(109.51,-60.97,0.));
#1493 = CIRCLE('',#1494,0.4);
#1494 = AXIS2_PLACEMENT_3D('',#1495,#1496,#1497);
#1495 = CARTESIAN_POINT('',(109.51,-60.57,0.));
#1496 = DIRECTION('',(-0.,0.,-1.));
#1497 = DIRECTION('',(3.5527136788E-14,-1.,-0.));
#1498 = FACE_BOUND('',#1499,.F.);
#1499 = EDGE_LOOP('',(#1500));
#1500 = ORIENTED_EDGE('',*,*,#1501,.T.);
#1501 = EDGE_CURVE('',#1502,#1502,#1504,.T.);
#1502 = VERTEX_POINT('',#1503);
#1503 = CARTESIAN_POINT('',(117.63,-61.9261,0.));
#1504 = CIRCLE('',#1505,0.5461);
#1505 = AXIS2_PLACEMENT_3D('',#1506,#1507,#1508);
#1506 = CARTESIAN_POINT('',(117.63,-61.38,0.));
#1507 = DIRECTION('',(-0.,0.,-1.));
#1508 = DIRECTION('',(-0.,-1.,0.));
#1509 = FACE_BOUND('',#1510,.F.);
#1510 = EDGE_LOOP('',(#1511));
#1511 = ORIENTED_EDGE('',*,*,#1512,.T.);
#1512 = EDGE_CURVE('',#1513,#1513,#1515,.T.);
#1513 = VERTEX_POINT('',#1514);
#1514 = CARTESIAN_POINT('',(117.63,-59.3861,0.));
#1515 = CIRCLE('',#1516,0.5461);
#1516 = AXIS2_PLACEMENT_3D('',#1517,#1518,#1519);
#1517 = CARTESIAN_POINT('',(117.63,-58.84,0.));
#1518 = DIRECTION('',(-0.,0.,-1.));
#1519 = DIRECTION('',(-0.,-1.,0.));
#1520 = FACE_BOUND('',#1521,.F.);
#1521 = EDGE_LOOP('',(#1522));
#1522 = ORIENTED_EDGE('',*,*,#1523,.T.);
#1523 = EDGE_CURVE('',#1524,#1524,#1526,.T.);
#1524 = VERTEX_POINT('',#1525);
#1525 = CARTESIAN_POINT('',(117.63,-56.8461,0.));
#1526 = CIRCLE('',#1527,0.5461);
#1527 = AXIS2_PLACEMENT_3D('',#1528,#1529,#1530);
#1528 = CARTESIAN_POINT('',(117.63,-56.3,0.));
#1529 = DIRECTION('',(-0.,0.,-1.));
#1530 = DIRECTION('',(-0.,-1.,0.));
#1531 = FACE_BOUND('',#1532,.F.);
#1532 = EDGE_LOOP('',(#1533));
#1533 = ORIENTED_EDGE('',*,*,#1534,.T.);
#1534 = EDGE_CURVE('',#1535,#1535,#1537,.T.);
#1535 = VERTEX_POINT('',#1536);
#1536 = CARTESIAN_POINT('',(120.17,-56.8461,0.));
#1537 = CIRCLE('',#1538,0.5461);
#1538 = AXIS2_PLACEMENT_3D('',#1539,#1540,#1541);
#1539 = CARTESIAN_POINT('',(120.17,-56.3,0.));
#1540 = DIRECTION('',(-0.,0.,-1.));
#1541 = DIRECTION('',(-0.,-1.,0.));
#1542 = FACE_BOUND('',#1543,.F.);
#1543 = EDGE_LOOP('',(#1544));
#1544 = ORIENTED_EDGE('',*,*,#1545,.T.);
#1545 = EDGE_CURVE('',#1546,#1546,#1548,.T.);
#1546 = VERTEX_POINT('',#1547);
#1547 = CARTESIAN_POINT('',(109.51,-49.99,0.));
#1548 = CIRCLE('',#1549,0.4);
#1549 = AXIS2_PLACEMENT_3D('',#1550,#1551,#1552);
#1550 = CARTESIAN_POINT('',(109.51,-49.59,0.));
#1551 = DIRECTION('',(-0.,0.,-1.));
#1552 = DIRECTION('',(3.5527136788E-14,-1.,-0.));
#1553 = FACE_BOUND('',#1554,.F.);
#1554 = EDGE_LOOP('',(#1555));
#1555 = ORIENTED_EDGE('',*,*,#1556,.T.);
#1556 = EDGE_CURVE('',#1557,#1557,#1559,.T.);
#1557 = VERTEX_POINT('',#1558);
#1558 = CARTESIAN_POINT('',(117.63,-54.3061,0.));
#1559 = CIRCLE('',#1560,0.5461);
#1560 = AXIS2_PLACEMENT_3D('',#1561,#1562,#1563);
#1561 = CARTESIAN_POINT('',(117.63,-53.76,0.));
#1562 = DIRECTION('',(-0.,0.,-1.));
#1563 = DIRECTION('',(-0.,-1.,0.));
#1564 = FACE_BOUND('',#1565,.F.);
#1565 = EDGE_LOOP('',(#1566));
#1566 = ORIENTED_EDGE('',*,*,#1567,.T.);
#1567 = EDGE_CURVE('',#1568,#1568,#1570,.T.);
#1568 = VERTEX_POINT('',#1569);
#1569 = CARTESIAN_POINT('',(117.63,-51.7661,0.));
#1570 = CIRCLE('',#1571,0.5461);
#1571 = AXIS2_PLACEMENT_3D('',#1572,#1573,#1574);
#1572 = CARTESIAN_POINT('',(117.63,-51.22,0.));
#1573 = DIRECTION('',(-0.,0.,-1.));
#1574 = DIRECTION('',(-0.,-1.,0.));
#1575 = FACE_BOUND('',#1576,.F.);
#1576 = EDGE_LOOP('',(#1577));
#1577 = ORIENTED_EDGE('',*,*,#1578,.T.);
#1578 = EDGE_CURVE('',#1579,#1579,#1581,.T.);
#1579 = VERTEX_POINT('',#1580);
#1580 = CARTESIAN_POINT('',(117.63,-49.2261,0.));
#1581 = CIRCLE('',#1582,0.5461);
#1582 = AXIS2_PLACEMENT_3D('',#1583,#1584,#1585);
#1583 = CARTESIAN_POINT('',(117.63,-48.68,0.));
#1584 = DIRECTION('',(-0.,0.,-1.));
#1585 = DIRECTION('',(-0.,-1.,0.));
#1586 = FACE_BOUND('',#1587,.F.);
#1587 = EDGE_LOOP('',(#1588));
#1588 = ORIENTED_EDGE('',*,*,#1589,.T.);
#1589 = EDGE_CURVE('',#1590,#1590,#1592,.T.);
#1590 = VERTEX_POINT('',#1591);
#1591 = CARTESIAN_POINT('',(94.71,-46.73,0.));
#1592 = CIRCLE('',#1593,0.95);
#1593 = AXIS2_PLACEMENT_3D('',#1594,#1595,#1596);
#1594 = CARTESIAN_POINT('',(94.71,-45.78,0.));
#1595 = DIRECTION('',(-0.,0.,-1.));
#1596 = DIRECTION('',(-1.495879443705E-14,-1.,0.));
#1597 = FACE_BOUND('',#1598,.F.);
#1598 = EDGE_LOOP('',(#1599));
#1599 = ORIENTED_EDGE('',*,*,#1600,.T.);
#1600 = EDGE_CURVE('',#1601,#1601,#1603,.T.);
#1601 = VERTEX_POINT('',#1602);
#1602 = CARTESIAN_POINT('',(100.21,-47.505,0.));
#1603 = CIRCLE('',#1604,1.725);
#1604 = AXIS2_PLACEMENT_3D('',#1605,#1606,#1607);
#1605 = CARTESIAN_POINT('',(100.21,-45.78,0.));
#1606 = DIRECTION('',(-0.,0.,-1.));
#1607 = DIRECTION('',(-8.238176646494E-15,-1.,0.));
#1608 = FACE_BOUND('',#1609,.F.);
#1609 = EDGE_LOOP('',(#1610));
#1610 = ORIENTED_EDGE('',*,*,#1611,.T.);
#1611 = EDGE_CURVE('',#1612,#1612,#1614,.T.);
#1612 = VERTEX_POINT('',#1613);
#1613 = CARTESIAN_POINT('',(105.71,-46.73,0.));
#1614 = CIRCLE('',#1615,0.95);
#1615 = AXIS2_PLACEMENT_3D('',#1616,#1617,#1618);
#1616 = CARTESIAN_POINT('',(105.71,-45.78,0.));
#1617 = DIRECTION('',(-0.,0.,-1.));
#1618 = DIRECTION('',(-1.495879443705E-14,-1.,0.));
#1619 = FACE_BOUND('',#1620,.F.);
#1620 = EDGE_LOOP('',(#1621));
#1621 = ORIENTED_EDGE('',*,*,#1622,.T.);
#1622 = EDGE_CURVE('',#1623,#1623,#1625,.T.);
#1623 = VERTEX_POINT('',#1624);
#1624 = CARTESIAN_POINT('',(105.21,-42.58,0.));
#1625 = CIRCLE('',#1626,0.6);
#1626 = AXIS2_PLACEMENT_3D('',#1627,#1628,#1629);
#1627 = CARTESIAN_POINT('',(105.21,-41.98,0.));
#1628 = DIRECTION('',(-0.,0.,-1.));
#1629 = DIRECTION('',(-2.368475785867E-14,-1.,0.));
#1630 = FACE_BOUND('',#1631,.F.);
#1631 = EDGE_LOOP('',(#1632));
#1632 = ORIENTED_EDGE('',*,*,#1633,.T.);
#1633 = EDGE_CURVE('',#1634,#1634,#1636,.T.);
#1634 = VERTEX_POINT('',#1635);
#1635 = CARTESIAN_POINT('',(100.21,-40.48,0.));
#1636 = CIRCLE('',#1637,0.6);
#1637 = AXIS2_PLACEMENT_3D('',#1638,#1639,#1640);
#1638 = CARTESIAN_POINT('',(100.21,-39.88,0.));
#1639 = DIRECTION('',(-0.,0.,-1.));
#1640 = DIRECTION('',(-2.368475785867E-14,-1.,0.));
#1641 = FACE_BOUND('',#1642,.F.);
#1642 = EDGE_LOOP('',(#1643));
#1643 = ORIENTED_EDGE('',*,*,#1644,.T.);
#1644 = EDGE_CURVE('',#1645,#1645,#1647,.T.);
#1645 = VERTEX_POINT('',#1646);
#1646 = CARTESIAN_POINT('',(109.51,-42.37,0.));
#1647 = CIRCLE('',#1648,0.4);
#1648 = AXIS2_PLACEMENT_3D('',#1649,#1650,#1651);
#1649 = CARTESIAN_POINT('',(109.51,-41.97,0.));
#1650 = DIRECTION('',(-0.,0.,-1.));
#1651 = DIRECTION('',(3.5527136788E-14,-1.,-0.));
#1652 = FACE_BOUND('',#1653,.F.);
#1653 = EDGE_LOOP('',(#1654));
#1654 = ORIENTED_EDGE('',*,*,#1655,.T.);
#1655 = EDGE_CURVE('',#1656,#1656,#1658,.T.);
#1656 = VERTEX_POINT('',#1657);
#1657 = CARTESIAN_POINT('',(117.63,-46.6861,0.));
#1658 = CIRCLE('',#1659,0.5461);
#1659 = AXIS2_PLACEMENT_3D('',#1660,#1661,#1662);
#1660 = CARTESIAN_POINT('',(117.63,-46.14,0.));
#1661 = DIRECTION('',(-0.,0.,-1.));
#1662 = DIRECTION('',(-0.,-1.,0.));
#1663 = FACE_BOUND('',#1664,.F.);
#1664 = EDGE_LOOP('',(#1665));
#1665 = ORIENTED_EDGE('',*,*,#1666,.T.);
#1666 = EDGE_CURVE('',#1667,#1667,#1669,.T.);
#1667 = VERTEX_POINT('',#1668);
#1668 = CARTESIAN_POINT('',(117.63,-44.1461,0.));
#1669 = CIRCLE('',#1670,0.5461);
#1670 = AXIS2_PLACEMENT_3D('',#1671,#1672,#1673);
#1671 = CARTESIAN_POINT('',(117.63,-43.6,0.));
#1672 = DIRECTION('',(-0.,0.,-1.));
#1673 = DIRECTION('',(-0.,-1.,0.));
#1674 = FACE_BOUND('',#1675,.F.);
#1675 = EDGE_LOOP('',(#1676));
#1676 = ORIENTED_EDGE('',*,*,#1677,.T.);
#1677 = EDGE_CURVE('',#1678,#1678,#1680,.T.);
#1678 = VERTEX_POINT('',#1679);
#1679 = CARTESIAN_POINT('',(117.63,-41.6061,0.));
#1680 = CIRCLE('',#1681,0.5461);
#1681 = AXIS2_PLACEMENT_3D('',#1682,#1683,#1684);
#1682 = CARTESIAN_POINT('',(117.63,-41.06,0.));
#1683 = DIRECTION('',(-0.,0.,-1.));
#1684 = DIRECTION('',(-0.,-1.,0.));
#1685 = FACE_BOUND('',#1686,.F.);
#1686 = EDGE_LOOP('',(#1687));
#1687 = ORIENTED_EDGE('',*,*,#1688,.T.);
#1688 = EDGE_CURVE('',#1689,#1689,#1691,.T.);
#1689 = VERTEX_POINT('',#1690);
#1690 = CARTESIAN_POINT('',(117.63,-39.0661,0.));
#1691 = CIRCLE('',#1692,0.5461);
#1692 = AXIS2_PLACEMENT_3D('',#1693,#1694,#1695);
#1693 = CARTESIAN_POINT('',(117.63,-38.52,0.));
#1694 = DIRECTION('',(-0.,0.,-1.));
#1695 = DIRECTION('',(-0.,-1.,0.));
#1696 = FACE_BOUND('',#1697,.F.);
#1697 = EDGE_LOOP('',(#1698));
#1698 = ORIENTED_EDGE('',*,*,#1699,.T.);
#1699 = EDGE_CURVE('',#1700,#1700,#1702,.T.);
#1700 = VERTEX_POINT('',#1701);
#1701 = CARTESIAN_POINT('',(117.63,-36.5261,0.));
#1702 = CIRCLE('',#1703,0.5461);
#1703 = AXIS2_PLACEMENT_3D('',#1704,#1705,#1706);
#1704 = CARTESIAN_POINT('',(117.63,-35.98,0.));
#1705 = DIRECTION('',(-0.,0.,-1.));
#1706 = DIRECTION('',(-0.,-1.,0.));
#1707 = FACE_BOUND('',#1708,.F.);
#1708 = EDGE_LOOP('',(#1709));
#1709 = ORIENTED_EDGE('',*,*,#1710,.T.);
#1710 = EDGE_CURVE('',#1711,#1711,#1713,.T.);
#1711 = VERTEX_POINT('',#1712);
#1712 = CARTESIAN_POINT('',(117.63,-33.9861,0.));
#1713 = CIRCLE('',#1714,0.5461);
#1714 = AXIS2_PLACEMENT_3D('',#1715,#1716,#1717);
#1715 = CARTESIAN_POINT('',(117.63,-33.44,0.));
#1716 = DIRECTION('',(-0.,0.,-1.));
#1717 = DIRECTION('',(-0.,-1.,0.));
#1718 = FACE_BOUND('',#1719,.F.);
#1719 = EDGE_LOOP('',(#1720));
#1720 = ORIENTED_EDGE('',*,*,#1721,.T.);
#1721 = EDGE_CURVE('',#1722,#1722,#1724,.T.);
#1722 = VERTEX_POINT('',#1723);
#1723 = CARTESIAN_POINT('',(122.71,-56.8461,0.));
#1724 = CIRCLE('',#1725,0.5461);
#1725 = AXIS2_PLACEMENT_3D('',#1726,#1727,#1728);
#1726 = CARTESIAN_POINT('',(122.71,-56.3,0.));
#1727 = DIRECTION('',(-0.,0.,-1.));
#1728 = DIRECTION('',(-2.602244042337E-14,-1.,0.));
#1729 = FACE_BOUND('',#1730,.F.);
#1730 = EDGE_LOOP('',(#1731));
#1731 = ORIENTED_EDGE('',*,*,#1732,.T.);
#1732 = EDGE_CURVE('',#1733,#1733,#1735,.T.);
#1733 = VERTEX_POINT('',#1734);
#1734 = CARTESIAN_POINT('',(125.25,-56.8461,0.));
#1735 = CIRCLE('',#1736,0.5461);
#1736 = AXIS2_PLACEMENT_3D('',#1737,#1738,#1739);
#1737 = CARTESIAN_POINT('',(125.25,-56.3,0.));
#1738 = DIRECTION('',(-0.,0.,-1.));
#1739 = DIRECTION('',(-0.,-1.,0.));
#1740 = FACE_BOUND('',#1741,.F.);
#1741 = EDGE_LOOP('',(#1742));
#1742 = ORIENTED_EDGE('',*,*,#1743,.T.);
#1743 = EDGE_CURVE('',#1744,#1744,#1746,.T.);
#1744 = VERTEX_POINT('',#1745);
#1745 = CARTESIAN_POINT('',(132.87,-61.9261,0.));
#1746 = CIRCLE('',#1747,0.5461);
#1747 = AXIS2_PLACEMENT_3D('',#1748,#1749,#1750);
#1748 = CARTESIAN_POINT('',(132.87,-61.38,0.));
#1749 = DIRECTION('',(-0.,0.,-1.));
#1750 = DIRECTION('',(-0.,-1.,0.));
#1751 = FACE_BOUND('',#1752,.F.);
#1752 = EDGE_LOOP('',(#1753));
#1753 = ORIENTED_EDGE('',*,*,#1754,.T.);
#1754 = EDGE_CURVE('',#1755,#1755,#1757,.T.);
#1755 = VERTEX_POINT('',#1756);
#1756 = CARTESIAN_POINT('',(132.87,-59.3861,0.));
#1757 = CIRCLE('',#1758,0.5461);
#1758 = AXIS2_PLACEMENT_3D('',#1759,#1760,#1761);
#1759 = CARTESIAN_POINT('',(132.87,-58.84,0.));
#1760 = DIRECTION('',(-0.,0.,-1.));
#1761 = DIRECTION('',(-0.,-1.,0.));
#1762 = FACE_BOUND('',#1763,.F.);
#1763 = EDGE_LOOP('',(#1764));
#1764 = ORIENTED_EDGE('',*,*,#1765,.T.);
#1765 = EDGE_CURVE('',#1766,#1766,#1768,.T.);
#1766 = VERTEX_POINT('',#1767);
#1767 = CARTESIAN_POINT('',(132.87,-56.8461,0.));
#1768 = CIRCLE('',#1769,0.5461);
#1769 = AXIS2_PLACEMENT_3D('',#1770,#1771,#1772);
#1770 = CARTESIAN_POINT('',(132.87,-56.3,0.));
#1771 = DIRECTION('',(-0.,0.,-1.));
#1772 = DIRECTION('',(-0.,-1.,0.));
#1773 = FACE_BOUND('',#1774,.F.);
#1774 = EDGE_LOOP('',(#1775));
#1775 = ORIENTED_EDGE('',*,*,#1776,.T.);
#1776 = EDGE_CURVE('',#1777,#1777,#1779,.T.);
#1777 = VERTEX_POINT('',#1778);
#1778 = CARTESIAN_POINT('',(132.87,-54.3061,0.));
#1779 = CIRCLE('',#1780,0.5461);
#1780 = AXIS2_PLACEMENT_3D('',#1781,#1782,#1783);
#1781 = CARTESIAN_POINT('',(132.87,-53.76,0.));
#1782 = DIRECTION('',(-0.,0.,-1.));
#1783 = DIRECTION('',(-0.,-1.,0.));
#1784 = FACE_BOUND('',#1785,.F.);
#1785 = EDGE_LOOP('',(#1786));
#1786 = ORIENTED_EDGE('',*,*,#1787,.T.);
#1787 = EDGE_CURVE('',#1788,#1788,#1790,.T.);
#1788 = VERTEX_POINT('',#1789);
#1789 = CARTESIAN_POINT('',(132.87,-51.7661,0.));
#1790 = CIRCLE('',#1791,0.5461);
#1791 = AXIS2_PLACEMENT_3D('',#1792,#1793,#1794);
#1792 = CARTESIAN_POINT('',(132.87,-51.22,0.));
#1793 = DIRECTION('',(-0.,0.,-1.));
#1794 = DIRECTION('',(-0.,-1.,0.));
#1795 = FACE_BOUND('',#1796,.F.);
#1796 = EDGE_LOOP('',(#1797));
#1797 = ORIENTED_EDGE('',*,*,#1798,.T.);
#1798 = EDGE_CURVE('',#1799,#1799,#1801,.T.);
#1799 = VERTEX_POINT('',#1800);
#1800 = CARTESIAN_POINT('',(132.87,-49.2261,0.));
#1801 = CIRCLE('',#1802,0.5461);
#1802 = AXIS2_PLACEMENT_3D('',#1803,#1804,#1805);
#1803 = CARTESIAN_POINT('',(132.87,-48.68,0.));
#1804 = DIRECTION('',(-0.,0.,-1.));
#1805 = DIRECTION('',(-0.,-1.,0.));
#1806 = FACE_BOUND('',#1807,.F.);
#1807 = EDGE_LOOP('',(#1808));
#1808 = ORIENTED_EDGE('',*,*,#1809,.T.);
#1809 = EDGE_CURVE('',#1810,#1810,#1812,.T.);
#1810 = VERTEX_POINT('',#1811);
#1811 = CARTESIAN_POINT('',(132.87,-46.6861,0.));
#1812 = CIRCLE('',#1813,0.5461);
#1813 = AXIS2_PLACEMENT_3D('',#1814,#1815,#1816);
#1814 = CARTESIAN_POINT('',(132.87,-46.14,0.));
#1815 = DIRECTION('',(-0.,0.,-1.));
#1816 = DIRECTION('',(-0.,-1.,0.));
#1817 = FACE_BOUND('',#1818,.F.);
#1818 = EDGE_LOOP('',(#1819));
#1819 = ORIENTED_EDGE('',*,*,#1820,.T.);
#1820 = EDGE_CURVE('',#1821,#1821,#1823,.T.);
#1821 = VERTEX_POINT('',#1822);
#1822 = CARTESIAN_POINT('',(132.87,-44.1461,0.));
#1823 = CIRCLE('',#1824,0.5461);
#1824 = AXIS2_PLACEMENT_3D('',#1825,#1826,#1827);
#1825 = CARTESIAN_POINT('',(132.87,-43.6,0.));
#1826 = DIRECTION('',(-0.,0.,-1.));
#1827 = DIRECTION('',(-0.,-1.,0.));
#1828 = FACE_BOUND('',#1829,.F.);
#1829 = EDGE_LOOP('',(#1830));
#1830 = ORIENTED_EDGE('',*,*,#1831,.T.);
#1831 = EDGE_CURVE('',#1832,#1832,#1834,.T.);
#1832 = VERTEX_POINT('',#1833);
#1833 = CARTESIAN_POINT('',(132.87,-41.6061,0.));
#1834 = CIRCLE('',#1835,0.5461);
#1835 = AXIS2_PLACEMENT_3D('',#1836,#1837,#1838);
#1836 = CARTESIAN_POINT('',(132.87,-41.06,0.));
#1837 = DIRECTION('',(-0.,0.,-1.));
#1838 = DIRECTION('',(-0.,-1.,0.));
#1839 = FACE_BOUND('',#1840,.F.);
#1840 = EDGE_LOOP('',(#1841));
#1841 = ORIENTED_EDGE('',*,*,#1842,.T.);
#1842 = EDGE_CURVE('',#1843,#1843,#1845,.T.);
#1843 = VERTEX_POINT('',#1844);
#1844 = CARTESIAN_POINT('',(132.87,-39.0661,0.));
#1845 = CIRCLE('',#1846,0.5461);
#1846 = AXIS2_PLACEMENT_3D('',#1847,#1848,#1849);
#1847 = CARTESIAN_POINT('',(132.87,-38.52,0.));
#1848 = DIRECTION('',(-0.,0.,-1.));
#1849 = DIRECTION('',(-0.,-1.,0.));
#1850 = FACE_BOUND('',#1851,.F.);
#1851 = EDGE_LOOP('',(#1852));
#1852 = ORIENTED_EDGE('',*,*,#1853,.T.);
#1853 = EDGE_CURVE('',#1854,#1854,#1856,.T.);
#1854 = VERTEX_POINT('',#1855);
#1855 = CARTESIAN_POINT('',(132.87,-36.5261,0.));
#1856 = CIRCLE('',#1857,0.5461);
#1857 = AXIS2_PLACEMENT_3D('',#1858,#1859,#1860);
#1858 = CARTESIAN_POINT('',(132.87,-35.98,0.));
#1859 = DIRECTION('',(-0.,0.,-1.));
#1860 = DIRECTION('',(-0.,-1.,0.));
#1861 = FACE_BOUND('',#1862,.F.);
#1862 = EDGE_LOOP('',(#1863));
#1863 = ORIENTED_EDGE('',*,*,#1864,.T.);
#1864 = EDGE_CURVE('',#1865,#1865,#1867,.T.);
#1865 = VERTEX_POINT('',#1866);
#1866 = CARTESIAN_POINT('',(132.87,-33.9861,0.));
#1867 = CIRCLE('',#1868,0.5461);
#1868 = AXIS2_PLACEMENT_3D('',#1869,#1870,#1871);
#1869 = CARTESIAN_POINT('',(132.87,-33.44,0.));
#1870 = DIRECTION('',(-0.,0.,-1.));
#1871 = DIRECTION('',(-0.,-1.,0.));
#1872 = PLANE('',#1873);
#1873 = AXIS2_PLACEMENT_3D('',#1874,#1875,#1876);
#1874 = CARTESIAN_POINT('',(0.,0.,0.));
#1875 = DIRECTION('',(0.,0.,1.));
#1876 = DIRECTION('',(1.,0.,-0.));
#1877 = ADVANCED_FACE('',(#1878,#1929,#1940,#1951,#1962,#1973,#1984,
    #1995,#2006,#2017,#2028,#2039,#2050,#2061,#2072,#2083,#2094,#2105,
    #2116,#2127,#2138,#2149,#2160,#2171,#2182,#2193,#2204,#2215,#2226,
    #2237,#2248,#2259,#2270,#2281,#2292,#2303,#2314,#2325,#2336,#2347,
    #2358,#2369,#2380,#2391,#2402,#2413,#2424,#2435,#2446,#2457,#2468,
    #2479,#2490,#2501,#2512,#2523,#2534,#2545,#2556,#2567,#2578,#2589,
    #2600,#2611,#2622,#2633,#2644,#2655,#2666,#2677,#2688,#2699,#2710,
    #2721,#2732,#2743,#2754,#2765,#2776,#2787,#2798,#2809,#2820,#2831,
    #2842,#2853,#2864,#2875,#2886,#2897,#2908,#2919,#2930,#2941,#2952,
    #2963,#2974,#2985,#2996,#3007,#3018,#3029,#3040,#3051,#3062,#3073,
    #3084,#3095,#3106,#3117,#3128,#3139,#3150,#3161,#3172,#3183,#3194,
    #3205,#3216,#3227,#3238,#3249,#3260,#3271,#3282,#3293,#3304,#3315,
    #3326,#3337,#3348,#3359,#3370,#3381,#3392,#3403,#3414,#3425,#3436,
    #3447,#3458,#3469,#3480,#3491,#3502,#3513,#3524,#3535,#3546,#3557,
    #3568,#3579,#3590,#3601),#3612,.T.);
#1878 = FACE_BOUND('',#1879,.T.);
#1879 = EDGE_LOOP('',(#1880,#1881,#1882,#1890,#1898,#1906,#1914,#1922,
    #1928));
#1880 = ORIENTED_EDGE('',*,*,#49,.F.);
#1881 = ORIENTED_EDGE('',*,*,#89,.F.);
#1882 = ORIENTED_EDGE('',*,*,#1883,.F.);
#1883 = EDGE_CURVE('',#1884,#82,#1886,.T.);
#1884 = VERTEX_POINT('',#1885);
#1885 = CARTESIAN_POINT('',(34.5,-30.25,1.51));
#1886 = LINE('',#1887,#1888);
#1887 = CARTESIAN_POINT('',(34.5,-30.25,1.51));
#1888 = VECTOR('',#1889,1.);
#1889 = DIRECTION('',(1.,0.,0.));
#1890 = ORIENTED_EDGE('',*,*,#1891,.F.);
#1891 = EDGE_CURVE('',#1892,#1884,#1894,.T.);
#1892 = VERTEX_POINT('',#1893);
#1893 = CARTESIAN_POINT('',(34.5,-123.25,1.51));
#1894 = LINE('',#1895,#1896);
#1895 = CARTESIAN_POINT('',(34.5,-123.25,1.51));
#1896 = VECTOR('',#1897,1.);
#1897 = DIRECTION('',(0.,1.,0.));
#1898 = ORIENTED_EDGE('',*,*,#1899,.F.);
#1899 = EDGE_CURVE('',#1900,#1892,#1902,.T.);
#1900 = VERTEX_POINT('',#1901);
#1901 = CARTESIAN_POINT('',(66.402471,-123.25,1.51));
#1902 = LINE('',#1903,#1904);
#1903 = CARTESIAN_POINT('',(66.402471,-123.25,1.51));
#1904 = VECTOR('',#1905,1.);
#1905 = DIRECTION('',(-1.,0.,0.));
#1906 = ORIENTED_EDGE('',*,*,#1907,.F.);
#1907 = EDGE_CURVE('',#1908,#1900,#1910,.T.);
#1908 = VERTEX_POINT('',#1909);
#1909 = CARTESIAN_POINT('',(138.104644,-163.903568,1.51));
#1910 = LINE('',#1911,#1912);
#1911 = CARTESIAN_POINT('',(138.104644,-163.903568,1.51));
#1912 = VECTOR('',#1913,1.);
#1913 = DIRECTION('',(-0.869905924235,0.493217683159,0.));
#1914 = ORIENTED_EDGE('',*,*,#1915,.F.);
#1915 = EDGE_CURVE('',#1916,#1908,#1918,.T.);
#1916 = VERTEX_POINT('',#1917);
#1917 = CARTESIAN_POINT('',(158.39796,-128.091837,1.51));
#1918 = LINE('',#1919,#1920);
#1919 = CARTESIAN_POINT('',(158.39796,-128.091837,1.51));
#1920 = VECTOR('',#1921,1.);
#1921 = DIRECTION('',(-0.493012604469,-0.870022167439,0.));
#1922 = ORIENTED_EDGE('',*,*,#1923,.F.);
#1923 = EDGE_CURVE('',#112,#1916,#1924,.T.);
#1924 = LINE('',#1925,#1926);
#1925 = CARTESIAN_POINT('',(117.,-104.624204,1.51));
#1926 = VECTOR('',#1927,1.);
#1927 = DIRECTION('',(0.869942953744,-0.493152367155,0.));
#1928 = ORIENTED_EDGE('',*,*,#111,.F.);
#1929 = FACE_BOUND('',#1930,.T.);
#1930 = EDGE_LOOP('',(#1931));
#1931 = ORIENTED_EDGE('',*,*,#1932,.T.);
#1932 = EDGE_CURVE('',#1933,#1933,#1935,.T.);
#1933 = VERTEX_POINT('',#1934);
#1934 = CARTESIAN_POINT('',(38.91,-111.83,1.51));
#1935 = CIRCLE('',#1936,0.95);
#1936 = AXIS2_PLACEMENT_3D('',#1937,#1938,#1939);
#1937 = CARTESIAN_POINT('',(38.91,-110.88,1.51));
#1938 = DIRECTION('',(-0.,0.,-1.));
#1939 = DIRECTION('',(-0.,-1.,0.));
#1940 = FACE_BOUND('',#1941,.T.);
#1941 = EDGE_LOOP('',(#1942));
#1942 = ORIENTED_EDGE('',*,*,#1943,.T.);
#1943 = EDGE_CURVE('',#1944,#1944,#1946,.T.);
#1944 = VERTEX_POINT('',#1945);
#1945 = CARTESIAN_POINT('',(44.41,-112.605,1.51));
#1946 = CIRCLE('',#1947,1.725);
#1947 = AXIS2_PLACEMENT_3D('',#1948,#1949,#1950);
#1948 = CARTESIAN_POINT('',(44.41,-110.88,1.51));
#1949 = DIRECTION('',(-0.,0.,-1.));
#1950 = DIRECTION('',(-0.,-1.,0.));
#1951 = FACE_BOUND('',#1952,.T.);
#1952 = EDGE_LOOP('',(#1953));
#1953 = ORIENTED_EDGE('',*,*,#1954,.T.);
#1954 = EDGE_CURVE('',#1955,#1955,#1957,.T.);
#1955 = VERTEX_POINT('',#1956);
#1956 = CARTESIAN_POINT('',(44.41,-105.58,1.51));
#1957 = CIRCLE('',#1958,0.6);
#1958 = AXIS2_PLACEMENT_3D('',#1959,#1960,#1961);
#1959 = CARTESIAN_POINT('',(44.41,-104.98,1.51));
#1960 = DIRECTION('',(-0.,0.,-1.));
#1961 = DIRECTION('',(-0.,-1.,0.));
#1962 = FACE_BOUND('',#1963,.T.);
#1963 = EDGE_LOOP('',(#1964));
#1964 = ORIENTED_EDGE('',*,*,#1965,.T.);
#1965 = EDGE_CURVE('',#1966,#1966,#1968,.T.);
#1966 = VERTEX_POINT('',#1967);
#1967 = CARTESIAN_POINT('',(49.91,-111.83,1.51));
#1968 = CIRCLE('',#1969,0.95);
#1969 = AXIS2_PLACEMENT_3D('',#1970,#1971,#1972);
#1970 = CARTESIAN_POINT('',(49.91,-110.88,1.51));
#1971 = DIRECTION('',(-0.,0.,-1.));
#1972 = DIRECTION('',(-0.,-1.,0.));
#1973 = FACE_BOUND('',#1974,.T.);
#1974 = EDGE_LOOP('',(#1975));
#1975 = ORIENTED_EDGE('',*,*,#1976,.T.);
#1976 = EDGE_CURVE('',#1977,#1977,#1979,.T.);
#1977 = VERTEX_POINT('',#1978);
#1978 = CARTESIAN_POINT('',(49.41,-107.68,1.51));
#1979 = CIRCLE('',#1980,0.6);
#1980 = AXIS2_PLACEMENT_3D('',#1981,#1982,#1983);
#1981 = CARTESIAN_POINT('',(49.41,-107.08,1.51));
#1982 = DIRECTION('',(-0.,0.,-1.));
#1983 = DIRECTION('',(-0.,-1.,0.));
#1984 = FACE_BOUND('',#1985,.T.);
#1985 = EDGE_LOOP('',(#1986));
#1986 = ORIENTED_EDGE('',*,*,#1987,.T.);
#1987 = EDGE_CURVE('',#1988,#1988,#1990,.T.);
#1988 = VERTEX_POINT('',#1989);
#1989 = CARTESIAN_POINT('',(53.71,-115.09,1.51));
#1990 = CIRCLE('',#1991,0.4);
#1991 = AXIS2_PLACEMENT_3D('',#1992,#1993,#1994);
#1992 = CARTESIAN_POINT('',(53.71,-114.69,1.51));
#1993 = DIRECTION('',(-0.,0.,-1.));
#1994 = DIRECTION('',(-0.,-1.,0.));
#1995 = FACE_BOUND('',#1996,.T.);
#1996 = EDGE_LOOP('',(#1997));
#1997 = ORIENTED_EDGE('',*,*,#1998,.T.);
#1998 = EDGE_CURVE('',#1999,#1999,#2001,.T.);
#1999 = VERTEX_POINT('',#2000);
#2000 = CARTESIAN_POINT('',(53.71,-107.47,1.51));
#2001 = CIRCLE('',#2002,0.4);
#2002 = AXIS2_PLACEMENT_3D('',#2003,#2004,#2005);
#2003 = CARTESIAN_POINT('',(53.71,-107.07,1.51));
#2004 = DIRECTION('',(-0.,0.,-1.));
#2005 = DIRECTION('',(-0.,-1.,0.));
#2006 = FACE_BOUND('',#2007,.T.);
#2007 = EDGE_LOOP('',(#2008));
#2008 = ORIENTED_EDGE('',*,*,#2009,.T.);
#2009 = EDGE_CURVE('',#2010,#2010,#2012,.T.);
#2010 = VERTEX_POINT('',#2011);
#2011 = CARTESIAN_POINT('',(38.91,-93.23,1.51));
#2012 = CIRCLE('',#2013,0.95);
#2013 = AXIS2_PLACEMENT_3D('',#2014,#2015,#2016);
#2014 = CARTESIAN_POINT('',(38.91,-92.28,1.51));
#2015 = DIRECTION('',(-0.,0.,-1.));
#2016 = DIRECTION('',(-0.,-1.,0.));
#2017 = FACE_BOUND('',#2018,.T.);
#2018 = EDGE_LOOP('',(#2019));
#2019 = ORIENTED_EDGE('',*,*,#2020,.T.);
#2020 = EDGE_CURVE('',#2021,#2021,#2023,.T.);
#2021 = VERTEX_POINT('',#2022);
#2022 = CARTESIAN_POINT('',(44.41,-94.005,1.51));
#2023 = CIRCLE('',#2024,1.725);
#2024 = AXIS2_PLACEMENT_3D('',#2025,#2026,#2027);
#2025 = CARTESIAN_POINT('',(44.41,-92.28,1.51));
#2026 = DIRECTION('',(-0.,0.,-1.));
#2027 = DIRECTION('',(-0.,-1.,0.));
#2028 = FACE_BOUND('',#2029,.T.);
#2029 = EDGE_LOOP('',(#2030));
#2030 = ORIENTED_EDGE('',*,*,#2031,.T.);
#2031 = EDGE_CURVE('',#2032,#2032,#2034,.T.);
#2032 = VERTEX_POINT('',#2033);
#2033 = CARTESIAN_POINT('',(49.91,-93.23,1.51));
#2034 = CIRCLE('',#2035,0.95);
#2035 = AXIS2_PLACEMENT_3D('',#2036,#2037,#2038);
#2036 = CARTESIAN_POINT('',(49.91,-92.28,1.51));
#2037 = DIRECTION('',(-0.,0.,-1.));
#2038 = DIRECTION('',(-0.,-1.,0.));
#2039 = FACE_BOUND('',#2040,.T.);
#2040 = EDGE_LOOP('',(#2041));
#2041 = ORIENTED_EDGE('',*,*,#2042,.T.);
#2042 = EDGE_CURVE('',#2043,#2043,#2045,.T.);
#2043 = VERTEX_POINT('',#2044);
#2044 = CARTESIAN_POINT('',(57.51,-102.53,1.51));
#2045 = CIRCLE('',#2046,0.95);
#2046 = AXIS2_PLACEMENT_3D('',#2047,#2048,#2049);
#2047 = CARTESIAN_POINT('',(57.51,-101.58,1.51));
#2048 = DIRECTION('',(-0.,0.,-1.));
#2049 = DIRECTION('',(-7.479397218527E-15,-1.,0.));
#2050 = FACE_BOUND('',#2051,.T.);
#2051 = EDGE_LOOP('',(#2052));
#2052 = ORIENTED_EDGE('',*,*,#2053,.T.);
#2053 = EDGE_CURVE('',#2054,#2054,#2056,.T.);
#2054 = VERTEX_POINT('',#2055);
#2055 = CARTESIAN_POINT('',(63.01,-103.305,1.51));
#2056 = CIRCLE('',#2057,1.725);
#2057 = AXIS2_PLACEMENT_3D('',#2058,#2059,#2060);
#2058 = CARTESIAN_POINT('',(63.01,-101.58,1.51));
#2059 = DIRECTION('',(-0.,0.,-1.));
#2060 = DIRECTION('',(-0.,-1.,0.));
#2061 = FACE_BOUND('',#2062,.T.);
#2062 = EDGE_LOOP('',(#2063));
#2063 = ORIENTED_EDGE('',*,*,#2064,.T.);
#2064 = EDGE_CURVE('',#2065,#2065,#2067,.T.);
#2065 = VERTEX_POINT('',#2066);
#2066 = CARTESIAN_POINT('',(53.71,-96.49,1.51));
#2067 = CIRCLE('',#2068,0.4);
#2068 = AXIS2_PLACEMENT_3D('',#2069,#2070,#2071);
#2069 = CARTESIAN_POINT('',(53.71,-96.09,1.51));
#2070 = DIRECTION('',(-0.,0.,-1.));
#2071 = DIRECTION('',(-0.,-1.,0.));
#2072 = FACE_BOUND('',#2073,.T.);
#2073 = EDGE_LOOP('',(#2074));
#2074 = ORIENTED_EDGE('',*,*,#2075,.T.);
#2075 = EDGE_CURVE('',#2076,#2076,#2078,.T.);
#2076 = VERTEX_POINT('',#2077);
#2077 = CARTESIAN_POINT('',(63.01,-96.28,1.51));
#2078 = CIRCLE('',#2079,0.6);
#2079 = AXIS2_PLACEMENT_3D('',#2080,#2081,#2082);
#2080 = CARTESIAN_POINT('',(63.01,-95.68,1.51));
#2081 = DIRECTION('',(-0.,0.,-1.));
#2082 = DIRECTION('',(-0.,-1.,0.));
#2083 = FACE_BOUND('',#2084,.T.);
#2084 = EDGE_LOOP('',(#2085));
#2085 = ORIENTED_EDGE('',*,*,#2086,.T.);
#2086 = EDGE_CURVE('',#2087,#2087,#2089,.T.);
#2087 = VERTEX_POINT('',#2088);
#2088 = CARTESIAN_POINT('',(72.31,-105.79,1.51));
#2089 = CIRCLE('',#2090,0.4);
#2090 = AXIS2_PLACEMENT_3D('',#2091,#2092,#2093);
#2091 = CARTESIAN_POINT('',(72.31,-105.39,1.51));
#2092 = DIRECTION('',(-0.,0.,-1.));
#2093 = DIRECTION('',(-0.,-1.,0.));
#2094 = FACE_BOUND('',#2095,.T.);
#2095 = EDGE_LOOP('',(#2096));
#2096 = ORIENTED_EDGE('',*,*,#2097,.T.);
#2097 = EDGE_CURVE('',#2098,#2098,#2100,.T.);
#2098 = VERTEX_POINT('',#2099);
#2099 = CARTESIAN_POINT('',(68.51,-102.53,1.51));
#2100 = CIRCLE('',#2101,0.95);
#2101 = AXIS2_PLACEMENT_3D('',#2102,#2103,#2104);
#2102 = CARTESIAN_POINT('',(68.51,-101.58,1.51));
#2103 = DIRECTION('',(-0.,0.,-1.));
#2104 = DIRECTION('',(1.495879443705E-14,-1.,-0.));
#2105 = FACE_BOUND('',#2106,.T.);
#2106 = EDGE_LOOP('',(#2107));
#2107 = ORIENTED_EDGE('',*,*,#2108,.T.);
#2108 = EDGE_CURVE('',#2109,#2109,#2111,.T.);
#2109 = VERTEX_POINT('',#2110);
#2110 = CARTESIAN_POINT('',(68.01,-98.38,1.51));
#2111 = CIRCLE('',#2112,0.6);
#2112 = AXIS2_PLACEMENT_3D('',#2113,#2114,#2115);
#2113 = CARTESIAN_POINT('',(68.01,-97.78,1.51));
#2114 = DIRECTION('',(-0.,0.,-1.));
#2115 = DIRECTION('',(2.368475785867E-14,-1.,-0.));
#2116 = FACE_BOUND('',#2117,.T.);
#2117 = EDGE_LOOP('',(#2118));
#2118 = ORIENTED_EDGE('',*,*,#2119,.T.);
#2119 = EDGE_CURVE('',#2120,#2120,#2122,.T.);
#2120 = VERTEX_POINT('',#2121);
#2121 = CARTESIAN_POINT('',(72.31,-98.17,1.51));
#2122 = CIRCLE('',#2123,0.4);
#2123 = AXIS2_PLACEMENT_3D('',#2124,#2125,#2126);
#2124 = CARTESIAN_POINT('',(72.31,-97.77,1.51));
#2125 = DIRECTION('',(-0.,0.,-1.));
#2126 = DIRECTION('',(-0.,-1.,0.));
#2127 = FACE_BOUND('',#2128,.T.);
#2128 = EDGE_LOOP('',(#2129));
#2129 = ORIENTED_EDGE('',*,*,#2130,.T.);
#2130 = EDGE_CURVE('',#2131,#2131,#2133,.T.);
#2131 = VERTEX_POINT('',#2132);
#2132 = CARTESIAN_POINT('',(76.11,-97.53,1.51));
#2133 = CIRCLE('',#2134,0.95);
#2134 = AXIS2_PLACEMENT_3D('',#2135,#2136,#2137);
#2135 = CARTESIAN_POINT('',(76.11,-96.58,1.51));
#2136 = DIRECTION('',(-0.,0.,-1.));
#2137 = DIRECTION('',(-0.,-1.,0.));
#2138 = FACE_BOUND('',#2139,.T.);
#2139 = EDGE_LOOP('',(#2140));
#2140 = ORIENTED_EDGE('',*,*,#2141,.T.);
#2141 = EDGE_CURVE('',#2142,#2142,#2144,.T.);
#2142 = VERTEX_POINT('',#2143);
#2143 = CARTESIAN_POINT('',(90.91,-100.79,1.51));
#2144 = CIRCLE('',#2145,0.4);
#2145 = AXIS2_PLACEMENT_3D('',#2146,#2147,#2148);
#2146 = CARTESIAN_POINT('',(90.91,-100.39,1.51));
#2147 = DIRECTION('',(-0.,0.,-1.));
#2148 = DIRECTION('',(-0.,-1.,0.));
#2149 = FACE_BOUND('',#2150,.T.);
#2150 = EDGE_LOOP('',(#2151));
#2151 = ORIENTED_EDGE('',*,*,#2152,.T.);
#2152 = EDGE_CURVE('',#2153,#2153,#2155,.T.);
#2153 = VERTEX_POINT('',#2154);
#2154 = CARTESIAN_POINT('',(81.61,-98.305,1.51));
#2155 = CIRCLE('',#2156,1.725);
#2156 = AXIS2_PLACEMENT_3D('',#2157,#2158,#2159);
#2157 = CARTESIAN_POINT('',(81.61,-96.58,1.51));
#2158 = DIRECTION('',(-0.,0.,-1.));
#2159 = DIRECTION('',(-0.,-1.,0.));
#2160 = FACE_BOUND('',#2161,.T.);
#2161 = EDGE_LOOP('',(#2162));
#2162 = ORIENTED_EDGE('',*,*,#2163,.T.);
#2163 = EDGE_CURVE('',#2164,#2164,#2166,.T.);
#2164 = VERTEX_POINT('',#2165);
#2165 = CARTESIAN_POINT('',(81.61,-91.28,1.51));
#2166 = CIRCLE('',#2167,0.6);
#2167 = AXIS2_PLACEMENT_3D('',#2168,#2169,#2170);
#2168 = CARTESIAN_POINT('',(81.61,-90.68,1.51));
#2169 = DIRECTION('',(-0.,0.,-1.));
#2170 = DIRECTION('',(-0.,-1.,0.));
#2171 = FACE_BOUND('',#2172,.T.);
#2172 = EDGE_LOOP('',(#2173));
#2173 = ORIENTED_EDGE('',*,*,#2174,.T.);
#2174 = EDGE_CURVE('',#2175,#2175,#2177,.T.);
#2175 = VERTEX_POINT('',#2176);
#2176 = CARTESIAN_POINT('',(87.11,-97.53,1.51));
#2177 = CIRCLE('',#2178,0.95);
#2178 = AXIS2_PLACEMENT_3D('',#2179,#2180,#2181);
#2179 = CARTESIAN_POINT('',(87.11,-96.58,1.51));
#2180 = DIRECTION('',(-0.,0.,-1.));
#2181 = DIRECTION('',(-0.,-1.,0.));
#2182 = FACE_BOUND('',#2183,.T.);
#2183 = EDGE_LOOP('',(#2184));
#2184 = ORIENTED_EDGE('',*,*,#2185,.T.);
#2185 = EDGE_CURVE('',#2186,#2186,#2188,.T.);
#2186 = VERTEX_POINT('',#2187);
#2187 = CARTESIAN_POINT('',(86.61,-93.38,1.51));
#2188 = CIRCLE('',#2189,0.6);
#2189 = AXIS2_PLACEMENT_3D('',#2190,#2191,#2192);
#2190 = CARTESIAN_POINT('',(86.61,-92.78,1.51));
#2191 = DIRECTION('',(-0.,0.,-1.));
#2192 = DIRECTION('',(-0.,-1.,0.));
#2193 = FACE_BOUND('',#2194,.T.);
#2194 = EDGE_LOOP('',(#2195));
#2195 = ORIENTED_EDGE('',*,*,#2196,.T.);
#2196 = EDGE_CURVE('',#2197,#2197,#2199,.T.);
#2197 = VERTEX_POINT('',#2198);
#2198 = CARTESIAN_POINT('',(90.91,-93.17,1.51));
#2199 = CIRCLE('',#2200,0.4);
#2200 = AXIS2_PLACEMENT_3D('',#2201,#2202,#2203);
#2201 = CARTESIAN_POINT('',(90.91,-92.77,1.51));
#2202 = DIRECTION('',(-0.,0.,-1.));
#2203 = DIRECTION('',(-0.,-1.,0.));
#2204 = FACE_BOUND('',#2205,.T.);
#2205 = EDGE_LOOP('',(#2206));
#2206 = ORIENTED_EDGE('',*,*,#2207,.T.);
#2207 = EDGE_CURVE('',#2208,#2208,#2210,.T.);
#2208 = VERTEX_POINT('',#2209);
#2209 = CARTESIAN_POINT('',(112.24686,-136.98,1.51));
#2210 = CIRCLE('',#2211,0.95);
#2211 = AXIS2_PLACEMENT_3D('',#2212,#2213,#2214);
#2212 = CARTESIAN_POINT('',(112.24686,-136.03,1.51));
#2213 = DIRECTION('',(-0.,0.,-1.));
#2214 = DIRECTION('',(-0.,-1.,0.));
#2215 = FACE_BOUND('',#2216,.T.);
#2216 = EDGE_LOOP('',(#2217));
#2217 = ORIENTED_EDGE('',*,*,#2218,.T.);
#2218 = EDGE_CURVE('',#2219,#2219,#2221,.T.);
#2219 = VERTEX_POINT('',#2220);
#2220 = CARTESIAN_POINT('',(117.01,-140.505,1.51));
#2221 = CIRCLE('',#2222,1.725);
#2222 = AXIS2_PLACEMENT_3D('',#2223,#2224,#2225);
#2223 = CARTESIAN_POINT('',(117.01,-138.78,1.51));
#2224 = DIRECTION('',(-0.,0.,-1.));
#2225 = DIRECTION('',(8.238176646494E-15,-1.,-0.));
#2226 = FACE_BOUND('',#2227,.T.);
#2227 = EDGE_LOOP('',(#2228));
#2228 = ORIENTED_EDGE('',*,*,#2229,.T.);
#2229 = EDGE_CURVE('',#2230,#2230,#2232,.T.);
#2230 = VERTEX_POINT('',#2231);
#2231 = CARTESIAN_POINT('',(119.96,-134.27045,1.51));
#2232 = CIRCLE('',#2233,0.6);
#2233 = AXIS2_PLACEMENT_3D('',#2234,#2235,#2236);
#2234 = CARTESIAN_POINT('',(119.96,-133.67045,1.51));
#2235 = DIRECTION('',(-0.,0.,-1.));
#2236 = DIRECTION('',(-2.368475785867E-14,-1.,0.));
#2237 = FACE_BOUND('',#2238,.T.);
#2238 = EDGE_LOOP('',(#2239));
#2239 = ORIENTED_EDGE('',*,*,#2240,.T.);
#2240 = EDGE_CURVE('',#2241,#2241,#2243,.T.);
#2241 = VERTEX_POINT('',#2242);
#2242 = CARTESIAN_POINT('',(121.77314,-142.48,1.51));
#2243 = CIRCLE('',#2244,0.95);
#2244 = AXIS2_PLACEMENT_3D('',#2245,#2246,#2247);
#2245 = CARTESIAN_POINT('',(121.77314,-141.53,1.51));
#2246 = DIRECTION('',(-0.,0.,-1.));
#2247 = DIRECTION('',(-0.,-1.,0.));
#2248 = FACE_BOUND('',#2249,.T.);
#2249 = EDGE_LOOP('',(#2250));
#2250 = ORIENTED_EDGE('',*,*,#2251,.T.);
#2251 = EDGE_CURVE('',#2252,#2252,#2254,.T.);
#2252 = VERTEX_POINT('',#2253);
#2253 = CARTESIAN_POINT('',(125.145,-143.759558,1.51));
#2254 = CIRCLE('',#2255,0.4);
#2255 = AXIS2_PLACEMENT_3D('',#2256,#2257,#2258);
#2256 = CARTESIAN_POINT('',(125.145,-143.359558,1.51));
#2257 = DIRECTION('',(-0.,0.,-1.));
#2258 = DIRECTION('',(-3.5527136788E-14,-1.,0.));
#2259 = FACE_BOUND('',#2260,.T.);
#2260 = EDGE_LOOP('',(#2261));
#2261 = ORIENTED_EDGE('',*,*,#2262,.T.);
#2262 = EDGE_CURVE('',#2263,#2263,#2265,.T.);
#2263 = VERTEX_POINT('',#2264);
#2264 = CARTESIAN_POINT('',(123.240127,-138.589103,1.51));
#2265 = CIRCLE('',#2266,0.6);
#2266 = AXIS2_PLACEMENT_3D('',#2267,#2268,#2269);
#2267 = CARTESIAN_POINT('',(123.240127,-137.989103,1.51));
#2268 = DIRECTION('',(-0.,0.,-1.));
#2269 = DIRECTION('',(-0.,-1.,0.));
#2270 = FACE_BOUND('',#2271,.T.);
#2271 = EDGE_LOOP('',(#2272));
#2272 = ORIENTED_EDGE('',*,*,#2273,.T.);
#2273 = EDGE_CURVE('',#2274,#2274,#2276,.T.);
#2274 = VERTEX_POINT('',#2275);
#2275 = CARTESIAN_POINT('',(128.955,-137.160444,1.51));
#2276 = CIRCLE('',#2277,0.4);
#2277 = AXIS2_PLACEMENT_3D('',#2278,#2279,#2280);
#2278 = CARTESIAN_POINT('',(128.955,-136.760444,1.51));
#2279 = DIRECTION('',(-0.,0.,-1.));
#2280 = DIRECTION('',(7.1054273576E-14,-1.,-0.));
#2281 = FACE_BOUND('',#2282,.T.);
#2282 = EDGE_LOOP('',(#2283));
#2283 = ORIENTED_EDGE('',*,*,#2284,.T.);
#2284 = EDGE_CURVE('',#2285,#2285,#2287,.T.);
#2285 = VERTEX_POINT('',#2286);
#2286 = CARTESIAN_POINT('',(130.295,-134.699557,1.51));
#2287 = CIRCLE('',#2288,0.4);
#2288 = AXIS2_PLACEMENT_3D('',#2289,#2290,#2291);
#2289 = CARTESIAN_POINT('',(130.295,-134.299557,1.51));
#2290 = DIRECTION('',(-0.,0.,-1.));
#2291 = DIRECTION('',(-7.105427357601E-14,-1.,0.));
#2292 = FACE_BOUND('',#2293,.T.);
#2293 = EDGE_LOOP('',(#2294));
#2294 = ORIENTED_EDGE('',*,*,#2295,.T.);
#2295 = EDGE_CURVE('',#2296,#2296,#2298,.T.);
#2296 = VERTEX_POINT('',#2297);
#2297 = CARTESIAN_POINT('',(133.004933,-138.225964,1.51));
#2298 = CIRCLE('',#2299,0.95);
#2299 = AXIS2_PLACEMENT_3D('',#2300,#2301,#2302);
#2300 = CARTESIAN_POINT('',(133.004933,-137.275964,1.51));
#2301 = DIRECTION('',(-0.,0.,-1.));
#2302 = DIRECTION('',(-0.,-1.,0.));
#2303 = FACE_BOUND('',#2304,.T.);
#2304 = EDGE_LOOP('',(#2305));
#2305 = ORIENTED_EDGE('',*,*,#2306,.T.);
#2306 = EDGE_CURVE('',#2307,#2307,#2309,.T.);
#2307 = VERTEX_POINT('',#2308);
#2308 = CARTESIAN_POINT('',(144.025,-148.179557,1.51));
#2309 = CIRCLE('',#2310,0.4);
#2310 = AXIS2_PLACEMENT_3D('',#2311,#2312,#2313);
#2311 = CARTESIAN_POINT('',(144.025,-147.779557,1.51));
#2312 = DIRECTION('',(-0.,0.,-1.));
#2313 = DIRECTION('',(-0.,-1.,0.));
#2314 = FACE_BOUND('',#2315,.T.);
#2315 = EDGE_LOOP('',(#2316));
#2316 = ORIENTED_EDGE('',*,*,#2317,.T.);
#2317 = EDGE_CURVE('',#2318,#2318,#2320,.T.);
#2318 = VERTEX_POINT('',#2319);
#2319 = CARTESIAN_POINT('',(142.531213,-143.725964,1.51));
#2320 = CIRCLE('',#2321,0.95);
#2321 = AXIS2_PLACEMENT_3D('',#2322,#2323,#2324);
#2322 = CARTESIAN_POINT('',(142.531213,-142.775964,1.51));
#2323 = DIRECTION('',(-0.,0.,-1.));
#2324 = DIRECTION('',(2.991758887411E-14,-1.,-0.));
#2325 = FACE_BOUND('',#2326,.T.);
#2326 = EDGE_LOOP('',(#2327));
#2327 = ORIENTED_EDGE('',*,*,#2328,.T.);
#2328 = EDGE_CURVE('',#2329,#2329,#2331,.T.);
#2329 = VERTEX_POINT('',#2330);
#2330 = CARTESIAN_POINT('',(147.835,-141.580443,1.51));
#2331 = CIRCLE('',#2332,0.4);
#2332 = AXIS2_PLACEMENT_3D('',#2333,#2334,#2335);
#2333 = CARTESIAN_POINT('',(147.835,-141.180443,1.51));
#2334 = DIRECTION('',(-0.,0.,-1.));
#2335 = DIRECTION('',(-0.,-1.,0.));
#2336 = FACE_BOUND('',#2337,.T.);
#2337 = EDGE_LOOP('',(#2338));
#2338 = ORIENTED_EDGE('',*,*,#2339,.T.);
#2339 = EDGE_CURVE('',#2340,#2340,#2342,.T.);
#2340 = VERTEX_POINT('',#2341);
#2341 = CARTESIAN_POINT('',(137.768073,-141.750964,1.51));
#2342 = CIRCLE('',#2343,1.725);
#2343 = AXIS2_PLACEMENT_3D('',#2344,#2345,#2346);
#2344 = CARTESIAN_POINT('',(137.768073,-140.025964,1.51));
#2345 = DIRECTION('',(-0.,0.,-1.));
#2346 = DIRECTION('',(-1.647635329299E-14,-1.,0.));
#2347 = FACE_BOUND('',#2348,.T.);
#2348 = EDGE_LOOP('',(#2349));
#2349 = ORIENTED_EDGE('',*,*,#2350,.T.);
#2350 = EDGE_CURVE('',#2351,#2351,#2353,.T.);
#2351 = VERTEX_POINT('',#2352);
#2352 = CARTESIAN_POINT('',(140.718073,-135.516414,1.51));
#2353 = CIRCLE('',#2354,0.6);
#2354 = AXIS2_PLACEMENT_3D('',#2355,#2356,#2357);
#2355 = CARTESIAN_POINT('',(140.718073,-134.916414,1.51));
#2356 = DIRECTION('',(-0.,0.,-1.));
#2357 = DIRECTION('',(-0.,-1.,0.));
#2358 = FACE_BOUND('',#2359,.T.);
#2359 = EDGE_LOOP('',(#2360));
#2360 = ORIENTED_EDGE('',*,*,#2361,.T.);
#2361 = EDGE_CURVE('',#2362,#2362,#2364,.T.);
#2362 = VERTEX_POINT('',#2363);
#2363 = CARTESIAN_POINT('',(143.9982,-139.835067,1.51));
#2364 = CIRCLE('',#2365,0.6);
#2365 = AXIS2_PLACEMENT_3D('',#2366,#2367,#2368);
#2366 = CARTESIAN_POINT('',(143.9982,-139.235067,1.51));
#2367 = DIRECTION('',(-0.,0.,-1.));
#2368 = DIRECTION('',(-0.,-1.,0.));
#2369 = FACE_BOUND('',#2370,.T.);
#2370 = EDGE_LOOP('',(#2371));
#2371 = ORIENTED_EDGE('',*,*,#2372,.T.);
#2372 = EDGE_CURVE('',#2373,#2373,#2375,.T.);
#2373 = VERTEX_POINT('',#2374);
#2374 = CARTESIAN_POINT('',(134.105,-128.100443,1.51));
#2375 = CIRCLE('',#2376,0.4);
#2376 = AXIS2_PLACEMENT_3D('',#2377,#2378,#2379);
#2377 = CARTESIAN_POINT('',(134.105,-127.700443,1.51));
#2378 = DIRECTION('',(-0.,0.,-1.));
#2379 = DIRECTION('',(-7.105427357601E-14,-1.,0.));
#2380 = FACE_BOUND('',#2381,.T.);
#2381 = EDGE_LOOP('',(#2382));
#2382 = ORIENTED_EDGE('',*,*,#2383,.T.);
#2383 = EDGE_CURVE('',#2384,#2384,#2386,.T.);
#2384 = VERTEX_POINT('',#2385);
#2385 = CARTESIAN_POINT('',(121.54686,-120.871927,1.51));
#2386 = CIRCLE('',#2387,0.95);
#2387 = AXIS2_PLACEMENT_3D('',#2388,#2389,#2390);
#2388 = CARTESIAN_POINT('',(121.54686,-119.921927,1.51));
#2389 = DIRECTION('',(-0.,0.,-1.));
#2390 = DIRECTION('',(-1.495879443705E-14,-1.,0.));
#2391 = FACE_BOUND('',#2392,.T.);
#2392 = EDGE_LOOP('',(#2393));
#2393 = ORIENTED_EDGE('',*,*,#2394,.T.);
#2394 = EDGE_CURVE('',#2395,#2395,#2397,.T.);
#2395 = VERTEX_POINT('',#2396);
#2396 = CARTESIAN_POINT('',(126.31,-124.396927,1.51));
#2397 = CIRCLE('',#2398,1.725);
#2398 = AXIS2_PLACEMENT_3D('',#2399,#2400,#2401);
#2399 = CARTESIAN_POINT('',(126.31,-122.671927,1.51));
#2400 = DIRECTION('',(-0.,0.,-1.));
#2401 = DIRECTION('',(-0.,-1.,0.));
#2402 = FACE_BOUND('',#2403,.T.);
#2403 = EDGE_LOOP('',(#2404));
#2404 = ORIENTED_EDGE('',*,*,#2405,.T.);
#2405 = EDGE_CURVE('',#2406,#2406,#2408,.T.);
#2406 = VERTEX_POINT('',#2407);
#2407 = CARTESIAN_POINT('',(131.07314,-126.371927,1.51));
#2408 = CIRCLE('',#2409,0.95);
#2409 = AXIS2_PLACEMENT_3D('',#2410,#2411,#2412);
#2410 = CARTESIAN_POINT('',(131.07314,-125.421927,1.51));
#2411 = DIRECTION('',(-0.,0.,-1.));
#2412 = DIRECTION('',(-2.991758887411E-14,-1.,0.));
#2413 = FACE_BOUND('',#2414,.T.);
#2414 = EDGE_LOOP('',(#2415));
#2415 = ORIENTED_EDGE('',*,*,#2416,.T.);
#2416 = EDGE_CURVE('',#2417,#2417,#2419,.T.);
#2417 = VERTEX_POINT('',#2418);
#2418 = CARTESIAN_POINT('',(132.540127,-122.48103,1.51));
#2419 = CIRCLE('',#2420,0.6);
#2420 = AXIS2_PLACEMENT_3D('',#2421,#2422,#2423);
#2421 = CARTESIAN_POINT('',(132.540127,-121.88103,1.51));
#2422 = DIRECTION('',(-0.,0.,-1.));
#2423 = DIRECTION('',(4.736951571734E-14,-1.,-0.));
#2424 = FACE_BOUND('',#2425,.T.);
#2425 = EDGE_LOOP('',(#2426));
#2426 = ORIENTED_EDGE('',*,*,#2427,.T.);
#2427 = EDGE_CURVE('',#2428,#2428,#2430,.T.);
#2428 = VERTEX_POINT('',#2429);
#2429 = CARTESIAN_POINT('',(129.26,-118.162377,1.51));
#2430 = CIRCLE('',#2431,0.6);
#2431 = AXIS2_PLACEMENT_3D('',#2432,#2433,#2434);
#2432 = CARTESIAN_POINT('',(129.26,-117.562377,1.51));
#2433 = DIRECTION('',(-0.,0.,-1.));
#2434 = DIRECTION('',(-0.,-1.,0.));
#2435 = FACE_BOUND('',#2436,.T.);
#2436 = EDGE_LOOP('',(#2437));
#2437 = ORIENTED_EDGE('',*,*,#2438,.T.);
#2438 = EDGE_CURVE('',#2439,#2439,#2441,.T.);
#2439 = VERTEX_POINT('',#2440);
#2440 = CARTESIAN_POINT('',(44.41,-86.98,1.51));
#2441 = CIRCLE('',#2442,0.6);
#2442 = AXIS2_PLACEMENT_3D('',#2443,#2444,#2445);
#2443 = CARTESIAN_POINT('',(44.41,-86.38,1.51));
#2444 = DIRECTION('',(-0.,0.,-1.));
#2445 = DIRECTION('',(-0.,-1.,0.));
#2446 = FACE_BOUND('',#2447,.T.);
#2447 = EDGE_LOOP('',(#2448));
#2448 = ORIENTED_EDGE('',*,*,#2449,.T.);
#2449 = EDGE_CURVE('',#2450,#2450,#2452,.T.);
#2450 = VERTEX_POINT('',#2451);
#2451 = CARTESIAN_POINT('',(49.41,-89.08,1.51));
#2452 = CIRCLE('',#2453,0.6);
#2453 = AXIS2_PLACEMENT_3D('',#2454,#2455,#2456);
#2454 = CARTESIAN_POINT('',(49.41,-88.48,1.51));
#2455 = DIRECTION('',(-0.,0.,-1.));
#2456 = DIRECTION('',(-0.,-1.,0.));
#2457 = FACE_BOUND('',#2458,.T.);
#2458 = EDGE_LOOP('',(#2459));
#2459 = ORIENTED_EDGE('',*,*,#2460,.T.);
#2460 = EDGE_CURVE('',#2461,#2461,#2463,.T.);
#2461 = VERTEX_POINT('',#2462);
#2462 = CARTESIAN_POINT('',(53.71,-88.87,1.51));
#2463 = CIRCLE('',#2464,0.4);
#2464 = AXIS2_PLACEMENT_3D('',#2465,#2466,#2467);
#2465 = CARTESIAN_POINT('',(53.71,-88.47,1.51));
#2466 = DIRECTION('',(-0.,0.,-1.));
#2467 = DIRECTION('',(-0.,-1.,0.));
#2468 = FACE_BOUND('',#2469,.T.);
#2469 = EDGE_LOOP('',(#2470));
#2470 = ORIENTED_EDGE('',*,*,#2471,.T.);
#2471 = EDGE_CURVE('',#2472,#2472,#2474,.T.);
#2472 = VERTEX_POINT('',#2473);
#2473 = CARTESIAN_POINT('',(57.51,-83.93,1.51));
#2474 = CIRCLE('',#2475,0.95);
#2475 = AXIS2_PLACEMENT_3D('',#2476,#2477,#2478);
#2476 = CARTESIAN_POINT('',(57.51,-82.98,1.51));
#2477 = DIRECTION('',(-0.,0.,-1.));
#2478 = DIRECTION('',(-7.479397218527E-15,-1.,0.));
#2479 = FACE_BOUND('',#2480,.T.);
#2480 = EDGE_LOOP('',(#2481));
#2481 = ORIENTED_EDGE('',*,*,#2482,.T.);
#2482 = EDGE_CURVE('',#2483,#2483,#2485,.T.);
#2483 = VERTEX_POINT('',#2484);
#2484 = CARTESIAN_POINT('',(53.68,-77.88,1.51));
#2485 = CIRCLE('',#2486,0.4);
#2486 = AXIS2_PLACEMENT_3D('',#2487,#2488,#2489);
#2487 = CARTESIAN_POINT('',(53.68,-77.48,1.51));
#2488 = DIRECTION('',(-0.,0.,-1.));
#2489 = DIRECTION('',(-0.,-1.,0.));
#2490 = FACE_BOUND('',#2491,.T.);
#2491 = EDGE_LOOP('',(#2492));
#2492 = ORIENTED_EDGE('',*,*,#2493,.T.);
#2493 = EDGE_CURVE('',#2494,#2494,#2496,.T.);
#2494 = VERTEX_POINT('',#2495);
#2495 = CARTESIAN_POINT('',(63.01,-84.705,1.51));
#2496 = CIRCLE('',#2497,1.725);
#2497 = AXIS2_PLACEMENT_3D('',#2498,#2499,#2500);
#2498 = CARTESIAN_POINT('',(63.01,-82.98,1.51));
#2499 = DIRECTION('',(-0.,0.,-1.));
#2500 = DIRECTION('',(-0.,-1.,0.));
#2501 = FACE_BOUND('',#2502,.T.);
#2502 = EDGE_LOOP('',(#2503));
#2503 = ORIENTED_EDGE('',*,*,#2504,.T.);
#2504 = EDGE_CURVE('',#2505,#2505,#2507,.T.);
#2505 = VERTEX_POINT('',#2506);
#2506 = CARTESIAN_POINT('',(63.01,-77.68,1.51));
#2507 = CIRCLE('',#2508,0.6);
#2508 = AXIS2_PLACEMENT_3D('',#2509,#2510,#2511);
#2509 = CARTESIAN_POINT('',(63.01,-77.08,1.51));
#2510 = DIRECTION('',(-0.,0.,-1.));
#2511 = DIRECTION('',(-0.,-1.,0.));
#2512 = FACE_BOUND('',#2513,.T.);
#2513 = EDGE_LOOP('',(#2514));
#2514 = ORIENTED_EDGE('',*,*,#2515,.T.);
#2515 = EDGE_CURVE('',#2516,#2516,#2518,.T.);
#2516 = VERTEX_POINT('',#2517);
#2517 = CARTESIAN_POINT('',(38.91,-74.63,1.51));
#2518 = CIRCLE('',#2519,0.95);
#2519 = AXIS2_PLACEMENT_3D('',#2520,#2521,#2522);
#2520 = CARTESIAN_POINT('',(38.91,-73.68,1.51));
#2521 = DIRECTION('',(-0.,0.,-1.));
#2522 = DIRECTION('',(-0.,-1.,0.));
#2523 = FACE_BOUND('',#2524,.T.);
#2524 = EDGE_LOOP('',(#2525));
#2525 = ORIENTED_EDGE('',*,*,#2526,.T.);
#2526 = EDGE_CURVE('',#2527,#2527,#2529,.T.);
#2527 = VERTEX_POINT('',#2528);
#2528 = CARTESIAN_POINT('',(44.41,-75.405,1.51));
#2529 = CIRCLE('',#2530,1.725);
#2530 = AXIS2_PLACEMENT_3D('',#2531,#2532,#2533);
#2531 = CARTESIAN_POINT('',(44.41,-73.68,1.51));
#2532 = DIRECTION('',(-0.,0.,-1.));
#2533 = DIRECTION('',(-0.,-1.,0.));
#2534 = FACE_BOUND('',#2535,.T.);
#2535 = EDGE_LOOP('',(#2536));
#2536 = ORIENTED_EDGE('',*,*,#2537,.T.);
#2537 = EDGE_CURVE('',#2538,#2538,#2540,.T.);
#2538 = VERTEX_POINT('',#2539);
#2539 = CARTESIAN_POINT('',(49.91,-74.63,1.51));
#2540 = CIRCLE('',#2541,0.95);
#2541 = AXIS2_PLACEMENT_3D('',#2542,#2543,#2544);
#2542 = CARTESIAN_POINT('',(49.91,-73.68,1.51));
#2543 = DIRECTION('',(-0.,0.,-1.));
#2544 = DIRECTION('',(-0.,-1.,0.));
#2545 = FACE_BOUND('',#2546,.T.);
#2546 = EDGE_LOOP('',(#2547));
#2547 = ORIENTED_EDGE('',*,*,#2548,.T.);
#2548 = EDGE_CURVE('',#2549,#2549,#2551,.T.);
#2549 = VERTEX_POINT('',#2550);
#2550 = CARTESIAN_POINT('',(49.41,-70.48,1.51));
#2551 = CIRCLE('',#2552,0.6);
#2552 = AXIS2_PLACEMENT_3D('',#2553,#2554,#2555);
#2553 = CARTESIAN_POINT('',(49.41,-69.88,1.51));
#2554 = DIRECTION('',(-0.,0.,-1.));
#2555 = DIRECTION('',(-0.,-1.,0.));
#2556 = FACE_BOUND('',#2557,.T.);
#2557 = EDGE_LOOP('',(#2558));
#2558 = ORIENTED_EDGE('',*,*,#2559,.T.);
#2559 = EDGE_CURVE('',#2560,#2560,#2562,.T.);
#2560 = VERTEX_POINT('',#2561);
#2561 = CARTESIAN_POINT('',(44.41,-68.38,1.51));
#2562 = CIRCLE('',#2563,0.6);
#2563 = AXIS2_PLACEMENT_3D('',#2564,#2565,#2566);
#2564 = CARTESIAN_POINT('',(44.41,-67.78,1.51));
#2565 = DIRECTION('',(-0.,0.,-1.));
#2566 = DIRECTION('',(-0.,-1.,0.));
#2567 = FACE_BOUND('',#2568,.T.);
#2568 = EDGE_LOOP('',(#2569));
#2569 = ORIENTED_EDGE('',*,*,#2570,.T.);
#2570 = EDGE_CURVE('',#2571,#2571,#2573,.T.);
#2571 = VERTEX_POINT('',#2572);
#2572 = CARTESIAN_POINT('',(53.68,-70.26,1.51));
#2573 = CIRCLE('',#2574,0.4);
#2574 = AXIS2_PLACEMENT_3D('',#2575,#2576,#2577);
#2575 = CARTESIAN_POINT('',(53.68,-69.86,1.51));
#2576 = DIRECTION('',(-0.,0.,-1.));
#2577 = DIRECTION('',(-0.,-1.,0.));
#2578 = FACE_BOUND('',#2579,.T.);
#2579 = EDGE_LOOP('',(#2580));
#2580 = ORIENTED_EDGE('',*,*,#2581,.T.);
#2581 = EDGE_CURVE('',#2582,#2582,#2584,.T.);
#2582 = VERTEX_POINT('',#2583);
#2583 = CARTESIAN_POINT('',(57.51,-65.33,1.51));
#2584 = CIRCLE('',#2585,0.95);
#2585 = AXIS2_PLACEMENT_3D('',#2586,#2587,#2588);
#2586 = CARTESIAN_POINT('',(57.51,-64.38,1.51));
#2587 = DIRECTION('',(-0.,0.,-1.));
#2588 = DIRECTION('',(-7.479397218527E-15,-1.,0.));
#2589 = FACE_BOUND('',#2590,.T.);
#2590 = EDGE_LOOP('',(#2591));
#2591 = ORIENTED_EDGE('',*,*,#2592,.T.);
#2592 = EDGE_CURVE('',#2593,#2593,#2595,.T.);
#2593 = VERTEX_POINT('',#2594);
#2594 = CARTESIAN_POINT('',(63.01,-66.105,1.51));
#2595 = CIRCLE('',#2596,1.725);
#2596 = AXIS2_PLACEMENT_3D('',#2597,#2598,#2599);
#2597 = CARTESIAN_POINT('',(63.01,-64.38,1.51));
#2598 = DIRECTION('',(-0.,0.,-1.));
#2599 = DIRECTION('',(-0.,-1.,0.));
#2600 = FACE_BOUND('',#2601,.T.);
#2601 = EDGE_LOOP('',(#2602));
#2602 = ORIENTED_EDGE('',*,*,#2603,.T.);
#2603 = EDGE_CURVE('',#2604,#2604,#2606,.T.);
#2604 = VERTEX_POINT('',#2605);
#2605 = CARTESIAN_POINT('',(72.31,-87.19,1.51));
#2606 = CIRCLE('',#2607,0.4);
#2607 = AXIS2_PLACEMENT_3D('',#2608,#2609,#2610);
#2608 = CARTESIAN_POINT('',(72.31,-86.79,1.51));
#2609 = DIRECTION('',(-0.,0.,-1.));
#2610 = DIRECTION('',(-0.,-1.,0.));
#2611 = FACE_BOUND('',#2612,.T.);
#2612 = EDGE_LOOP('',(#2613));
#2613 = ORIENTED_EDGE('',*,*,#2614,.T.);
#2614 = EDGE_CURVE('',#2615,#2615,#2617,.T.);
#2615 = VERTEX_POINT('',#2616);
#2616 = CARTESIAN_POINT('',(68.51,-83.93,1.51));
#2617 = CIRCLE('',#2618,0.95);
#2618 = AXIS2_PLACEMENT_3D('',#2619,#2620,#2621);
#2619 = CARTESIAN_POINT('',(68.51,-82.98,1.51));
#2620 = DIRECTION('',(-0.,0.,-1.));
#2621 = DIRECTION('',(1.495879443705E-14,-1.,-0.));
#2622 = FACE_BOUND('',#2623,.T.);
#2623 = EDGE_LOOP('',(#2624));
#2624 = ORIENTED_EDGE('',*,*,#2625,.T.);
#2625 = EDGE_CURVE('',#2626,#2626,#2628,.T.);
#2626 = VERTEX_POINT('',#2627);
#2627 = CARTESIAN_POINT('',(68.01,-79.78,1.51));
#2628 = CIRCLE('',#2629,0.6);
#2629 = AXIS2_PLACEMENT_3D('',#2630,#2631,#2632);
#2630 = CARTESIAN_POINT('',(68.01,-79.18,1.51));
#2631 = DIRECTION('',(-0.,0.,-1.));
#2632 = DIRECTION('',(2.368475785867E-14,-1.,-0.));
#2633 = FACE_BOUND('',#2634,.T.);
#2634 = EDGE_LOOP('',(#2635));
#2635 = ORIENTED_EDGE('',*,*,#2636,.T.);
#2636 = EDGE_CURVE('',#2637,#2637,#2639,.T.);
#2637 = VERTEX_POINT('',#2638);
#2638 = CARTESIAN_POINT('',(72.31,-79.57,1.51));
#2639 = CIRCLE('',#2640,0.4);
#2640 = AXIS2_PLACEMENT_3D('',#2641,#2642,#2643);
#2641 = CARTESIAN_POINT('',(72.31,-79.17,1.51));
#2642 = DIRECTION('',(-0.,0.,-1.));
#2643 = DIRECTION('',(-0.,-1.,0.));
#2644 = FACE_BOUND('',#2645,.T.);
#2645 = EDGE_LOOP('',(#2646));
#2646 = ORIENTED_EDGE('',*,*,#2647,.T.);
#2647 = EDGE_CURVE('',#2648,#2648,#2650,.T.);
#2648 = VERTEX_POINT('',#2649);
#2649 = CARTESIAN_POINT('',(76.11,-78.93,1.51));
#2650 = CIRCLE('',#2651,0.95);
#2651 = AXIS2_PLACEMENT_3D('',#2652,#2653,#2654);
#2652 = CARTESIAN_POINT('',(76.11,-77.98,1.51));
#2653 = DIRECTION('',(-0.,0.,-1.));
#2654 = DIRECTION('',(-0.,-1.,0.));
#2655 = FACE_BOUND('',#2656,.T.);
#2656 = EDGE_LOOP('',(#2657));
#2657 = ORIENTED_EDGE('',*,*,#2658,.T.);
#2658 = EDGE_CURVE('',#2659,#2659,#2661,.T.);
#2659 = VERTEX_POINT('',#2660);
#2660 = CARTESIAN_POINT('',(81.61,-79.705,1.51));
#2661 = CIRCLE('',#2662,1.725);
#2662 = AXIS2_PLACEMENT_3D('',#2663,#2664,#2665);
#2663 = CARTESIAN_POINT('',(81.61,-77.98,1.51));
#2664 = DIRECTION('',(-0.,0.,-1.));
#2665 = DIRECTION('',(-0.,-1.,0.));
#2666 = FACE_BOUND('',#2667,.T.);
#2667 = EDGE_LOOP('',(#2668));
#2668 = ORIENTED_EDGE('',*,*,#2669,.T.);
#2669 = EDGE_CURVE('',#2670,#2670,#2672,.T.);
#2670 = VERTEX_POINT('',#2671);
#2671 = CARTESIAN_POINT('',(90.91,-82.19,1.51));
#2672 = CIRCLE('',#2673,0.4);
#2673 = AXIS2_PLACEMENT_3D('',#2674,#2675,#2676);
#2674 = CARTESIAN_POINT('',(90.91,-81.79,1.51));
#2675 = DIRECTION('',(-0.,0.,-1.));
#2676 = DIRECTION('',(-0.,-1.,0.));
#2677 = FACE_BOUND('',#2678,.T.);
#2678 = EDGE_LOOP('',(#2679));
#2679 = ORIENTED_EDGE('',*,*,#2680,.T.);
#2680 = EDGE_CURVE('',#2681,#2681,#2683,.T.);
#2681 = VERTEX_POINT('',#2682);
#2682 = CARTESIAN_POINT('',(87.11,-78.93,1.51));
#2683 = CIRCLE('',#2684,0.95);
#2684 = AXIS2_PLACEMENT_3D('',#2685,#2686,#2687);
#2685 = CARTESIAN_POINT('',(87.11,-77.98,1.51));
#2686 = DIRECTION('',(-0.,0.,-1.));
#2687 = DIRECTION('',(-0.,-1.,0.));
#2688 = FACE_BOUND('',#2689,.T.);
#2689 = EDGE_LOOP('',(#2690));
#2690 = ORIENTED_EDGE('',*,*,#2691,.T.);
#2691 = EDGE_CURVE('',#2692,#2692,#2694,.T.);
#2692 = VERTEX_POINT('',#2693);
#2693 = CARTESIAN_POINT('',(72.31,-68.59,1.51));
#2694 = CIRCLE('',#2695,0.4);
#2695 = AXIS2_PLACEMENT_3D('',#2696,#2697,#2698);
#2696 = CARTESIAN_POINT('',(72.31,-68.19,1.51));
#2697 = DIRECTION('',(-0.,0.,-1.));
#2698 = DIRECTION('',(-0.,-1.,0.));
#2699 = FACE_BOUND('',#2700,.T.);
#2700 = EDGE_LOOP('',(#2701));
#2701 = ORIENTED_EDGE('',*,*,#2702,.T.);
#2702 = EDGE_CURVE('',#2703,#2703,#2705,.T.);
#2703 = VERTEX_POINT('',#2704);
#2704 = CARTESIAN_POINT('',(68.51,-65.33,1.51));
#2705 = CIRCLE('',#2706,0.95);
#2706 = AXIS2_PLACEMENT_3D('',#2707,#2708,#2709);
#2707 = CARTESIAN_POINT('',(68.51,-64.38,1.51));
#2708 = DIRECTION('',(-0.,0.,-1.));
#2709 = DIRECTION('',(1.495879443705E-14,-1.,-0.));
#2710 = FACE_BOUND('',#2711,.T.);
#2711 = EDGE_LOOP('',(#2712));
#2712 = ORIENTED_EDGE('',*,*,#2713,.T.);
#2713 = EDGE_CURVE('',#2714,#2714,#2716,.T.);
#2714 = VERTEX_POINT('',#2715);
#2715 = CARTESIAN_POINT('',(81.61,-72.68,1.51));
#2716 = CIRCLE('',#2717,0.6);
#2717 = AXIS2_PLACEMENT_3D('',#2718,#2719,#2720);
#2718 = CARTESIAN_POINT('',(81.61,-72.08,1.51));
#2719 = DIRECTION('',(-0.,0.,-1.));
#2720 = DIRECTION('',(-0.,-1.,0.));
#2721 = FACE_BOUND('',#2722,.T.);
#2722 = EDGE_LOOP('',(#2723));
#2723 = ORIENTED_EDGE('',*,*,#2724,.T.);
#2724 = EDGE_CURVE('',#2725,#2725,#2727,.T.);
#2725 = VERTEX_POINT('',#2726);
#2726 = CARTESIAN_POINT('',(86.61,-74.78,1.51));
#2727 = CIRCLE('',#2728,0.6);
#2728 = AXIS2_PLACEMENT_3D('',#2729,#2730,#2731);
#2729 = CARTESIAN_POINT('',(86.61,-74.18,1.51));
#2730 = DIRECTION('',(-0.,0.,-1.));
#2731 = DIRECTION('',(-0.,-1.,0.));
#2732 = FACE_BOUND('',#2733,.T.);
#2733 = EDGE_LOOP('',(#2734));
#2734 = ORIENTED_EDGE('',*,*,#2735,.T.);
#2735 = EDGE_CURVE('',#2736,#2736,#2738,.T.);
#2736 = VERTEX_POINT('',#2737);
#2737 = CARTESIAN_POINT('',(90.91,-74.57,1.51));
#2738 = CIRCLE('',#2739,0.4);
#2739 = AXIS2_PLACEMENT_3D('',#2740,#2741,#2742);
#2740 = CARTESIAN_POINT('',(90.91,-74.17,1.51));
#2741 = DIRECTION('',(-0.,0.,-1.));
#2742 = DIRECTION('',(-0.,-1.,0.));
#2743 = FACE_BOUND('',#2744,.T.);
#2744 = EDGE_LOOP('',(#2745));
#2745 = ORIENTED_EDGE('',*,*,#2746,.T.);
#2746 = EDGE_CURVE('',#2747,#2747,#2749,.T.);
#2747 = VERTEX_POINT('',#2748);
#2748 = CARTESIAN_POINT('',(90.91,-63.59,1.51));
#2749 = CIRCLE('',#2750,0.4);
#2750 = AXIS2_PLACEMENT_3D('',#2751,#2752,#2753);
#2751 = CARTESIAN_POINT('',(90.91,-63.19,1.51));
#2752 = DIRECTION('',(-0.,0.,-1.));
#2753 = DIRECTION('',(-0.,-1.,0.));
#2754 = FACE_BOUND('',#2755,.T.);
#2755 = EDGE_LOOP('',(#2756));
#2756 = ORIENTED_EDGE('',*,*,#2757,.T.);
#2757 = EDGE_CURVE('',#2758,#2758,#2760,.T.);
#2758 = VERTEX_POINT('',#2759);
#2759 = CARTESIAN_POINT('',(38.91,-56.03,1.51));
#2760 = CIRCLE('',#2761,0.95);
#2761 = AXIS2_PLACEMENT_3D('',#2762,#2763,#2764);
#2762 = CARTESIAN_POINT('',(38.91,-55.08,1.51));
#2763 = DIRECTION('',(-0.,0.,-1.));
#2764 = DIRECTION('',(-0.,-1.,0.));
#2765 = FACE_BOUND('',#2766,.T.);
#2766 = EDGE_LOOP('',(#2767));
#2767 = ORIENTED_EDGE('',*,*,#2768,.T.);
#2768 = EDGE_CURVE('',#2769,#2769,#2771,.T.);
#2769 = VERTEX_POINT('',#2770);
#2770 = CARTESIAN_POINT('',(44.41,-56.805,1.51));
#2771 = CIRCLE('',#2772,1.725);
#2772 = AXIS2_PLACEMENT_3D('',#2773,#2774,#2775);
#2773 = CARTESIAN_POINT('',(44.41,-55.08,1.51));
#2774 = DIRECTION('',(-0.,0.,-1.));
#2775 = DIRECTION('',(-0.,-1.,0.));
#2776 = FACE_BOUND('',#2777,.T.);
#2777 = EDGE_LOOP('',(#2778));
#2778 = ORIENTED_EDGE('',*,*,#2779,.T.);
#2779 = EDGE_CURVE('',#2780,#2780,#2782,.T.);
#2780 = VERTEX_POINT('',#2781);
#2781 = CARTESIAN_POINT('',(49.91,-56.03,1.51));
#2782 = CIRCLE('',#2783,0.95);
#2783 = AXIS2_PLACEMENT_3D('',#2784,#2785,#2786);
#2784 = CARTESIAN_POINT('',(49.91,-55.08,1.51));
#2785 = DIRECTION('',(-0.,0.,-1.));
#2786 = DIRECTION('',(-0.,-1.,0.));
#2787 = FACE_BOUND('',#2788,.T.);
#2788 = EDGE_LOOP('',(#2789));
#2789 = ORIENTED_EDGE('',*,*,#2790,.T.);
#2790 = EDGE_CURVE('',#2791,#2791,#2793,.T.);
#2791 = VERTEX_POINT('',#2792);
#2792 = CARTESIAN_POINT('',(44.41,-49.78,1.51));
#2793 = CIRCLE('',#2794,0.6);
#2794 = AXIS2_PLACEMENT_3D('',#2795,#2796,#2797);
#2795 = CARTESIAN_POINT('',(44.41,-49.18,1.51));
#2796 = DIRECTION('',(-0.,0.,-1.));
#2797 = DIRECTION('',(-0.,-1.,0.));
#2798 = FACE_BOUND('',#2799,.T.);
#2799 = EDGE_LOOP('',(#2800));
#2800 = ORIENTED_EDGE('',*,*,#2801,.T.);
#2801 = EDGE_CURVE('',#2802,#2802,#2804,.T.);
#2802 = VERTEX_POINT('',#2803);
#2803 = CARTESIAN_POINT('',(49.41,-51.88,1.51));
#2804 = CIRCLE('',#2805,0.6);
#2805 = AXIS2_PLACEMENT_3D('',#2806,#2807,#2808);
#2806 = CARTESIAN_POINT('',(49.41,-51.28,1.51));
#2807 = DIRECTION('',(-0.,0.,-1.));
#2808 = DIRECTION('',(-0.,-1.,0.));
#2809 = FACE_BOUND('',#2810,.T.);
#2810 = EDGE_LOOP('',(#2811));
#2811 = ORIENTED_EDGE('',*,*,#2812,.T.);
#2812 = EDGE_CURVE('',#2813,#2813,#2815,.T.);
#2813 = VERTEX_POINT('',#2814);
#2814 = CARTESIAN_POINT('',(53.71,-59.29,1.51));
#2815 = CIRCLE('',#2816,0.4);
#2816 = AXIS2_PLACEMENT_3D('',#2817,#2818,#2819);
#2817 = CARTESIAN_POINT('',(53.71,-58.89,1.51));
#2818 = DIRECTION('',(-0.,0.,-1.));
#2819 = DIRECTION('',(-0.,-1.,0.));
#2820 = FACE_BOUND('',#2821,.T.);
#2821 = EDGE_LOOP('',(#2822));
#2822 = ORIENTED_EDGE('',*,*,#2823,.T.);
#2823 = EDGE_CURVE('',#2824,#2824,#2826,.T.);
#2824 = VERTEX_POINT('',#2825);
#2825 = CARTESIAN_POINT('',(63.01,-59.08,1.51));
#2826 = CIRCLE('',#2827,0.6);
#2827 = AXIS2_PLACEMENT_3D('',#2828,#2829,#2830);
#2828 = CARTESIAN_POINT('',(63.01,-58.48,1.51));
#2829 = DIRECTION('',(-0.,0.,-1.));
#2830 = DIRECTION('',(-0.,-1.,0.));
#2831 = FACE_BOUND('',#2832,.T.);
#2832 = EDGE_LOOP('',(#2833));
#2833 = ORIENTED_EDGE('',*,*,#2834,.T.);
#2834 = EDGE_CURVE('',#2835,#2835,#2837,.T.);
#2835 = VERTEX_POINT('',#2836);
#2836 = CARTESIAN_POINT('',(53.71,-51.67,1.51));
#2837 = CIRCLE('',#2838,0.4);
#2838 = AXIS2_PLACEMENT_3D('',#2839,#2840,#2841);
#2839 = CARTESIAN_POINT('',(53.71,-51.27,1.51));
#2840 = DIRECTION('',(-0.,0.,-1.));
#2841 = DIRECTION('',(-0.,-1.,0.));
#2842 = FACE_BOUND('',#2843,.T.);
#2843 = EDGE_LOOP('',(#2844));
#2844 = ORIENTED_EDGE('',*,*,#2845,.T.);
#2845 = EDGE_CURVE('',#2846,#2846,#2848,.T.);
#2846 = VERTEX_POINT('',#2847);
#2847 = CARTESIAN_POINT('',(57.51,-46.73,1.51));
#2848 = CIRCLE('',#2849,0.95);
#2849 = AXIS2_PLACEMENT_3D('',#2850,#2851,#2852);
#2850 = CARTESIAN_POINT('',(57.51,-45.78,1.51));
#2851 = DIRECTION('',(-0.,0.,-1.));
#2852 = DIRECTION('',(-7.479397218527E-15,-1.,0.));
#2853 = FACE_BOUND('',#2854,.T.);
#2854 = EDGE_LOOP('',(#2855));
#2855 = ORIENTED_EDGE('',*,*,#2856,.T.);
#2856 = EDGE_CURVE('',#2857,#2857,#2859,.T.);
#2857 = VERTEX_POINT('',#2858);
#2858 = CARTESIAN_POINT('',(63.01,-47.505,1.51));
#2859 = CIRCLE('',#2860,1.725);
#2860 = AXIS2_PLACEMENT_3D('',#2861,#2862,#2863);
#2861 = CARTESIAN_POINT('',(63.01,-45.78,1.51));
#2862 = DIRECTION('',(-0.,0.,-1.));
#2863 = DIRECTION('',(-0.,-1.,0.));
#2864 = FACE_BOUND('',#2865,.T.);
#2865 = EDGE_LOOP('',(#2866));
#2866 = ORIENTED_EDGE('',*,*,#2867,.T.);
#2867 = EDGE_CURVE('',#2868,#2868,#2870,.T.);
#2868 = VERTEX_POINT('',#2869);
#2869 = CARTESIAN_POINT('',(63.01,-40.48,1.51));
#2870 = CIRCLE('',#2871,0.6);
#2871 = AXIS2_PLACEMENT_3D('',#2872,#2873,#2874);
#2872 = CARTESIAN_POINT('',(63.01,-39.88,1.51));
#2873 = DIRECTION('',(-0.,0.,-1.));
#2874 = DIRECTION('',(-0.,-1.,0.));
#2875 = FACE_BOUND('',#2876,.T.);
#2876 = EDGE_LOOP('',(#2877));
#2877 = ORIENTED_EDGE('',*,*,#2878,.T.);
#2878 = EDGE_CURVE('',#2879,#2879,#2881,.T.);
#2879 = VERTEX_POINT('',#2880);
#2880 = CARTESIAN_POINT('',(68.01,-61.18,1.51));
#2881 = CIRCLE('',#2882,0.6);
#2882 = AXIS2_PLACEMENT_3D('',#2883,#2884,#2885);
#2883 = CARTESIAN_POINT('',(68.01,-60.58,1.51));
#2884 = DIRECTION('',(-0.,0.,-1.));
#2885 = DIRECTION('',(2.368475785867E-14,-1.,-0.));
#2886 = FACE_BOUND('',#2887,.T.);
#2887 = EDGE_LOOP('',(#2888));
#2888 = ORIENTED_EDGE('',*,*,#2889,.T.);
#2889 = EDGE_CURVE('',#2890,#2890,#2892,.T.);
#2890 = VERTEX_POINT('',#2891);
#2891 = CARTESIAN_POINT('',(72.31,-60.97,1.51));
#2892 = CIRCLE('',#2893,0.4);
#2893 = AXIS2_PLACEMENT_3D('',#2894,#2895,#2896);
#2894 = CARTESIAN_POINT('',(72.31,-60.57,1.51));
#2895 = DIRECTION('',(-0.,0.,-1.));
#2896 = DIRECTION('',(-0.,-1.,0.));
#2897 = FACE_BOUND('',#2898,.T.);
#2898 = EDGE_LOOP('',(#2899));
#2899 = ORIENTED_EDGE('',*,*,#2900,.T.);
#2900 = EDGE_CURVE('',#2901,#2901,#2903,.T.);
#2901 = VERTEX_POINT('',#2902);
#2902 = CARTESIAN_POINT('',(76.11,-60.33,1.51));
#2903 = CIRCLE('',#2904,0.95);
#2904 = AXIS2_PLACEMENT_3D('',#2905,#2906,#2907);
#2905 = CARTESIAN_POINT('',(76.11,-59.38,1.51));
#2906 = DIRECTION('',(-0.,0.,-1.));
#2907 = DIRECTION('',(-0.,-1.,0.));
#2908 = FACE_BOUND('',#2909,.T.);
#2909 = EDGE_LOOP('',(#2910));
#2910 = ORIENTED_EDGE('',*,*,#2911,.T.);
#2911 = EDGE_CURVE('',#2912,#2912,#2914,.T.);
#2912 = VERTEX_POINT('',#2913);
#2913 = CARTESIAN_POINT('',(72.31,-49.99,1.51));
#2914 = CIRCLE('',#2915,0.4);
#2915 = AXIS2_PLACEMENT_3D('',#2916,#2917,#2918);
#2916 = CARTESIAN_POINT('',(72.31,-49.59,1.51));
#2917 = DIRECTION('',(-0.,0.,-1.));
#2918 = DIRECTION('',(-0.,-1.,0.));
#2919 = FACE_BOUND('',#2920,.T.);
#2920 = EDGE_LOOP('',(#2921));
#2921 = ORIENTED_EDGE('',*,*,#2922,.T.);
#2922 = EDGE_CURVE('',#2923,#2923,#2925,.T.);
#2923 = VERTEX_POINT('',#2924);
#2924 = CARTESIAN_POINT('',(81.61,-61.105,1.51));
#2925 = CIRCLE('',#2926,1.725);
#2926 = AXIS2_PLACEMENT_3D('',#2927,#2928,#2929);
#2927 = CARTESIAN_POINT('',(81.61,-59.38,1.51));
#2928 = DIRECTION('',(-0.,0.,-1.));
#2929 = DIRECTION('',(-0.,-1.,0.));
#2930 = FACE_BOUND('',#2931,.T.);
#2931 = EDGE_LOOP('',(#2932));
#2932 = ORIENTED_EDGE('',*,*,#2933,.T.);
#2933 = EDGE_CURVE('',#2934,#2934,#2936,.T.);
#2934 = VERTEX_POINT('',#2935);
#2935 = CARTESIAN_POINT('',(87.11,-60.33,1.51));
#2936 = CIRCLE('',#2937,0.95);
#2937 = AXIS2_PLACEMENT_3D('',#2938,#2939,#2940);
#2938 = CARTESIAN_POINT('',(87.11,-59.38,1.51));
#2939 = DIRECTION('',(-0.,0.,-1.));
#2940 = DIRECTION('',(-0.,-1.,0.));
#2941 = FACE_BOUND('',#2942,.T.);
#2942 = EDGE_LOOP('',(#2943));
#2943 = ORIENTED_EDGE('',*,*,#2944,.T.);
#2944 = EDGE_CURVE('',#2945,#2945,#2947,.T.);
#2945 = VERTEX_POINT('',#2946);
#2946 = CARTESIAN_POINT('',(86.61,-56.18,1.51));
#2947 = CIRCLE('',#2948,0.6);
#2948 = AXIS2_PLACEMENT_3D('',#2949,#2950,#2951);
#2949 = CARTESIAN_POINT('',(86.61,-55.58,1.51));
#2950 = DIRECTION('',(-0.,0.,-1.));
#2951 = DIRECTION('',(-0.,-1.,0.));
#2952 = FACE_BOUND('',#2953,.T.);
#2953 = EDGE_LOOP('',(#2954));
#2954 = ORIENTED_EDGE('',*,*,#2955,.T.);
#2955 = EDGE_CURVE('',#2956,#2956,#2958,.T.);
#2956 = VERTEX_POINT('',#2957);
#2957 = CARTESIAN_POINT('',(90.91,-55.97,1.51));
#2958 = CIRCLE('',#2959,0.4);
#2959 = AXIS2_PLACEMENT_3D('',#2960,#2961,#2962);
#2960 = CARTESIAN_POINT('',(90.91,-55.57,1.51));
#2961 = DIRECTION('',(-0.,0.,-1.));
#2962 = DIRECTION('',(-0.,-1.,0.));
#2963 = FACE_BOUND('',#2964,.T.);
#2964 = EDGE_LOOP('',(#2965));
#2965 = ORIENTED_EDGE('',*,*,#2966,.T.);
#2966 = EDGE_CURVE('',#2967,#2967,#2969,.T.);
#2967 = VERTEX_POINT('',#2968);
#2968 = CARTESIAN_POINT('',(81.61,-54.08,1.51));
#2969 = CIRCLE('',#2970,0.6);
#2970 = AXIS2_PLACEMENT_3D('',#2971,#2972,#2973);
#2971 = CARTESIAN_POINT('',(81.61,-53.48,1.51));
#2972 = DIRECTION('',(-0.,0.,-1.));
#2973 = DIRECTION('',(-0.,-1.,0.));
#2974 = FACE_BOUND('',#2975,.T.);
#2975 = EDGE_LOOP('',(#2976));
#2976 = ORIENTED_EDGE('',*,*,#2977,.T.);
#2977 = EDGE_CURVE('',#2978,#2978,#2980,.T.);
#2978 = VERTEX_POINT('',#2979);
#2979 = CARTESIAN_POINT('',(68.51,-46.73,1.51));
#2980 = CIRCLE('',#2981,0.95);
#2981 = AXIS2_PLACEMENT_3D('',#2982,#2983,#2984);
#2982 = CARTESIAN_POINT('',(68.51,-45.78,1.51));
#2983 = DIRECTION('',(-0.,0.,-1.));
#2984 = DIRECTION('',(1.495879443705E-14,-1.,-0.));
#2985 = FACE_BOUND('',#2986,.T.);
#2986 = EDGE_LOOP('',(#2987));
#2987 = ORIENTED_EDGE('',*,*,#2988,.T.);
#2988 = EDGE_CURVE('',#2989,#2989,#2991,.T.);
#2989 = VERTEX_POINT('',#2990);
#2990 = CARTESIAN_POINT('',(68.01,-42.58,1.51));
#2991 = CIRCLE('',#2992,0.6);
#2992 = AXIS2_PLACEMENT_3D('',#2993,#2994,#2995);
#2993 = CARTESIAN_POINT('',(68.01,-41.98,1.51));
#2994 = DIRECTION('',(-0.,0.,-1.));
#2995 = DIRECTION('',(2.368475785867E-14,-1.,-0.));
#2996 = FACE_BOUND('',#2997,.T.);
#2997 = EDGE_LOOP('',(#2998));
#2998 = ORIENTED_EDGE('',*,*,#2999,.T.);
#2999 = EDGE_CURVE('',#3000,#3000,#3002,.T.);
#3000 = VERTEX_POINT('',#3001);
#3001 = CARTESIAN_POINT('',(72.31,-42.37,1.51));
#3002 = CIRCLE('',#3003,0.4);
#3003 = AXIS2_PLACEMENT_3D('',#3004,#3005,#3006);
#3004 = CARTESIAN_POINT('',(72.31,-41.97,1.51));
#3005 = DIRECTION('',(-0.,0.,-1.));
#3006 = DIRECTION('',(-0.,-1.,0.));
#3007 = FACE_BOUND('',#3008,.T.);
#3008 = EDGE_LOOP('',(#3009));
#3009 = ORIENTED_EDGE('',*,*,#3010,.T.);
#3010 = EDGE_CURVE('',#3011,#3011,#3013,.T.);
#3011 = VERTEX_POINT('',#3012);
#3012 = CARTESIAN_POINT('',(76.11,-41.73,1.51));
#3013 = CIRCLE('',#3014,0.95);
#3014 = AXIS2_PLACEMENT_3D('',#3015,#3016,#3017);
#3015 = CARTESIAN_POINT('',(76.11,-40.78,1.51));
#3016 = DIRECTION('',(-0.,0.,-1.));
#3017 = DIRECTION('',(-0.,-1.,0.));
#3018 = FACE_BOUND('',#3019,.T.);
#3019 = EDGE_LOOP('',(#3020));
#3020 = ORIENTED_EDGE('',*,*,#3021,.T.);
#3021 = EDGE_CURVE('',#3022,#3022,#3024,.T.);
#3022 = VERTEX_POINT('',#3023);
#3023 = CARTESIAN_POINT('',(81.61,-42.505,1.51));
#3024 = CIRCLE('',#3025,1.725);
#3025 = AXIS2_PLACEMENT_3D('',#3026,#3027,#3028);
#3026 = CARTESIAN_POINT('',(81.61,-40.78,1.51));
#3027 = DIRECTION('',(-0.,0.,-1.));
#3028 = DIRECTION('',(-0.,-1.,0.));
#3029 = FACE_BOUND('',#3030,.T.);
#3030 = EDGE_LOOP('',(#3031));
#3031 = ORIENTED_EDGE('',*,*,#3032,.T.);
#3032 = EDGE_CURVE('',#3033,#3033,#3035,.T.);
#3033 = VERTEX_POINT('',#3034);
#3034 = CARTESIAN_POINT('',(90.91,-44.99,1.51));
#3035 = CIRCLE('',#3036,0.4);
#3036 = AXIS2_PLACEMENT_3D('',#3037,#3038,#3039);
#3037 = CARTESIAN_POINT('',(90.91,-44.59,1.51));
#3038 = DIRECTION('',(-0.,0.,-1.));
#3039 = DIRECTION('',(-0.,-1.,0.));
#3040 = FACE_BOUND('',#3041,.T.);
#3041 = EDGE_LOOP('',(#3042));
#3042 = ORIENTED_EDGE('',*,*,#3043,.T.);
#3043 = EDGE_CURVE('',#3044,#3044,#3046,.T.);
#3044 = VERTEX_POINT('',#3045);
#3045 = CARTESIAN_POINT('',(87.11,-41.73,1.51));
#3046 = CIRCLE('',#3047,0.95);
#3047 = AXIS2_PLACEMENT_3D('',#3048,#3049,#3050);
#3048 = CARTESIAN_POINT('',(87.11,-40.78,1.51));
#3049 = DIRECTION('',(-0.,0.,-1.));
#3050 = DIRECTION('',(-0.,-1.,0.));
#3051 = FACE_BOUND('',#3052,.T.);
#3052 = EDGE_LOOP('',(#3053));
#3053 = ORIENTED_EDGE('',*,*,#3054,.T.);
#3054 = EDGE_CURVE('',#3055,#3055,#3057,.T.);
#3055 = VERTEX_POINT('',#3056);
#3056 = CARTESIAN_POINT('',(81.61,-35.48,1.51));
#3057 = CIRCLE('',#3058,0.6);
#3058 = AXIS2_PLACEMENT_3D('',#3059,#3060,#3061);
#3059 = CARTESIAN_POINT('',(81.61,-34.88,1.51));
#3060 = DIRECTION('',(-0.,0.,-1.));
#3061 = DIRECTION('',(-0.,-1.,0.));
#3062 = FACE_BOUND('',#3063,.T.);
#3063 = EDGE_LOOP('',(#3064));
#3064 = ORIENTED_EDGE('',*,*,#3065,.T.);
#3065 = EDGE_CURVE('',#3066,#3066,#3068,.T.);
#3066 = VERTEX_POINT('',#3067);
#3067 = CARTESIAN_POINT('',(86.61,-37.58,1.51));
#3068 = CIRCLE('',#3069,0.6);
#3069 = AXIS2_PLACEMENT_3D('',#3070,#3071,#3072);
#3070 = CARTESIAN_POINT('',(86.61,-36.98,1.51));
#3071 = DIRECTION('',(-0.,0.,-1.));
#3072 = DIRECTION('',(-0.,-1.,0.));
#3073 = FACE_BOUND('',#3074,.T.);
#3074 = EDGE_LOOP('',(#3075));
#3075 = ORIENTED_EDGE('',*,*,#3076,.T.);
#3076 = EDGE_CURVE('',#3077,#3077,#3079,.T.);
#3077 = VERTEX_POINT('',#3078);
#3078 = CARTESIAN_POINT('',(90.91,-37.37,1.51));
#3079 = CIRCLE('',#3080,0.4);
#3080 = AXIS2_PLACEMENT_3D('',#3081,#3082,#3083);
#3081 = CARTESIAN_POINT('',(90.91,-36.97,1.51));
#3082 = DIRECTION('',(-0.,0.,-1.));
#3083 = DIRECTION('',(-0.,-1.,0.));
#3084 = FACE_BOUND('',#3085,.T.);
#3085 = EDGE_LOOP('',(#3086));
#3086 = ORIENTED_EDGE('',*,*,#3087,.T.);
#3087 = EDGE_CURVE('',#3088,#3088,#3090,.T.);
#3088 = VERTEX_POINT('',#3089);
#3089 = CARTESIAN_POINT('',(94.71,-83.93,1.51));
#3090 = CIRCLE('',#3091,0.95);
#3091 = AXIS2_PLACEMENT_3D('',#3092,#3093,#3094);
#3092 = CARTESIAN_POINT('',(94.71,-82.98,1.51));
#3093 = DIRECTION('',(-0.,0.,-1.));
#3094 = DIRECTION('',(-1.495879443705E-14,-1.,0.));
#3095 = FACE_BOUND('',#3096,.T.);
#3096 = EDGE_LOOP('',(#3097));
#3097 = ORIENTED_EDGE('',*,*,#3098,.T.);
#3098 = EDGE_CURVE('',#3099,#3099,#3101,.T.);
#3099 = VERTEX_POINT('',#3100);
#3100 = CARTESIAN_POINT('',(100.21,-84.705,1.51));
#3101 = CIRCLE('',#3102,1.725);
#3102 = AXIS2_PLACEMENT_3D('',#3103,#3104,#3105);
#3103 = CARTESIAN_POINT('',(100.21,-82.98,1.51));
#3104 = DIRECTION('',(-0.,0.,-1.));
#3105 = DIRECTION('',(-8.238176646494E-15,-1.,0.));
#3106 = FACE_BOUND('',#3107,.T.);
#3107 = EDGE_LOOP('',(#3108));
#3108 = ORIENTED_EDGE('',*,*,#3109,.T.);
#3109 = EDGE_CURVE('',#3110,#3110,#3112,.T.);
#3110 = VERTEX_POINT('',#3111);
#3111 = CARTESIAN_POINT('',(105.71,-83.93,1.51));
#3112 = CIRCLE('',#3113,0.95);
#3113 = AXIS2_PLACEMENT_3D('',#3114,#3115,#3116);
#3114 = CARTESIAN_POINT('',(105.71,-82.98,1.51));
#3115 = DIRECTION('',(-0.,0.,-1.));
#3116 = DIRECTION('',(-1.495879443705E-14,-1.,0.));
#3117 = FACE_BOUND('',#3118,.T.);
#3118 = EDGE_LOOP('',(#3119));
#3119 = ORIENTED_EDGE('',*,*,#3120,.T.);
#3120 = EDGE_CURVE('',#3121,#3121,#3123,.T.);
#3121 = VERTEX_POINT('',#3122);
#3122 = CARTESIAN_POINT('',(100.21,-77.68,1.51));
#3123 = CIRCLE('',#3124,0.6);
#3124 = AXIS2_PLACEMENT_3D('',#3125,#3126,#3127);
#3125 = CARTESIAN_POINT('',(100.21,-77.08,1.51));
#3126 = DIRECTION('',(-0.,0.,-1.));
#3127 = DIRECTION('',(-2.368475785867E-14,-1.,0.));
#3128 = FACE_BOUND('',#3129,.T.);
#3129 = EDGE_LOOP('',(#3130));
#3130 = ORIENTED_EDGE('',*,*,#3131,.T.);
#3131 = EDGE_CURVE('',#3132,#3132,#3134,.T.);
#3132 = VERTEX_POINT('',#3133);
#3133 = CARTESIAN_POINT('',(105.21,-79.78,1.51));
#3134 = CIRCLE('',#3135,0.6);
#3135 = AXIS2_PLACEMENT_3D('',#3136,#3137,#3138);
#3136 = CARTESIAN_POINT('',(105.21,-79.18,1.51));
#3137 = DIRECTION('',(-0.,0.,-1.));
#3138 = DIRECTION('',(-2.368475785867E-14,-1.,0.));
#3139 = FACE_BOUND('',#3140,.T.);
#3140 = EDGE_LOOP('',(#3141));
#3141 = ORIENTED_EDGE('',*,*,#3142,.T.);
#3142 = EDGE_CURVE('',#3143,#3143,#3145,.T.);
#3143 = VERTEX_POINT('',#3144);
#3144 = CARTESIAN_POINT('',(109.51,-87.19,1.51));
#3145 = CIRCLE('',#3146,0.4);
#3146 = AXIS2_PLACEMENT_3D('',#3147,#3148,#3149);
#3147 = CARTESIAN_POINT('',(109.51,-86.79,1.51));
#3148 = DIRECTION('',(-0.,0.,-1.));
#3149 = DIRECTION('',(3.5527136788E-14,-1.,-0.));
#3150 = FACE_BOUND('',#3151,.T.);
#3151 = EDGE_LOOP('',(#3152));
#3152 = ORIENTED_EDGE('',*,*,#3153,.T.);
#3153 = EDGE_CURVE('',#3154,#3154,#3156,.T.);
#3154 = VERTEX_POINT('',#3155);
#3155 = CARTESIAN_POINT('',(109.51,-79.57,1.51));
#3156 = CIRCLE('',#3157,0.4);
#3157 = AXIS2_PLACEMENT_3D('',#3158,#3159,#3160);
#3158 = CARTESIAN_POINT('',(109.51,-79.17,1.51));
#3159 = DIRECTION('',(-0.,0.,-1.));
#3160 = DIRECTION('',(3.5527136788E-14,-1.,-0.));
#3161 = FACE_BOUND('',#3162,.T.);
#3162 = EDGE_LOOP('',(#3163));
#3163 = ORIENTED_EDGE('',*,*,#3164,.T.);
#3164 = EDGE_CURVE('',#3165,#3165,#3167,.T.);
#3165 = VERTEX_POINT('',#3166);
#3166 = CARTESIAN_POINT('',(94.71,-65.33,1.51));
#3167 = CIRCLE('',#3168,0.95);
#3168 = AXIS2_PLACEMENT_3D('',#3169,#3170,#3171);
#3169 = CARTESIAN_POINT('',(94.71,-64.38,1.51));
#3170 = DIRECTION('',(-0.,0.,-1.));
#3171 = DIRECTION('',(-1.495879443705E-14,-1.,0.));
#3172 = FACE_BOUND('',#3173,.T.);
#3173 = EDGE_LOOP('',(#3174));
#3174 = ORIENTED_EDGE('',*,*,#3175,.T.);
#3175 = EDGE_CURVE('',#3176,#3176,#3178,.T.);
#3176 = VERTEX_POINT('',#3177);
#3177 = CARTESIAN_POINT('',(100.21,-66.105,1.51));
#3178 = CIRCLE('',#3179,1.725);
#3179 = AXIS2_PLACEMENT_3D('',#3180,#3181,#3182);
#3180 = CARTESIAN_POINT('',(100.21,-64.38,1.51));
#3181 = DIRECTION('',(-0.,0.,-1.));
#3182 = DIRECTION('',(-8.238176646494E-15,-1.,0.));
#3183 = FACE_BOUND('',#3184,.T.);
#3184 = EDGE_LOOP('',(#3185));
#3185 = ORIENTED_EDGE('',*,*,#3186,.T.);
#3186 = EDGE_CURVE('',#3187,#3187,#3189,.T.);
#3187 = VERTEX_POINT('',#3188);
#3188 = CARTESIAN_POINT('',(105.71,-65.33,1.51));
#3189 = CIRCLE('',#3190,0.95);
#3190 = AXIS2_PLACEMENT_3D('',#3191,#3192,#3193);
#3191 = CARTESIAN_POINT('',(105.71,-64.38,1.51));
#3192 = DIRECTION('',(-0.,0.,-1.));
#3193 = DIRECTION('',(-1.495879443705E-14,-1.,0.));
#3194 = FACE_BOUND('',#3195,.T.);
#3195 = EDGE_LOOP('',(#3196));
#3196 = ORIENTED_EDGE('',*,*,#3197,.T.);
#3197 = EDGE_CURVE('',#3198,#3198,#3200,.T.);
#3198 = VERTEX_POINT('',#3199);
#3199 = CARTESIAN_POINT('',(109.51,-68.59,1.51));
#3200 = CIRCLE('',#3201,0.4);
#3201 = AXIS2_PLACEMENT_3D('',#3202,#3203,#3204);
#3202 = CARTESIAN_POINT('',(109.51,-68.19,1.51));
#3203 = DIRECTION('',(-0.,0.,-1.));
#3204 = DIRECTION('',(3.5527136788E-14,-1.,-0.));
#3205 = FACE_BOUND('',#3206,.T.);
#3206 = EDGE_LOOP('',(#3207));
#3207 = ORIENTED_EDGE('',*,*,#3208,.T.);
#3208 = EDGE_CURVE('',#3209,#3209,#3211,.T.);
#3209 = VERTEX_POINT('',#3210);
#3210 = CARTESIAN_POINT('',(100.21,-59.08,1.51));
#3211 = CIRCLE('',#3212,0.6);
#3212 = AXIS2_PLACEMENT_3D('',#3213,#3214,#3215);
#3213 = CARTESIAN_POINT('',(100.21,-58.48,1.51));
#3214 = DIRECTION('',(-0.,0.,-1.));
#3215 = DIRECTION('',(-2.368475785867E-14,-1.,0.));
#3216 = FACE_BOUND('',#3217,.T.);
#3217 = EDGE_LOOP('',(#3218));
#3218 = ORIENTED_EDGE('',*,*,#3219,.T.);
#3219 = EDGE_CURVE('',#3220,#3220,#3222,.T.);
#3220 = VERTEX_POINT('',#3221);
#3221 = CARTESIAN_POINT('',(105.21,-61.18,1.51));
#3222 = CIRCLE('',#3223,0.6);
#3223 = AXIS2_PLACEMENT_3D('',#3224,#3225,#3226);
#3224 = CARTESIAN_POINT('',(105.21,-60.58,1.51));
#3225 = DIRECTION('',(-0.,0.,-1.));
#3226 = DIRECTION('',(-2.368475785867E-14,-1.,0.));
#3227 = FACE_BOUND('',#3228,.T.);
#3228 = EDGE_LOOP('',(#3229));
#3229 = ORIENTED_EDGE('',*,*,#3230,.T.);
#3230 = EDGE_CURVE('',#3231,#3231,#3233,.T.);
#3231 = VERTEX_POINT('',#3232);
#3232 = CARTESIAN_POINT('',(109.51,-60.97,1.51));
#3233 = CIRCLE('',#3234,0.4);
#3234 = AXIS2_PLACEMENT_3D('',#3235,#3236,#3237);
#3235 = CARTESIAN_POINT('',(109.51,-60.57,1.51));
#3236 = DIRECTION('',(-0.,0.,-1.));
#3237 = DIRECTION('',(3.5527136788E-14,-1.,-0.));
#3238 = FACE_BOUND('',#3239,.T.);
#3239 = EDGE_LOOP('',(#3240));
#3240 = ORIENTED_EDGE('',*,*,#3241,.T.);
#3241 = EDGE_CURVE('',#3242,#3242,#3244,.T.);
#3242 = VERTEX_POINT('',#3243);
#3243 = CARTESIAN_POINT('',(117.63,-61.9261,1.51));
#3244 = CIRCLE('',#3245,0.5461);
#3245 = AXIS2_PLACEMENT_3D('',#3246,#3247,#3248);
#3246 = CARTESIAN_POINT('',(117.63,-61.38,1.51));
#3247 = DIRECTION('',(-0.,0.,-1.));
#3248 = DIRECTION('',(-0.,-1.,0.));
#3249 = FACE_BOUND('',#3250,.T.);
#3250 = EDGE_LOOP('',(#3251));
#3251 = ORIENTED_EDGE('',*,*,#3252,.T.);
#3252 = EDGE_CURVE('',#3253,#3253,#3255,.T.);
#3253 = VERTEX_POINT('',#3254);
#3254 = CARTESIAN_POINT('',(117.63,-59.3861,1.51));
#3255 = CIRCLE('',#3256,0.5461);
#3256 = AXIS2_PLACEMENT_3D('',#3257,#3258,#3259);
#3257 = CARTESIAN_POINT('',(117.63,-58.84,1.51));
#3258 = DIRECTION('',(-0.,0.,-1.));
#3259 = DIRECTION('',(-0.,-1.,0.));
#3260 = FACE_BOUND('',#3261,.T.);
#3261 = EDGE_LOOP('',(#3262));
#3262 = ORIENTED_EDGE('',*,*,#3263,.T.);
#3263 = EDGE_CURVE('',#3264,#3264,#3266,.T.);
#3264 = VERTEX_POINT('',#3265);
#3265 = CARTESIAN_POINT('',(117.63,-56.8461,1.51));
#3266 = CIRCLE('',#3267,0.5461);
#3267 = AXIS2_PLACEMENT_3D('',#3268,#3269,#3270);
#3268 = CARTESIAN_POINT('',(117.63,-56.3,1.51));
#3269 = DIRECTION('',(-0.,0.,-1.));
#3270 = DIRECTION('',(-0.,-1.,0.));
#3271 = FACE_BOUND('',#3272,.T.);
#3272 = EDGE_LOOP('',(#3273));
#3273 = ORIENTED_EDGE('',*,*,#3274,.T.);
#3274 = EDGE_CURVE('',#3275,#3275,#3277,.T.);
#3275 = VERTEX_POINT('',#3276);
#3276 = CARTESIAN_POINT('',(120.17,-56.8461,1.51));
#3277 = CIRCLE('',#3278,0.5461);
#3278 = AXIS2_PLACEMENT_3D('',#3279,#3280,#3281);
#3279 = CARTESIAN_POINT('',(120.17,-56.3,1.51));
#3280 = DIRECTION('',(-0.,0.,-1.));
#3281 = DIRECTION('',(-0.,-1.,0.));
#3282 = FACE_BOUND('',#3283,.T.);
#3283 = EDGE_LOOP('',(#3284));
#3284 = ORIENTED_EDGE('',*,*,#3285,.T.);
#3285 = EDGE_CURVE('',#3286,#3286,#3288,.T.);
#3286 = VERTEX_POINT('',#3287);
#3287 = CARTESIAN_POINT('',(109.51,-49.99,1.51));
#3288 = CIRCLE('',#3289,0.4);
#3289 = AXIS2_PLACEMENT_3D('',#3290,#3291,#3292);
#3290 = CARTESIAN_POINT('',(109.51,-49.59,1.51));
#3291 = DIRECTION('',(-0.,0.,-1.));
#3292 = DIRECTION('',(3.5527136788E-14,-1.,-0.));
#3293 = FACE_BOUND('',#3294,.T.);
#3294 = EDGE_LOOP('',(#3295));
#3295 = ORIENTED_EDGE('',*,*,#3296,.T.);
#3296 = EDGE_CURVE('',#3297,#3297,#3299,.T.);
#3297 = VERTEX_POINT('',#3298);
#3298 = CARTESIAN_POINT('',(117.63,-54.3061,1.51));
#3299 = CIRCLE('',#3300,0.5461);
#3300 = AXIS2_PLACEMENT_3D('',#3301,#3302,#3303);
#3301 = CARTESIAN_POINT('',(117.63,-53.76,1.51));
#3302 = DIRECTION('',(-0.,0.,-1.));
#3303 = DIRECTION('',(-0.,-1.,0.));
#3304 = FACE_BOUND('',#3305,.T.);
#3305 = EDGE_LOOP('',(#3306));
#3306 = ORIENTED_EDGE('',*,*,#3307,.T.);
#3307 = EDGE_CURVE('',#3308,#3308,#3310,.T.);
#3308 = VERTEX_POINT('',#3309);
#3309 = CARTESIAN_POINT('',(117.63,-51.7661,1.51));
#3310 = CIRCLE('',#3311,0.5461);
#3311 = AXIS2_PLACEMENT_3D('',#3312,#3313,#3314);
#3312 = CARTESIAN_POINT('',(117.63,-51.22,1.51));
#3313 = DIRECTION('',(-0.,0.,-1.));
#3314 = DIRECTION('',(-0.,-1.,0.));
#3315 = FACE_BOUND('',#3316,.T.);
#3316 = EDGE_LOOP('',(#3317));
#3317 = ORIENTED_EDGE('',*,*,#3318,.T.);
#3318 = EDGE_CURVE('',#3319,#3319,#3321,.T.);
#3319 = VERTEX_POINT('',#3320);
#3320 = CARTESIAN_POINT('',(117.63,-49.2261,1.51));
#3321 = CIRCLE('',#3322,0.5461);
#3322 = AXIS2_PLACEMENT_3D('',#3323,#3324,#3325);
#3323 = CARTESIAN_POINT('',(117.63,-48.68,1.51));
#3324 = DIRECTION('',(-0.,0.,-1.));
#3325 = DIRECTION('',(-0.,-1.,0.));
#3326 = FACE_BOUND('',#3327,.T.);
#3327 = EDGE_LOOP('',(#3328));
#3328 = ORIENTED_EDGE('',*,*,#3329,.T.);
#3329 = EDGE_CURVE('',#3330,#3330,#3332,.T.);
#3330 = VERTEX_POINT('',#3331);
#3331 = CARTESIAN_POINT('',(94.71,-46.73,1.51));
#3332 = CIRCLE('',#3333,0.95);
#3333 = AXIS2_PLACEMENT_3D('',#3334,#3335,#3336);
#3334 = CARTESIAN_POINT('',(94.71,-45.78,1.51));
#3335 = DIRECTION('',(-0.,0.,-1.));
#3336 = DIRECTION('',(-1.495879443705E-14,-1.,0.));
#3337 = FACE_BOUND('',#3338,.T.);
#3338 = EDGE_LOOP('',(#3339));
#3339 = ORIENTED_EDGE('',*,*,#3340,.T.);
#3340 = EDGE_CURVE('',#3341,#3341,#3343,.T.);
#3341 = VERTEX_POINT('',#3342);
#3342 = CARTESIAN_POINT('',(100.21,-47.505,1.51));
#3343 = CIRCLE('',#3344,1.725);
#3344 = AXIS2_PLACEMENT_3D('',#3345,#3346,#3347);
#3345 = CARTESIAN_POINT('',(100.21,-45.78,1.51));
#3346 = DIRECTION('',(-0.,0.,-1.));
#3347 = DIRECTION('',(-8.238176646494E-15,-1.,0.));
#3348 = FACE_BOUND('',#3349,.T.);
#3349 = EDGE_LOOP('',(#3350));
#3350 = ORIENTED_EDGE('',*,*,#3351,.T.);
#3351 = EDGE_CURVE('',#3352,#3352,#3354,.T.);
#3352 = VERTEX_POINT('',#3353);
#3353 = CARTESIAN_POINT('',(105.71,-46.73,1.51));
#3354 = CIRCLE('',#3355,0.95);
#3355 = AXIS2_PLACEMENT_3D('',#3356,#3357,#3358);
#3356 = CARTESIAN_POINT('',(105.71,-45.78,1.51));
#3357 = DIRECTION('',(-0.,0.,-1.));
#3358 = DIRECTION('',(-1.495879443705E-14,-1.,0.));
#3359 = FACE_BOUND('',#3360,.T.);
#3360 = EDGE_LOOP('',(#3361));
#3361 = ORIENTED_EDGE('',*,*,#3362,.T.);
#3362 = EDGE_CURVE('',#3363,#3363,#3365,.T.);
#3363 = VERTEX_POINT('',#3364);
#3364 = CARTESIAN_POINT('',(105.21,-42.58,1.51));
#3365 = CIRCLE('',#3366,0.6);
#3366 = AXIS2_PLACEMENT_3D('',#3367,#3368,#3369);
#3367 = CARTESIAN_POINT('',(105.21,-41.98,1.51));
#3368 = DIRECTION('',(-0.,0.,-1.));
#3369 = DIRECTION('',(-2.368475785867E-14,-1.,0.));
#3370 = FACE_BOUND('',#3371,.T.);
#3371 = EDGE_LOOP('',(#3372));
#3372 = ORIENTED_EDGE('',*,*,#3373,.T.);
#3373 = EDGE_CURVE('',#3374,#3374,#3376,.T.);
#3374 = VERTEX_POINT('',#3375);
#3375 = CARTESIAN_POINT('',(100.21,-40.48,1.51));
#3376 = CIRCLE('',#3377,0.6);
#3377 = AXIS2_PLACEMENT_3D('',#3378,#3379,#3380);
#3378 = CARTESIAN_POINT('',(100.21,-39.88,1.51));
#3379 = DIRECTION('',(-0.,0.,-1.));
#3380 = DIRECTION('',(-2.368475785867E-14,-1.,0.));
#3381 = FACE_BOUND('',#3382,.T.);
#3382 = EDGE_LOOP('',(#3383));
#3383 = ORIENTED_EDGE('',*,*,#3384,.T.);
#3384 = EDGE_CURVE('',#3385,#3385,#3387,.T.);
#3385 = VERTEX_POINT('',#3386);
#3386 = CARTESIAN_POINT('',(109.51,-42.37,1.51));
#3387 = CIRCLE('',#3388,0.4);
#3388 = AXIS2_PLACEMENT_3D('',#3389,#3390,#3391);
#3389 = CARTESIAN_POINT('',(109.51,-41.97,1.51));
#3390 = DIRECTION('',(-0.,0.,-1.));
#3391 = DIRECTION('',(3.5527136788E-14,-1.,-0.));
#3392 = FACE_BOUND('',#3393,.T.);
#3393 = EDGE_LOOP('',(#3394));
#3394 = ORIENTED_EDGE('',*,*,#3395,.T.);
#3395 = EDGE_CURVE('',#3396,#3396,#3398,.T.);
#3396 = VERTEX_POINT('',#3397);
#3397 = CARTESIAN_POINT('',(117.63,-46.6861,1.51));
#3398 = CIRCLE('',#3399,0.5461);
#3399 = AXIS2_PLACEMENT_3D('',#3400,#3401,#3402);
#3400 = CARTESIAN_POINT('',(117.63,-46.14,1.51));
#3401 = DIRECTION('',(-0.,0.,-1.));
#3402 = DIRECTION('',(-0.,-1.,0.));
#3403 = FACE_BOUND('',#3404,.T.);
#3404 = EDGE_LOOP('',(#3405));
#3405 = ORIENTED_EDGE('',*,*,#3406,.T.);
#3406 = EDGE_CURVE('',#3407,#3407,#3409,.T.);
#3407 = VERTEX_POINT('',#3408);
#3408 = CARTESIAN_POINT('',(117.63,-44.1461,1.51));
#3409 = CIRCLE('',#3410,0.5461);
#3410 = AXIS2_PLACEMENT_3D('',#3411,#3412,#3413);
#3411 = CARTESIAN_POINT('',(117.63,-43.6,1.51));
#3412 = DIRECTION('',(-0.,0.,-1.));
#3413 = DIRECTION('',(-0.,-1.,0.));
#3414 = FACE_BOUND('',#3415,.T.);
#3415 = EDGE_LOOP('',(#3416));
#3416 = ORIENTED_EDGE('',*,*,#3417,.T.);
#3417 = EDGE_CURVE('',#3418,#3418,#3420,.T.);
#3418 = VERTEX_POINT('',#3419);
#3419 = CARTESIAN_POINT('',(117.63,-41.6061,1.51));
#3420 = CIRCLE('',#3421,0.5461);
#3421 = AXIS2_PLACEMENT_3D('',#3422,#3423,#3424);
#3422 = CARTESIAN_POINT('',(117.63,-41.06,1.51));
#3423 = DIRECTION('',(-0.,0.,-1.));
#3424 = DIRECTION('',(-0.,-1.,0.));
#3425 = FACE_BOUND('',#3426,.T.);
#3426 = EDGE_LOOP('',(#3427));
#3427 = ORIENTED_EDGE('',*,*,#3428,.T.);
#3428 = EDGE_CURVE('',#3429,#3429,#3431,.T.);
#3429 = VERTEX_POINT('',#3430);
#3430 = CARTESIAN_POINT('',(117.63,-39.0661,1.51));
#3431 = CIRCLE('',#3432,0.5461);
#3432 = AXIS2_PLACEMENT_3D('',#3433,#3434,#3435);
#3433 = CARTESIAN_POINT('',(117.63,-38.52,1.51));
#3434 = DIRECTION('',(-0.,0.,-1.));
#3435 = DIRECTION('',(-0.,-1.,0.));
#3436 = FACE_BOUND('',#3437,.T.);
#3437 = EDGE_LOOP('',(#3438));
#3438 = ORIENTED_EDGE('',*,*,#3439,.T.);
#3439 = EDGE_CURVE('',#3440,#3440,#3442,.T.);
#3440 = VERTEX_POINT('',#3441);
#3441 = CARTESIAN_POINT('',(117.63,-36.5261,1.51));
#3442 = CIRCLE('',#3443,0.5461);
#3443 = AXIS2_PLACEMENT_3D('',#3444,#3445,#3446);
#3444 = CARTESIAN_POINT('',(117.63,-35.98,1.51));
#3445 = DIRECTION('',(-0.,0.,-1.));
#3446 = DIRECTION('',(-0.,-1.,0.));
#3447 = FACE_BOUND('',#3448,.T.);
#3448 = EDGE_LOOP('',(#3449));
#3449 = ORIENTED_EDGE('',*,*,#3450,.T.);
#3450 = EDGE_CURVE('',#3451,#3451,#3453,.T.);
#3451 = VERTEX_POINT('',#3452);
#3452 = CARTESIAN_POINT('',(117.63,-33.9861,1.51));
#3453 = CIRCLE('',#3454,0.5461);
#3454 = AXIS2_PLACEMENT_3D('',#3455,#3456,#3457);
#3455 = CARTESIAN_POINT('',(117.63,-33.44,1.51));
#3456 = DIRECTION('',(-0.,0.,-1.));
#3457 = DIRECTION('',(-0.,-1.,0.));
#3458 = FACE_BOUND('',#3459,.T.);
#3459 = EDGE_LOOP('',(#3460));
#3460 = ORIENTED_EDGE('',*,*,#3461,.T.);
#3461 = EDGE_CURVE('',#3462,#3462,#3464,.T.);
#3462 = VERTEX_POINT('',#3463);
#3463 = CARTESIAN_POINT('',(122.71,-56.8461,1.51));
#3464 = CIRCLE('',#3465,0.5461);
#3465 = AXIS2_PLACEMENT_3D('',#3466,#3467,#3468);
#3466 = CARTESIAN_POINT('',(122.71,-56.3,1.51));
#3467 = DIRECTION('',(-0.,0.,-1.));
#3468 = DIRECTION('',(-2.602244042337E-14,-1.,0.));
#3469 = FACE_BOUND('',#3470,.T.);
#3470 = EDGE_LOOP('',(#3471));
#3471 = ORIENTED_EDGE('',*,*,#3472,.T.);
#3472 = EDGE_CURVE('',#3473,#3473,#3475,.T.);
#3473 = VERTEX_POINT('',#3474);
#3474 = CARTESIAN_POINT('',(125.25,-56.8461,1.51));
#3475 = CIRCLE('',#3476,0.5461);
#3476 = AXIS2_PLACEMENT_3D('',#3477,#3478,#3479);
#3477 = CARTESIAN_POINT('',(125.25,-56.3,1.51));
#3478 = DIRECTION('',(-0.,0.,-1.));
#3479 = DIRECTION('',(-0.,-1.,0.));
#3480 = FACE_BOUND('',#3481,.T.);
#3481 = EDGE_LOOP('',(#3482));
#3482 = ORIENTED_EDGE('',*,*,#3483,.T.);
#3483 = EDGE_CURVE('',#3484,#3484,#3486,.T.);
#3484 = VERTEX_POINT('',#3485);
#3485 = CARTESIAN_POINT('',(132.87,-61.9261,1.51));
#3486 = CIRCLE('',#3487,0.5461);
#3487 = AXIS2_PLACEMENT_3D('',#3488,#3489,#3490);
#3488 = CARTESIAN_POINT('',(132.87,-61.38,1.51));
#3489 = DIRECTION('',(-0.,0.,-1.));
#3490 = DIRECTION('',(-0.,-1.,0.));
#3491 = FACE_BOUND('',#3492,.T.);
#3492 = EDGE_LOOP('',(#3493));
#3493 = ORIENTED_EDGE('',*,*,#3494,.T.);
#3494 = EDGE_CURVE('',#3495,#3495,#3497,.T.);
#3495 = VERTEX_POINT('',#3496);
#3496 = CARTESIAN_POINT('',(132.87,-59.3861,1.51));
#3497 = CIRCLE('',#3498,0.5461);
#3498 = AXIS2_PLACEMENT_3D('',#3499,#3500,#3501);
#3499 = CARTESIAN_POINT('',(132.87,-58.84,1.51));
#3500 = DIRECTION('',(-0.,0.,-1.));
#3501 = DIRECTION('',(-0.,-1.,0.));
#3502 = FACE_BOUND('',#3503,.T.);
#3503 = EDGE_LOOP('',(#3504));
#3504 = ORIENTED_EDGE('',*,*,#3505,.T.);
#3505 = EDGE_CURVE('',#3506,#3506,#3508,.T.);
#3506 = VERTEX_POINT('',#3507);
#3507 = CARTESIAN_POINT('',(132.87,-56.8461,1.51));
#3508 = CIRCLE('',#3509,0.5461);
#3509 = AXIS2_PLACEMENT_3D('',#3510,#3511,#3512);
#3510 = CARTESIAN_POINT('',(132.87,-56.3,1.51));
#3511 = DIRECTION('',(-0.,0.,-1.));
#3512 = DIRECTION('',(-0.,-1.,0.));
#3513 = FACE_BOUND('',#3514,.T.);
#3514 = EDGE_LOOP('',(#3515));
#3515 = ORIENTED_EDGE('',*,*,#3516,.T.);
#3516 = EDGE_CURVE('',#3517,#3517,#3519,.T.);
#3517 = VERTEX_POINT('',#3518);
#3518 = CARTESIAN_POINT('',(132.87,-54.3061,1.51));
#3519 = CIRCLE('',#3520,0.5461);
#3520 = AXIS2_PLACEMENT_3D('',#3521,#3522,#3523);
#3521 = CARTESIAN_POINT('',(132.87,-53.76,1.51));
#3522 = DIRECTION('',(-0.,0.,-1.));
#3523 = DIRECTION('',(-0.,-1.,0.));
#3524 = FACE_BOUND('',#3525,.T.);
#3525 = EDGE_LOOP('',(#3526));
#3526 = ORIENTED_EDGE('',*,*,#3527,.T.);
#3527 = EDGE_CURVE('',#3528,#3528,#3530,.T.);
#3528 = VERTEX_POINT('',#3529);
#3529 = CARTESIAN_POINT('',(132.87,-51.7661,1.51));
#3530 = CIRCLE('',#3531,0.5461);
#3531 = AXIS2_PLACEMENT_3D('',#3532,#3533,#3534);
#3532 = CARTESIAN_POINT('',(132.87,-51.22,1.51));
#3533 = DIRECTION('',(-0.,0.,-1.));
#3534 = DIRECTION('',(-0.,-1.,0.));
#3535 = FACE_BOUND('',#3536,.T.);
#3536 = EDGE_LOOP('',(#3537));
#3537 = ORIENTED_EDGE('',*,*,#3538,.T.);
#3538 = EDGE_CURVE('',#3539,#3539,#3541,.T.);
#3539 = VERTEX_POINT('',#3540);
#3540 = CARTESIAN_POINT('',(132.87,-49.2261,1.51));
#3541 = CIRCLE('',#3542,0.5461);
#3542 = AXIS2_PLACEMENT_3D('',#3543,#3544,#3545);
#3543 = CARTESIAN_POINT('',(132.87,-48.68,1.51));
#3544 = DIRECTION('',(-0.,0.,-1.));
#3545 = DIRECTION('',(-0.,-1.,0.));
#3546 = FACE_BOUND('',#3547,.T.);
#3547 = EDGE_LOOP('',(#3548));
#3548 = ORIENTED_EDGE('',*,*,#3549,.T.);
#3549 = EDGE_CURVE('',#3550,#3550,#3552,.T.);
#3550 = VERTEX_POINT('',#3551);
#3551 = CARTESIAN_POINT('',(132.87,-46.6861,1.51));
#3552 = CIRCLE('',#3553,0.5461);
#3553 = AXIS2_PLACEMENT_3D('',#3554,#3555,#3556);
#3554 = CARTESIAN_POINT('',(132.87,-46.14,1.51));
#3555 = DIRECTION('',(-0.,0.,-1.));
#3556 = DIRECTION('',(-0.,-1.,0.));
#3557 = FACE_BOUND('',#3558,.T.);
#3558 = EDGE_LOOP('',(#3559));
#3559 = ORIENTED_EDGE('',*,*,#3560,.T.);
#3560 = EDGE_CURVE('',#3561,#3561,#3563,.T.);
#3561 = VERTEX_POINT('',#3562);
#3562 = CARTESIAN_POINT('',(132.87,-44.1461,1.51));
#3563 = CIRCLE('',#3564,0.5461);
#3564 = AXIS2_PLACEMENT_3D('',#3565,#3566,#3567);
#3565 = CARTESIAN_POINT('',(132.87,-43.6,1.51));
#3566 = DIRECTION('',(-0.,0.,-1.));
#3567 = DIRECTION('',(-0.,-1.,0.));
#3568 = FACE_BOUND('',#3569,.T.);
#3569 = EDGE_LOOP('',(#3570));
#3570 = ORIENTED_EDGE('',*,*,#3571,.T.);
#3571 = EDGE_CURVE('',#3572,#3572,#3574,.T.);
#3572 = VERTEX_POINT('',#3573);
#3573 = CARTESIAN_POINT('',(132.87,-41.6061,1.51));
#3574 = CIRCLE('',#3575,0.5461);
#3575 = AXIS2_PLACEMENT_3D('',#3576,#3577,#3578);
#3576 = CARTESIAN_POINT('',(132.87,-41.06,1.51));
#3577 = DIRECTION('',(-0.,0.,-1.));
#3578 = DIRECTION('',(-0.,-1.,0.));
#3579 = FACE_BOUND('',#3580,.T.);
#3580 = EDGE_LOOP('',(#3581));
#3581 = ORIENTED_EDGE('',*,*,#3582,.T.);
#3582 = EDGE_CURVE('',#3583,#3583,#3585,.T.);
#3583 = VERTEX_POINT('',#3584);
#3584 = CARTESIAN_POINT('',(132.87,-39.0661,1.51));
#3585 = CIRCLE('',#3586,0.5461);
#3586 = AXIS2_PLACEMENT_3D('',#3587,#3588,#3589);
#3587 = CARTESIAN_POINT('',(132.87,-38.52,1.51));
#3588 = DIRECTION('',(-0.,0.,-1.));
#3589 = DIRECTION('',(-0.,-1.,0.));
#3590 = FACE_BOUND('',#3591,.T.);
#3591 = EDGE_LOOP('',(#3592));
#3592 = ORIENTED_EDGE('',*,*,#3593,.T.);
#3593 = EDGE_CURVE('',#3594,#3594,#3596,.T.);
#3594 = VERTEX_POINT('',#3595);
#3595 = CARTESIAN_POINT('',(132.87,-36.5261,1.51));
#3596 = CIRCLE('',#3597,0.5461);
#3597 = AXIS2_PLACEMENT_3D('',#3598,#3599,#3600);
#3598 = CARTESIAN_POINT('',(132.87,-35.98,1.51));
#3599 = DIRECTION('',(-0.,0.,-1.));
#3600 = DIRECTION('',(-0.,-1.,0.));
#3601 = FACE_BOUND('',#3602,.T.);
#3602 = EDGE_LOOP('',(#3603));
#3603 = ORIENTED_EDGE('',*,*,#3604,.T.);
#3604 = EDGE_CURVE('',#3605,#3605,#3607,.T.);
#3605 = VERTEX_POINT('',#3606);
#3606 = CARTESIAN_POINT('',(132.87,-33.9861,1.51));
#3607 = CIRCLE('',#3608,0.5461);
#3608 = AXIS2_PLACEMENT_3D('',#3609,#3610,#3611);
#3609 = CARTESIAN_POINT('',(132.87,-33.44,1.51));
#3610 = DIRECTION('',(-0.,0.,-1.));
#3611 = DIRECTION('',(-0.,-1.,0.));
#3612 = PLANE('',#3613);
#3613 = AXIS2_PLACEMENT_3D('',#3614,#3615,#3616);
#3614 = CARTESIAN_POINT('',(0.,0.,1.51));
#3615 = DIRECTION('',(0.,0.,1.));
#3616 = DIRECTION('',(1.,0.,-0.));
#3617 = ADVANCED_FACE('',(#3618),#3629,.T.);
#3618 = FACE_BOUND('',#3619,.T.);
#3619 = EDGE_LOOP('',(#3620,#3626,#3627,#3628));
#3620 = ORIENTED_EDGE('',*,*,#3621,.T.);
#3621 = EDGE_CURVE('',#144,#1884,#3622,.T.);
#3622 = LINE('',#3623,#3624);
#3623 = CARTESIAN_POINT('',(34.5,-30.25,0.));
#3624 = VECTOR('',#3625,1.);
#3625 = DIRECTION('',(0.,0.,1.));
#3626 = ORIENTED_EDGE('',*,*,#1883,.T.);
#3627 = ORIENTED_EDGE('',*,*,#79,.F.);
#3628 = ORIENTED_EDGE('',*,*,#143,.F.);
#3629 = PLANE('',#3630);
#3630 = AXIS2_PLACEMENT_3D('',#3631,#3632,#3633);
#3631 = CARTESIAN_POINT('',(34.5,-30.25,0.));
#3632 = DIRECTION('',(0.,1.,0.));
#3633 = DIRECTION('',(1.,0.,0.));
#3634 = ADVANCED_FACE('',(#3635),#3646,.T.);
#3635 = FACE_BOUND('',#3636,.T.);
#3636 = EDGE_LOOP('',(#3637,#3638,#3639,#3645));
#3637 = ORIENTED_EDGE('',*,*,#119,.T.);
#3638 = ORIENTED_EDGE('',*,*,#1923,.T.);
#3639 = ORIENTED_EDGE('',*,*,#3640,.F.);
#3640 = EDGE_CURVE('',#176,#1916,#3641,.T.);
#3641 = LINE('',#3642,#3643);
#3642 = CARTESIAN_POINT('',(158.39796,-128.091837,0.));
#3643 = VECTOR('',#3644,1.);
#3644 = DIRECTION('',(0.,0.,1.));
#3645 = ORIENTED_EDGE('',*,*,#183,.F.);
#3646 = PLANE('',#3647);
#3647 = AXIS2_PLACEMENT_3D('',#3648,#3649,#3650);
#3648 = CARTESIAN_POINT('',(117.,-104.624204,0.));
#3649 = DIRECTION('',(0.493152367155,0.869942953744,-0.));
#3650 = DIRECTION('',(0.869942953744,-0.493152367155,0.));
#3651 = ADVANCED_FACE('',(#3652),#3663,.T.);
#3652 = FACE_BOUND('',#3653,.T.);
#3653 = EDGE_LOOP('',(#3654,#3660,#3661,#3662));
#3654 = ORIENTED_EDGE('',*,*,#3655,.T.);
#3655 = EDGE_CURVE('',#152,#1892,#3656,.T.);
#3656 = LINE('',#3657,#3658);
#3657 = CARTESIAN_POINT('',(34.5,-123.25,0.));
#3658 = VECTOR('',#3659,1.);
#3659 = DIRECTION('',(0.,0.,1.));
#3660 = ORIENTED_EDGE('',*,*,#1891,.T.);
#3661 = ORIENTED_EDGE('',*,*,#3621,.F.);
#3662 = ORIENTED_EDGE('',*,*,#151,.F.);
#3663 = PLANE('',#3664);
#3664 = AXIS2_PLACEMENT_3D('',#3665,#3666,#3667);
#3665 = CARTESIAN_POINT('',(34.5,-123.25,0.));
#3666 = DIRECTION('',(-1.,0.,0.));
#3667 = DIRECTION('',(0.,1.,0.));
#3668 = ADVANCED_FACE('',(#3669),#3680,.T.);
#3669 = FACE_BOUND('',#3670,.T.);
#3670 = EDGE_LOOP('',(#3671,#3672,#3673,#3679));
#3671 = ORIENTED_EDGE('',*,*,#3640,.T.);
#3672 = ORIENTED_EDGE('',*,*,#1915,.T.);
#3673 = ORIENTED_EDGE('',*,*,#3674,.F.);
#3674 = EDGE_CURVE('',#168,#1908,#3675,.T.);
#3675 = LINE('',#3676,#3677);
#3676 = CARTESIAN_POINT('',(138.104644,-163.903568,0.));
#3677 = VECTOR('',#3678,1.);
#3678 = DIRECTION('',(0.,0.,1.));
#3679 = ORIENTED_EDGE('',*,*,#175,.F.);
#3680 = PLANE('',#3681);
#3681 = AXIS2_PLACEMENT_3D('',#3682,#3683,#3684);
#3682 = CARTESIAN_POINT('',(158.39796,-128.091837,0.));
#3683 = DIRECTION('',(0.870022167439,-0.493012604469,0.));
#3684 = DIRECTION('',(-0.493012604469,-0.870022167439,0.));
#3685 = ADVANCED_FACE('',(#3686),#3697,.T.);
#3686 = FACE_BOUND('',#3687,.T.);
#3687 = EDGE_LOOP('',(#3688,#3694,#3695,#3696));
#3688 = ORIENTED_EDGE('',*,*,#3689,.T.);
#3689 = EDGE_CURVE('',#160,#1900,#3690,.T.);
#3690 = LINE('',#3691,#3692);
#3691 = CARTESIAN_POINT('',(66.402471,-123.25,0.));
#3692 = VECTOR('',#3693,1.);
#3693 = DIRECTION('',(0.,0.,1.));
#3694 = ORIENTED_EDGE('',*,*,#1899,.T.);
#3695 = ORIENTED_EDGE('',*,*,#3655,.F.);
#3696 = ORIENTED_EDGE('',*,*,#159,.F.);
#3697 = PLANE('',#3698);
#3698 = AXIS2_PLACEMENT_3D('',#3699,#3700,#3701);
#3699 = CARTESIAN_POINT('',(66.402471,-123.25,0.));
#3700 = DIRECTION('',(0.,-1.,0.));
#3701 = DIRECTION('',(-1.,0.,0.));
#3702 = ADVANCED_FACE('',(#3703),#3709,.T.);
#3703 = FACE_BOUND('',#3704,.T.);
#3704 = EDGE_LOOP('',(#3705,#3706,#3707,#3708));
#3705 = ORIENTED_EDGE('',*,*,#3674,.T.);
#3706 = ORIENTED_EDGE('',*,*,#1907,.T.);
#3707 = ORIENTED_EDGE('',*,*,#3689,.F.);
#3708 = ORIENTED_EDGE('',*,*,#167,.F.);
#3709 = PLANE('',#3710);
#3710 = AXIS2_PLACEMENT_3D('',#3711,#3712,#3713);
#3711 = CARTESIAN_POINT('',(138.104644,-163.903568,0.));
#3712 = DIRECTION('',(-0.493217683159,-0.869905924235,0.));
#3713 = DIRECTION('',(-0.869905924235,0.493217683159,0.));
#3714 = ADVANCED_FACE('',(#3715),#3726,.F.);
#3715 = FACE_BOUND('',#3716,.T.);
#3716 = EDGE_LOOP('',(#3717,#3718,#3724,#3725));
#3717 = ORIENTED_EDGE('',*,*,#192,.T.);
#3718 = ORIENTED_EDGE('',*,*,#3719,.T.);
#3719 = EDGE_CURVE('',#193,#1933,#3720,.T.);
#3720 = LINE('',#3721,#3722);
#3721 = CARTESIAN_POINT('',(38.91,-111.83,-4.6E-02));
#3722 = VECTOR('',#3723,1.);
#3723 = DIRECTION('',(0.,0.,1.));
#3724 = ORIENTED_EDGE('',*,*,#1932,.F.);
#3725 = ORIENTED_EDGE('',*,*,#3719,.F.);
#3726 = CYLINDRICAL_SURFACE('',#3727,0.95);
#3727 = AXIS2_PLACEMENT_3D('',#3728,#3729,#3730);
#3728 = CARTESIAN_POINT('',(38.91,-110.88,-4.6E-02));
#3729 = DIRECTION('',(-0.,-0.,-1.));
#3730 = DIRECTION('',(-0.,-1.,0.));
#3731 = ADVANCED_FACE('',(#3732),#3743,.F.);
#3732 = FACE_BOUND('',#3733,.T.);
#3733 = EDGE_LOOP('',(#3734,#3735,#3741,#3742));
#3734 = ORIENTED_EDGE('',*,*,#203,.T.);
#3735 = ORIENTED_EDGE('',*,*,#3736,.T.);
#3736 = EDGE_CURVE('',#204,#1944,#3737,.T.);
#3737 = LINE('',#3738,#3739);
#3738 = CARTESIAN_POINT('',(44.41,-112.605,-4.6E-02));
#3739 = VECTOR('',#3740,1.);
#3740 = DIRECTION('',(0.,0.,1.));
#3741 = ORIENTED_EDGE('',*,*,#1943,.F.);
#3742 = ORIENTED_EDGE('',*,*,#3736,.F.);
#3743 = CYLINDRICAL_SURFACE('',#3744,1.725);
#3744 = AXIS2_PLACEMENT_3D('',#3745,#3746,#3747);
#3745 = CARTESIAN_POINT('',(44.41,-110.88,-4.6E-02));
#3746 = DIRECTION('',(-0.,-0.,-1.));
#3747 = DIRECTION('',(-0.,-1.,0.));
#3748 = ADVANCED_FACE('',(#3749),#3760,.F.);
#3749 = FACE_BOUND('',#3750,.T.);
#3750 = EDGE_LOOP('',(#3751,#3752,#3758,#3759));
#3751 = ORIENTED_EDGE('',*,*,#214,.T.);
#3752 = ORIENTED_EDGE('',*,*,#3753,.T.);
#3753 = EDGE_CURVE('',#215,#1955,#3754,.T.);
#3754 = LINE('',#3755,#3756);
#3755 = CARTESIAN_POINT('',(44.41,-105.58,-4.6E-02));
#3756 = VECTOR('',#3757,1.);
#3757 = DIRECTION('',(0.,0.,1.));
#3758 = ORIENTED_EDGE('',*,*,#1954,.F.);
#3759 = ORIENTED_EDGE('',*,*,#3753,.F.);
#3760 = CYLINDRICAL_SURFACE('',#3761,0.6);
#3761 = AXIS2_PLACEMENT_3D('',#3762,#3763,#3764);
#3762 = CARTESIAN_POINT('',(44.41,-104.98,-4.6E-02));
#3763 = DIRECTION('',(-0.,-0.,-1.));
#3764 = DIRECTION('',(-0.,-1.,0.));
#3765 = ADVANCED_FACE('',(#3766),#3777,.F.);
#3766 = FACE_BOUND('',#3767,.T.);
#3767 = EDGE_LOOP('',(#3768,#3769,#3775,#3776));
#3768 = ORIENTED_EDGE('',*,*,#225,.T.);
#3769 = ORIENTED_EDGE('',*,*,#3770,.T.);
#3770 = EDGE_CURVE('',#226,#1966,#3771,.T.);
#3771 = LINE('',#3772,#3773);
#3772 = CARTESIAN_POINT('',(49.91,-111.83,-4.6E-02));
#3773 = VECTOR('',#3774,1.);
#3774 = DIRECTION('',(0.,0.,1.));
#3775 = ORIENTED_EDGE('',*,*,#1965,.F.);
#3776 = ORIENTED_EDGE('',*,*,#3770,.F.);
#3777 = CYLINDRICAL_SURFACE('',#3778,0.95);
#3778 = AXIS2_PLACEMENT_3D('',#3779,#3780,#3781);
#3779 = CARTESIAN_POINT('',(49.91,-110.88,-4.6E-02));
#3780 = DIRECTION('',(-0.,-0.,-1.));
#3781 = DIRECTION('',(-0.,-1.,0.));
#3782 = ADVANCED_FACE('',(#3783),#3794,.F.);
#3783 = FACE_BOUND('',#3784,.T.);
#3784 = EDGE_LOOP('',(#3785,#3786,#3792,#3793));
#3785 = ORIENTED_EDGE('',*,*,#236,.T.);
#3786 = ORIENTED_EDGE('',*,*,#3787,.T.);
#3787 = EDGE_CURVE('',#237,#1977,#3788,.T.);
#3788 = LINE('',#3789,#3790);
#3789 = CARTESIAN_POINT('',(49.41,-107.68,-4.6E-02));
#3790 = VECTOR('',#3791,1.);
#3791 = DIRECTION('',(0.,0.,1.));
#3792 = ORIENTED_EDGE('',*,*,#1976,.F.);
#3793 = ORIENTED_EDGE('',*,*,#3787,.F.);
#3794 = CYLINDRICAL_SURFACE('',#3795,0.6);
#3795 = AXIS2_PLACEMENT_3D('',#3796,#3797,#3798);
#3796 = CARTESIAN_POINT('',(49.41,-107.08,-4.6E-02));
#3797 = DIRECTION('',(-0.,-0.,-1.));
#3798 = DIRECTION('',(-0.,-1.,0.));
#3799 = ADVANCED_FACE('',(#3800),#3811,.F.);
#3800 = FACE_BOUND('',#3801,.T.);
#3801 = EDGE_LOOP('',(#3802,#3803,#3809,#3810));
#3802 = ORIENTED_EDGE('',*,*,#247,.T.);
#3803 = ORIENTED_EDGE('',*,*,#3804,.T.);
#3804 = EDGE_CURVE('',#248,#1988,#3805,.T.);
#3805 = LINE('',#3806,#3807);
#3806 = CARTESIAN_POINT('',(53.71,-115.09,-4.6E-02));
#3807 = VECTOR('',#3808,1.);
#3808 = DIRECTION('',(0.,0.,1.));
#3809 = ORIENTED_EDGE('',*,*,#1987,.F.);
#3810 = ORIENTED_EDGE('',*,*,#3804,.F.);
#3811 = CYLINDRICAL_SURFACE('',#3812,0.4);
#3812 = AXIS2_PLACEMENT_3D('',#3813,#3814,#3815);
#3813 = CARTESIAN_POINT('',(53.71,-114.69,-4.6E-02));
#3814 = DIRECTION('',(-0.,-0.,-1.));
#3815 = DIRECTION('',(-0.,-1.,0.));
#3816 = ADVANCED_FACE('',(#3817),#3828,.F.);
#3817 = FACE_BOUND('',#3818,.T.);
#3818 = EDGE_LOOP('',(#3819,#3820,#3826,#3827));
#3819 = ORIENTED_EDGE('',*,*,#258,.T.);
#3820 = ORIENTED_EDGE('',*,*,#3821,.T.);
#3821 = EDGE_CURVE('',#259,#1999,#3822,.T.);
#3822 = LINE('',#3823,#3824);
#3823 = CARTESIAN_POINT('',(53.71,-107.47,-4.6E-02));
#3824 = VECTOR('',#3825,1.);
#3825 = DIRECTION('',(0.,0.,1.));
#3826 = ORIENTED_EDGE('',*,*,#1998,.F.);
#3827 = ORIENTED_EDGE('',*,*,#3821,.F.);
#3828 = CYLINDRICAL_SURFACE('',#3829,0.4);
#3829 = AXIS2_PLACEMENT_3D('',#3830,#3831,#3832);
#3830 = CARTESIAN_POINT('',(53.71,-107.07,-4.6E-02));
#3831 = DIRECTION('',(-0.,-0.,-1.));
#3832 = DIRECTION('',(-0.,-1.,0.));
#3833 = ADVANCED_FACE('',(#3834),#3845,.F.);
#3834 = FACE_BOUND('',#3835,.T.);
#3835 = EDGE_LOOP('',(#3836,#3837,#3843,#3844));
#3836 = ORIENTED_EDGE('',*,*,#269,.T.);
#3837 = ORIENTED_EDGE('',*,*,#3838,.T.);
#3838 = EDGE_CURVE('',#270,#2010,#3839,.T.);
#3839 = LINE('',#3840,#3841);
#3840 = CARTESIAN_POINT('',(38.91,-93.23,-4.6E-02));
#3841 = VECTOR('',#3842,1.);
#3842 = DIRECTION('',(0.,0.,1.));
#3843 = ORIENTED_EDGE('',*,*,#2009,.F.);
#3844 = ORIENTED_EDGE('',*,*,#3838,.F.);
#3845 = CYLINDRICAL_SURFACE('',#3846,0.95);
#3846 = AXIS2_PLACEMENT_3D('',#3847,#3848,#3849);
#3847 = CARTESIAN_POINT('',(38.91,-92.28,-4.6E-02));
#3848 = DIRECTION('',(-0.,-0.,-1.));
#3849 = DIRECTION('',(-0.,-1.,0.));
#3850 = ADVANCED_FACE('',(#3851),#3862,.F.);
#3851 = FACE_BOUND('',#3852,.T.);
#3852 = EDGE_LOOP('',(#3853,#3854,#3860,#3861));
#3853 = ORIENTED_EDGE('',*,*,#280,.T.);
#3854 = ORIENTED_EDGE('',*,*,#3855,.T.);
#3855 = EDGE_CURVE('',#281,#2021,#3856,.T.);
#3856 = LINE('',#3857,#3858);
#3857 = CARTESIAN_POINT('',(44.41,-94.005,-4.6E-02));
#3858 = VECTOR('',#3859,1.);
#3859 = DIRECTION('',(0.,0.,1.));
#3860 = ORIENTED_EDGE('',*,*,#2020,.F.);
#3861 = ORIENTED_EDGE('',*,*,#3855,.F.);
#3862 = CYLINDRICAL_SURFACE('',#3863,1.725);
#3863 = AXIS2_PLACEMENT_3D('',#3864,#3865,#3866);
#3864 = CARTESIAN_POINT('',(44.41,-92.28,-4.6E-02));
#3865 = DIRECTION('',(-0.,-0.,-1.));
#3866 = DIRECTION('',(-0.,-1.,0.));
#3867 = ADVANCED_FACE('',(#3868),#3879,.F.);
#3868 = FACE_BOUND('',#3869,.T.);
#3869 = EDGE_LOOP('',(#3870,#3871,#3877,#3878));
#3870 = ORIENTED_EDGE('',*,*,#291,.T.);
#3871 = ORIENTED_EDGE('',*,*,#3872,.T.);
#3872 = EDGE_CURVE('',#292,#2032,#3873,.T.);
#3873 = LINE('',#3874,#3875);
#3874 = CARTESIAN_POINT('',(49.91,-93.23,-4.6E-02));
#3875 = VECTOR('',#3876,1.);
#3876 = DIRECTION('',(0.,0.,1.));
#3877 = ORIENTED_EDGE('',*,*,#2031,.F.);
#3878 = ORIENTED_EDGE('',*,*,#3872,.F.);
#3879 = CYLINDRICAL_SURFACE('',#3880,0.95);
#3880 = AXIS2_PLACEMENT_3D('',#3881,#3882,#3883);
#3881 = CARTESIAN_POINT('',(49.91,-92.28,-4.6E-02));
#3882 = DIRECTION('',(-0.,-0.,-1.));
#3883 = DIRECTION('',(-0.,-1.,0.));
#3884 = ADVANCED_FACE('',(#3885),#3896,.F.);
#3885 = FACE_BOUND('',#3886,.T.);
#3886 = EDGE_LOOP('',(#3887,#3888,#3894,#3895));
#3887 = ORIENTED_EDGE('',*,*,#302,.T.);
#3888 = ORIENTED_EDGE('',*,*,#3889,.T.);
#3889 = EDGE_CURVE('',#303,#2043,#3890,.T.);
#3890 = LINE('',#3891,#3892);
#3891 = CARTESIAN_POINT('',(57.51,-102.53,-4.6E-02));
#3892 = VECTOR('',#3893,1.);
#3893 = DIRECTION('',(0.,0.,1.));
#3894 = ORIENTED_EDGE('',*,*,#2042,.F.);
#3895 = ORIENTED_EDGE('',*,*,#3889,.F.);
#3896 = CYLINDRICAL_SURFACE('',#3897,0.95);
#3897 = AXIS2_PLACEMENT_3D('',#3898,#3899,#3900);
#3898 = CARTESIAN_POINT('',(57.51,-101.58,-4.6E-02));
#3899 = DIRECTION('',(-0.,-0.,-1.));
#3900 = DIRECTION('',(-7.479397218527E-15,-1.,0.));
#3901 = ADVANCED_FACE('',(#3902),#3913,.F.);
#3902 = FACE_BOUND('',#3903,.T.);
#3903 = EDGE_LOOP('',(#3904,#3905,#3911,#3912));
#3904 = ORIENTED_EDGE('',*,*,#313,.T.);
#3905 = ORIENTED_EDGE('',*,*,#3906,.T.);
#3906 = EDGE_CURVE('',#314,#2054,#3907,.T.);
#3907 = LINE('',#3908,#3909);
#3908 = CARTESIAN_POINT('',(63.01,-103.305,-4.6E-02));
#3909 = VECTOR('',#3910,1.);
#3910 = DIRECTION('',(0.,0.,1.));
#3911 = ORIENTED_EDGE('',*,*,#2053,.F.);
#3912 = ORIENTED_EDGE('',*,*,#3906,.F.);
#3913 = CYLINDRICAL_SURFACE('',#3914,1.725);
#3914 = AXIS2_PLACEMENT_3D('',#3915,#3916,#3917);
#3915 = CARTESIAN_POINT('',(63.01,-101.58,-4.6E-02));
#3916 = DIRECTION('',(-0.,-0.,-1.));
#3917 = DIRECTION('',(-0.,-1.,0.));
#3918 = ADVANCED_FACE('',(#3919),#3930,.F.);
#3919 = FACE_BOUND('',#3920,.T.);
#3920 = EDGE_LOOP('',(#3921,#3922,#3928,#3929));
#3921 = ORIENTED_EDGE('',*,*,#324,.T.);
#3922 = ORIENTED_EDGE('',*,*,#3923,.T.);
#3923 = EDGE_CURVE('',#325,#2065,#3924,.T.);
#3924 = LINE('',#3925,#3926);
#3925 = CARTESIAN_POINT('',(53.71,-96.49,-4.6E-02));
#3926 = VECTOR('',#3927,1.);
#3927 = DIRECTION('',(0.,0.,1.));
#3928 = ORIENTED_EDGE('',*,*,#2064,.F.);
#3929 = ORIENTED_EDGE('',*,*,#3923,.F.);
#3930 = CYLINDRICAL_SURFACE('',#3931,0.4);
#3931 = AXIS2_PLACEMENT_3D('',#3932,#3933,#3934);
#3932 = CARTESIAN_POINT('',(53.71,-96.09,-4.6E-02));
#3933 = DIRECTION('',(-0.,-0.,-1.));
#3934 = DIRECTION('',(-0.,-1.,0.));
#3935 = ADVANCED_FACE('',(#3936),#3947,.F.);
#3936 = FACE_BOUND('',#3937,.T.);
#3937 = EDGE_LOOP('',(#3938,#3939,#3945,#3946));
#3938 = ORIENTED_EDGE('',*,*,#335,.T.);
#3939 = ORIENTED_EDGE('',*,*,#3940,.T.);
#3940 = EDGE_CURVE('',#336,#2076,#3941,.T.);
#3941 = LINE('',#3942,#3943);
#3942 = CARTESIAN_POINT('',(63.01,-96.28,-4.6E-02));
#3943 = VECTOR('',#3944,1.);
#3944 = DIRECTION('',(0.,0.,1.));
#3945 = ORIENTED_EDGE('',*,*,#2075,.F.);
#3946 = ORIENTED_EDGE('',*,*,#3940,.F.);
#3947 = CYLINDRICAL_SURFACE('',#3948,0.6);
#3948 = AXIS2_PLACEMENT_3D('',#3949,#3950,#3951);
#3949 = CARTESIAN_POINT('',(63.01,-95.68,-4.6E-02));
#3950 = DIRECTION('',(-0.,-0.,-1.));
#3951 = DIRECTION('',(-0.,-1.,0.));
#3952 = ADVANCED_FACE('',(#3953),#3964,.F.);
#3953 = FACE_BOUND('',#3954,.T.);
#3954 = EDGE_LOOP('',(#3955,#3956,#3962,#3963));
#3955 = ORIENTED_EDGE('',*,*,#346,.T.);
#3956 = ORIENTED_EDGE('',*,*,#3957,.T.);
#3957 = EDGE_CURVE('',#347,#2087,#3958,.T.);
#3958 = LINE('',#3959,#3960);
#3959 = CARTESIAN_POINT('',(72.31,-105.79,-4.6E-02));
#3960 = VECTOR('',#3961,1.);
#3961 = DIRECTION('',(0.,0.,1.));
#3962 = ORIENTED_EDGE('',*,*,#2086,.F.);
#3963 = ORIENTED_EDGE('',*,*,#3957,.F.);
#3964 = CYLINDRICAL_SURFACE('',#3965,0.4);
#3965 = AXIS2_PLACEMENT_3D('',#3966,#3967,#3968);
#3966 = CARTESIAN_POINT('',(72.31,-105.39,-4.6E-02));
#3967 = DIRECTION('',(-0.,-0.,-1.));
#3968 = DIRECTION('',(-0.,-1.,0.));
#3969 = ADVANCED_FACE('',(#3970),#3981,.F.);
#3970 = FACE_BOUND('',#3971,.T.);
#3971 = EDGE_LOOP('',(#3972,#3973,#3979,#3980));
#3972 = ORIENTED_EDGE('',*,*,#357,.T.);
#3973 = ORIENTED_EDGE('',*,*,#3974,.T.);
#3974 = EDGE_CURVE('',#358,#2098,#3975,.T.);
#3975 = LINE('',#3976,#3977);
#3976 = CARTESIAN_POINT('',(68.51,-102.53,-4.6E-02));
#3977 = VECTOR('',#3978,1.);
#3978 = DIRECTION('',(0.,0.,1.));
#3979 = ORIENTED_EDGE('',*,*,#2097,.F.);
#3980 = ORIENTED_EDGE('',*,*,#3974,.F.);
#3981 = CYLINDRICAL_SURFACE('',#3982,0.95);
#3982 = AXIS2_PLACEMENT_3D('',#3983,#3984,#3985);
#3983 = CARTESIAN_POINT('',(68.51,-101.58,-4.6E-02));
#3984 = DIRECTION('',(-0.,0.,-1.));
#3985 = DIRECTION('',(1.495879443705E-14,-1.,-0.));
#3986 = ADVANCED_FACE('',(#3987),#3998,.F.);
#3987 = FACE_BOUND('',#3988,.T.);
#3988 = EDGE_LOOP('',(#3989,#3990,#3996,#3997));
#3989 = ORIENTED_EDGE('',*,*,#368,.T.);
#3990 = ORIENTED_EDGE('',*,*,#3991,.T.);
#3991 = EDGE_CURVE('',#369,#2109,#3992,.T.);
#3992 = LINE('',#3993,#3994);
#3993 = CARTESIAN_POINT('',(68.01,-98.38,-4.6E-02));
#3994 = VECTOR('',#3995,1.);
#3995 = DIRECTION('',(0.,0.,1.));
#3996 = ORIENTED_EDGE('',*,*,#2108,.F.);
#3997 = ORIENTED_EDGE('',*,*,#3991,.F.);
#3998 = CYLINDRICAL_SURFACE('',#3999,0.6);
#3999 = AXIS2_PLACEMENT_3D('',#4000,#4001,#4002);
#4000 = CARTESIAN_POINT('',(68.01,-97.78,-4.6E-02));
#4001 = DIRECTION('',(-0.,0.,-1.));
#4002 = DIRECTION('',(2.368475785867E-14,-1.,-0.));
#4003 = ADVANCED_FACE('',(#4004),#4015,.F.);
#4004 = FACE_BOUND('',#4005,.T.);
#4005 = EDGE_LOOP('',(#4006,#4007,#4013,#4014));
#4006 = ORIENTED_EDGE('',*,*,#379,.T.);
#4007 = ORIENTED_EDGE('',*,*,#4008,.T.);
#4008 = EDGE_CURVE('',#380,#2120,#4009,.T.);
#4009 = LINE('',#4010,#4011);
#4010 = CARTESIAN_POINT('',(72.31,-98.17,-4.6E-02));
#4011 = VECTOR('',#4012,1.);
#4012 = DIRECTION('',(0.,0.,1.));
#4013 = ORIENTED_EDGE('',*,*,#2119,.F.);
#4014 = ORIENTED_EDGE('',*,*,#4008,.F.);
#4015 = CYLINDRICAL_SURFACE('',#4016,0.4);
#4016 = AXIS2_PLACEMENT_3D('',#4017,#4018,#4019);
#4017 = CARTESIAN_POINT('',(72.31,-97.77,-4.6E-02));
#4018 = DIRECTION('',(-0.,-0.,-1.));
#4019 = DIRECTION('',(-0.,-1.,0.));
#4020 = ADVANCED_FACE('',(#4021),#4032,.F.);
#4021 = FACE_BOUND('',#4022,.T.);
#4022 = EDGE_LOOP('',(#4023,#4024,#4030,#4031));
#4023 = ORIENTED_EDGE('',*,*,#390,.T.);
#4024 = ORIENTED_EDGE('',*,*,#4025,.T.);
#4025 = EDGE_CURVE('',#391,#2131,#4026,.T.);
#4026 = LINE('',#4027,#4028);
#4027 = CARTESIAN_POINT('',(76.11,-97.53,-4.6E-02));
#4028 = VECTOR('',#4029,1.);
#4029 = DIRECTION('',(0.,0.,1.));
#4030 = ORIENTED_EDGE('',*,*,#2130,.F.);
#4031 = ORIENTED_EDGE('',*,*,#4025,.F.);
#4032 = CYLINDRICAL_SURFACE('',#4033,0.95);
#4033 = AXIS2_PLACEMENT_3D('',#4034,#4035,#4036);
#4034 = CARTESIAN_POINT('',(76.11,-96.58,-4.6E-02));
#4035 = DIRECTION('',(-0.,-0.,-1.));
#4036 = DIRECTION('',(-0.,-1.,0.));
#4037 = ADVANCED_FACE('',(#4038),#4049,.F.);
#4038 = FACE_BOUND('',#4039,.T.);
#4039 = EDGE_LOOP('',(#4040,#4041,#4047,#4048));
#4040 = ORIENTED_EDGE('',*,*,#401,.T.);
#4041 = ORIENTED_EDGE('',*,*,#4042,.T.);
#4042 = EDGE_CURVE('',#402,#2142,#4043,.T.);
#4043 = LINE('',#4044,#4045);
#4044 = CARTESIAN_POINT('',(90.91,-100.79,-4.6E-02));
#4045 = VECTOR('',#4046,1.);
#4046 = DIRECTION('',(0.,0.,1.));
#4047 = ORIENTED_EDGE('',*,*,#2141,.F.);
#4048 = ORIENTED_EDGE('',*,*,#4042,.F.);
#4049 = CYLINDRICAL_SURFACE('',#4050,0.4);
#4050 = AXIS2_PLACEMENT_3D('',#4051,#4052,#4053);
#4051 = CARTESIAN_POINT('',(90.91,-100.39,-4.6E-02));
#4052 = DIRECTION('',(-0.,-0.,-1.));
#4053 = DIRECTION('',(-0.,-1.,0.));
#4054 = ADVANCED_FACE('',(#4055),#4066,.F.);
#4055 = FACE_BOUND('',#4056,.T.);
#4056 = EDGE_LOOP('',(#4057,#4058,#4064,#4065));
#4057 = ORIENTED_EDGE('',*,*,#412,.T.);
#4058 = ORIENTED_EDGE('',*,*,#4059,.T.);
#4059 = EDGE_CURVE('',#413,#2153,#4060,.T.);
#4060 = LINE('',#4061,#4062);
#4061 = CARTESIAN_POINT('',(81.61,-98.305,-4.6E-02));
#4062 = VECTOR('',#4063,1.);
#4063 = DIRECTION('',(0.,0.,1.));
#4064 = ORIENTED_EDGE('',*,*,#2152,.F.);
#4065 = ORIENTED_EDGE('',*,*,#4059,.F.);
#4066 = CYLINDRICAL_SURFACE('',#4067,1.725);
#4067 = AXIS2_PLACEMENT_3D('',#4068,#4069,#4070);
#4068 = CARTESIAN_POINT('',(81.61,-96.58,-4.6E-02));
#4069 = DIRECTION('',(-0.,-0.,-1.));
#4070 = DIRECTION('',(-0.,-1.,0.));
#4071 = ADVANCED_FACE('',(#4072),#4083,.F.);
#4072 = FACE_BOUND('',#4073,.T.);
#4073 = EDGE_LOOP('',(#4074,#4075,#4081,#4082));
#4074 = ORIENTED_EDGE('',*,*,#423,.T.);
#4075 = ORIENTED_EDGE('',*,*,#4076,.T.);
#4076 = EDGE_CURVE('',#424,#2164,#4077,.T.);
#4077 = LINE('',#4078,#4079);
#4078 = CARTESIAN_POINT('',(81.61,-91.28,-4.6E-02));
#4079 = VECTOR('',#4080,1.);
#4080 = DIRECTION('',(0.,0.,1.));
#4081 = ORIENTED_EDGE('',*,*,#2163,.F.);
#4082 = ORIENTED_EDGE('',*,*,#4076,.F.);
#4083 = CYLINDRICAL_SURFACE('',#4084,0.6);
#4084 = AXIS2_PLACEMENT_3D('',#4085,#4086,#4087);
#4085 = CARTESIAN_POINT('',(81.61,-90.68,-4.6E-02));
#4086 = DIRECTION('',(-0.,-0.,-1.));
#4087 = DIRECTION('',(-0.,-1.,0.));
#4088 = ADVANCED_FACE('',(#4089),#4100,.F.);
#4089 = FACE_BOUND('',#4090,.T.);
#4090 = EDGE_LOOP('',(#4091,#4092,#4098,#4099));
#4091 = ORIENTED_EDGE('',*,*,#434,.T.);
#4092 = ORIENTED_EDGE('',*,*,#4093,.T.);
#4093 = EDGE_CURVE('',#435,#2175,#4094,.T.);
#4094 = LINE('',#4095,#4096);
#4095 = CARTESIAN_POINT('',(87.11,-97.53,-4.6E-02));
#4096 = VECTOR('',#4097,1.);
#4097 = DIRECTION('',(0.,0.,1.));
#4098 = ORIENTED_EDGE('',*,*,#2174,.F.);
#4099 = ORIENTED_EDGE('',*,*,#4093,.F.);
#4100 = CYLINDRICAL_SURFACE('',#4101,0.95);
#4101 = AXIS2_PLACEMENT_3D('',#4102,#4103,#4104);
#4102 = CARTESIAN_POINT('',(87.11,-96.58,-4.6E-02));
#4103 = DIRECTION('',(-0.,-0.,-1.));
#4104 = DIRECTION('',(-0.,-1.,0.));
#4105 = ADVANCED_FACE('',(#4106),#4117,.F.);
#4106 = FACE_BOUND('',#4107,.T.);
#4107 = EDGE_LOOP('',(#4108,#4109,#4115,#4116));
#4108 = ORIENTED_EDGE('',*,*,#445,.T.);
#4109 = ORIENTED_EDGE('',*,*,#4110,.T.);
#4110 = EDGE_CURVE('',#446,#2186,#4111,.T.);
#4111 = LINE('',#4112,#4113);
#4112 = CARTESIAN_POINT('',(86.61,-93.38,-4.6E-02));
#4113 = VECTOR('',#4114,1.);
#4114 = DIRECTION('',(0.,0.,1.));
#4115 = ORIENTED_EDGE('',*,*,#2185,.F.);
#4116 = ORIENTED_EDGE('',*,*,#4110,.F.);
#4117 = CYLINDRICAL_SURFACE('',#4118,0.6);
#4118 = AXIS2_PLACEMENT_3D('',#4119,#4120,#4121);
#4119 = CARTESIAN_POINT('',(86.61,-92.78,-4.6E-02));
#4120 = DIRECTION('',(-0.,-0.,-1.));
#4121 = DIRECTION('',(-0.,-1.,0.));
#4122 = ADVANCED_FACE('',(#4123),#4134,.F.);
#4123 = FACE_BOUND('',#4124,.T.);
#4124 = EDGE_LOOP('',(#4125,#4126,#4132,#4133));
#4125 = ORIENTED_EDGE('',*,*,#456,.T.);
#4126 = ORIENTED_EDGE('',*,*,#4127,.T.);
#4127 = EDGE_CURVE('',#457,#2197,#4128,.T.);
#4128 = LINE('',#4129,#4130);
#4129 = CARTESIAN_POINT('',(90.91,-93.17,-4.6E-02));
#4130 = VECTOR('',#4131,1.);
#4131 = DIRECTION('',(0.,0.,1.));
#4132 = ORIENTED_EDGE('',*,*,#2196,.F.);
#4133 = ORIENTED_EDGE('',*,*,#4127,.F.);
#4134 = CYLINDRICAL_SURFACE('',#4135,0.4);
#4135 = AXIS2_PLACEMENT_3D('',#4136,#4137,#4138);
#4136 = CARTESIAN_POINT('',(90.91,-92.77,-4.6E-02));
#4137 = DIRECTION('',(-0.,-0.,-1.));
#4138 = DIRECTION('',(-0.,-1.,0.));
#4139 = ADVANCED_FACE('',(#4140),#4151,.F.);
#4140 = FACE_BOUND('',#4141,.T.);
#4141 = EDGE_LOOP('',(#4142,#4143,#4149,#4150));
#4142 = ORIENTED_EDGE('',*,*,#467,.T.);
#4143 = ORIENTED_EDGE('',*,*,#4144,.T.);
#4144 = EDGE_CURVE('',#468,#2208,#4145,.T.);
#4145 = LINE('',#4146,#4147);
#4146 = CARTESIAN_POINT('',(112.24686,-136.98,-4.6E-02));
#4147 = VECTOR('',#4148,1.);
#4148 = DIRECTION('',(0.,0.,1.));
#4149 = ORIENTED_EDGE('',*,*,#2207,.F.);
#4150 = ORIENTED_EDGE('',*,*,#4144,.F.);
#4151 = CYLINDRICAL_SURFACE('',#4152,0.95);
#4152 = AXIS2_PLACEMENT_3D('',#4153,#4154,#4155);
#4153 = CARTESIAN_POINT('',(112.24686,-136.03,-4.6E-02));
#4154 = DIRECTION('',(-0.,-0.,-1.));
#4155 = DIRECTION('',(-0.,-1.,0.));
#4156 = ADVANCED_FACE('',(#4157),#4168,.F.);
#4157 = FACE_BOUND('',#4158,.T.);
#4158 = EDGE_LOOP('',(#4159,#4160,#4166,#4167));
#4159 = ORIENTED_EDGE('',*,*,#478,.T.);
#4160 = ORIENTED_EDGE('',*,*,#4161,.T.);
#4161 = EDGE_CURVE('',#479,#2219,#4162,.T.);
#4162 = LINE('',#4163,#4164);
#4163 = CARTESIAN_POINT('',(117.01,-140.505,-4.6E-02));
#4164 = VECTOR('',#4165,1.);
#4165 = DIRECTION('',(0.,0.,1.));
#4166 = ORIENTED_EDGE('',*,*,#2218,.F.);
#4167 = ORIENTED_EDGE('',*,*,#4161,.F.);
#4168 = CYLINDRICAL_SURFACE('',#4169,1.725);
#4169 = AXIS2_PLACEMENT_3D('',#4170,#4171,#4172);
#4170 = CARTESIAN_POINT('',(117.01,-138.78,-4.6E-02));
#4171 = DIRECTION('',(-0.,0.,-1.));
#4172 = DIRECTION('',(8.238176646494E-15,-1.,-0.));
#4173 = ADVANCED_FACE('',(#4174),#4185,.F.);
#4174 = FACE_BOUND('',#4175,.T.);
#4175 = EDGE_LOOP('',(#4176,#4177,#4183,#4184));
#4176 = ORIENTED_EDGE('',*,*,#489,.T.);
#4177 = ORIENTED_EDGE('',*,*,#4178,.T.);
#4178 = EDGE_CURVE('',#490,#2230,#4179,.T.);
#4179 = LINE('',#4180,#4181);
#4180 = CARTESIAN_POINT('',(119.96,-134.27045,-4.6E-02));
#4181 = VECTOR('',#4182,1.);
#4182 = DIRECTION('',(0.,0.,1.));
#4183 = ORIENTED_EDGE('',*,*,#2229,.F.);
#4184 = ORIENTED_EDGE('',*,*,#4178,.F.);
#4185 = CYLINDRICAL_SURFACE('',#4186,0.6);
#4186 = AXIS2_PLACEMENT_3D('',#4187,#4188,#4189);
#4187 = CARTESIAN_POINT('',(119.96,-133.67045,-4.6E-02));
#4188 = DIRECTION('',(-0.,-0.,-1.));
#4189 = DIRECTION('',(-2.368475785867E-14,-1.,0.));
#4190 = ADVANCED_FACE('',(#4191),#4202,.F.);
#4191 = FACE_BOUND('',#4192,.T.);
#4192 = EDGE_LOOP('',(#4193,#4194,#4200,#4201));
#4193 = ORIENTED_EDGE('',*,*,#500,.T.);
#4194 = ORIENTED_EDGE('',*,*,#4195,.T.);
#4195 = EDGE_CURVE('',#501,#2241,#4196,.T.);
#4196 = LINE('',#4197,#4198);
#4197 = CARTESIAN_POINT('',(121.77314,-142.48,-4.6E-02));
#4198 = VECTOR('',#4199,1.);
#4199 = DIRECTION('',(0.,0.,1.));
#4200 = ORIENTED_EDGE('',*,*,#2240,.F.);
#4201 = ORIENTED_EDGE('',*,*,#4195,.F.);
#4202 = CYLINDRICAL_SURFACE('',#4203,0.95);
#4203 = AXIS2_PLACEMENT_3D('',#4204,#4205,#4206);
#4204 = CARTESIAN_POINT('',(121.77314,-141.53,-4.6E-02));
#4205 = DIRECTION('',(-0.,-0.,-1.));
#4206 = DIRECTION('',(-0.,-1.,0.));
#4207 = ADVANCED_FACE('',(#4208),#4219,.F.);
#4208 = FACE_BOUND('',#4209,.T.);
#4209 = EDGE_LOOP('',(#4210,#4211,#4217,#4218));
#4210 = ORIENTED_EDGE('',*,*,#511,.T.);
#4211 = ORIENTED_EDGE('',*,*,#4212,.T.);
#4212 = EDGE_CURVE('',#512,#2252,#4213,.T.);
#4213 = LINE('',#4214,#4215);
#4214 = CARTESIAN_POINT('',(125.145,-143.759558,-4.6E-02));
#4215 = VECTOR('',#4216,1.);
#4216 = DIRECTION('',(0.,0.,1.));
#4217 = ORIENTED_EDGE('',*,*,#2251,.F.);
#4218 = ORIENTED_EDGE('',*,*,#4212,.F.);
#4219 = CYLINDRICAL_SURFACE('',#4220,0.4);
#4220 = AXIS2_PLACEMENT_3D('',#4221,#4222,#4223);
#4221 = CARTESIAN_POINT('',(125.145,-143.359558,-4.6E-02));
#4222 = DIRECTION('',(-0.,-0.,-1.));
#4223 = DIRECTION('',(-3.5527136788E-14,-1.,0.));
#4224 = ADVANCED_FACE('',(#4225),#4236,.F.);
#4225 = FACE_BOUND('',#4226,.T.);
#4226 = EDGE_LOOP('',(#4227,#4228,#4234,#4235));
#4227 = ORIENTED_EDGE('',*,*,#522,.T.);
#4228 = ORIENTED_EDGE('',*,*,#4229,.T.);
#4229 = EDGE_CURVE('',#523,#2263,#4230,.T.);
#4230 = LINE('',#4231,#4232);
#4231 = CARTESIAN_POINT('',(123.240127,-138.589103,-4.6E-02));
#4232 = VECTOR('',#4233,1.);
#4233 = DIRECTION('',(0.,0.,1.));
#4234 = ORIENTED_EDGE('',*,*,#2262,.F.);
#4235 = ORIENTED_EDGE('',*,*,#4229,.F.);
#4236 = CYLINDRICAL_SURFACE('',#4237,0.6);
#4237 = AXIS2_PLACEMENT_3D('',#4238,#4239,#4240);
#4238 = CARTESIAN_POINT('',(123.240127,-137.989103,-4.6E-02));
#4239 = DIRECTION('',(-0.,-0.,-1.));
#4240 = DIRECTION('',(-0.,-1.,0.));
#4241 = ADVANCED_FACE('',(#4242),#4253,.F.);
#4242 = FACE_BOUND('',#4243,.T.);
#4243 = EDGE_LOOP('',(#4244,#4245,#4251,#4252));
#4244 = ORIENTED_EDGE('',*,*,#533,.T.);
#4245 = ORIENTED_EDGE('',*,*,#4246,.T.);
#4246 = EDGE_CURVE('',#534,#2274,#4247,.T.);
#4247 = LINE('',#4248,#4249);
#4248 = CARTESIAN_POINT('',(128.955,-137.160444,-4.6E-02));
#4249 = VECTOR('',#4250,1.);
#4250 = DIRECTION('',(0.,0.,1.));
#4251 = ORIENTED_EDGE('',*,*,#2273,.F.);
#4252 = ORIENTED_EDGE('',*,*,#4246,.F.);
#4253 = CYLINDRICAL_SURFACE('',#4254,0.4);
#4254 = AXIS2_PLACEMENT_3D('',#4255,#4256,#4257);
#4255 = CARTESIAN_POINT('',(128.955,-136.760444,-4.6E-02));
#4256 = DIRECTION('',(-0.,0.,-1.));
#4257 = DIRECTION('',(7.1054273576E-14,-1.,-0.));
#4258 = ADVANCED_FACE('',(#4259),#4270,.F.);
#4259 = FACE_BOUND('',#4260,.T.);
#4260 = EDGE_LOOP('',(#4261,#4262,#4268,#4269));
#4261 = ORIENTED_EDGE('',*,*,#544,.T.);
#4262 = ORIENTED_EDGE('',*,*,#4263,.T.);
#4263 = EDGE_CURVE('',#545,#2285,#4264,.T.);
#4264 = LINE('',#4265,#4266);
#4265 = CARTESIAN_POINT('',(130.295,-134.699557,-4.6E-02));
#4266 = VECTOR('',#4267,1.);
#4267 = DIRECTION('',(0.,0.,1.));
#4268 = ORIENTED_EDGE('',*,*,#2284,.F.);
#4269 = ORIENTED_EDGE('',*,*,#4263,.F.);
#4270 = CYLINDRICAL_SURFACE('',#4271,0.4);
#4271 = AXIS2_PLACEMENT_3D('',#4272,#4273,#4274);
#4272 = CARTESIAN_POINT('',(130.295,-134.299557,-4.6E-02));
#4273 = DIRECTION('',(-0.,-0.,-1.));
#4274 = DIRECTION('',(-7.105427357601E-14,-1.,0.));
#4275 = ADVANCED_FACE('',(#4276),#4287,.F.);
#4276 = FACE_BOUND('',#4277,.T.);
#4277 = EDGE_LOOP('',(#4278,#4279,#4285,#4286));
#4278 = ORIENTED_EDGE('',*,*,#555,.T.);
#4279 = ORIENTED_EDGE('',*,*,#4280,.T.);
#4280 = EDGE_CURVE('',#556,#2296,#4281,.T.);
#4281 = LINE('',#4282,#4283);
#4282 = CARTESIAN_POINT('',(133.004933,-138.225964,-4.6E-02));
#4283 = VECTOR('',#4284,1.);
#4284 = DIRECTION('',(0.,0.,1.));
#4285 = ORIENTED_EDGE('',*,*,#2295,.F.);
#4286 = ORIENTED_EDGE('',*,*,#4280,.F.);
#4287 = CYLINDRICAL_SURFACE('',#4288,0.95);
#4288 = AXIS2_PLACEMENT_3D('',#4289,#4290,#4291);
#4289 = CARTESIAN_POINT('',(133.004933,-137.275964,-4.6E-02));
#4290 = DIRECTION('',(-0.,-0.,-1.));
#4291 = DIRECTION('',(-0.,-1.,0.));
#4292 = ADVANCED_FACE('',(#4293),#4304,.F.);
#4293 = FACE_BOUND('',#4294,.T.);
#4294 = EDGE_LOOP('',(#4295,#4296,#4302,#4303));
#4295 = ORIENTED_EDGE('',*,*,#566,.T.);
#4296 = ORIENTED_EDGE('',*,*,#4297,.T.);
#4297 = EDGE_CURVE('',#567,#2307,#4298,.T.);
#4298 = LINE('',#4299,#4300);
#4299 = CARTESIAN_POINT('',(144.025,-148.179557,-4.6E-02));
#4300 = VECTOR('',#4301,1.);
#4301 = DIRECTION('',(0.,0.,1.));
#4302 = ORIENTED_EDGE('',*,*,#2306,.F.);
#4303 = ORIENTED_EDGE('',*,*,#4297,.F.);
#4304 = CYLINDRICAL_SURFACE('',#4305,0.4);
#4305 = AXIS2_PLACEMENT_3D('',#4306,#4307,#4308);
#4306 = CARTESIAN_POINT('',(144.025,-147.779557,-4.6E-02));
#4307 = DIRECTION('',(-0.,-0.,-1.));
#4308 = DIRECTION('',(-0.,-1.,0.));
#4309 = ADVANCED_FACE('',(#4310),#4321,.F.);
#4310 = FACE_BOUND('',#4311,.T.);
#4311 = EDGE_LOOP('',(#4312,#4313,#4319,#4320));
#4312 = ORIENTED_EDGE('',*,*,#577,.T.);
#4313 = ORIENTED_EDGE('',*,*,#4314,.T.);
#4314 = EDGE_CURVE('',#578,#2318,#4315,.T.);
#4315 = LINE('',#4316,#4317);
#4316 = CARTESIAN_POINT('',(142.531213,-143.725964,-4.6E-02));
#4317 = VECTOR('',#4318,1.);
#4318 = DIRECTION('',(0.,0.,1.));
#4319 = ORIENTED_EDGE('',*,*,#2317,.F.);
#4320 = ORIENTED_EDGE('',*,*,#4314,.F.);
#4321 = CYLINDRICAL_SURFACE('',#4322,0.95);
#4322 = AXIS2_PLACEMENT_3D('',#4323,#4324,#4325);
#4323 = CARTESIAN_POINT('',(142.531213,-142.775964,-4.6E-02));
#4324 = DIRECTION('',(-0.,0.,-1.));
#4325 = DIRECTION('',(2.991758887411E-14,-1.,-0.));
#4326 = ADVANCED_FACE('',(#4327),#4338,.F.);
#4327 = FACE_BOUND('',#4328,.T.);
#4328 = EDGE_LOOP('',(#4329,#4330,#4336,#4337));
#4329 = ORIENTED_EDGE('',*,*,#588,.T.);
#4330 = ORIENTED_EDGE('',*,*,#4331,.T.);
#4331 = EDGE_CURVE('',#589,#2329,#4332,.T.);
#4332 = LINE('',#4333,#4334);
#4333 = CARTESIAN_POINT('',(147.835,-141.580443,-4.6E-02));
#4334 = VECTOR('',#4335,1.);
#4335 = DIRECTION('',(0.,0.,1.));
#4336 = ORIENTED_EDGE('',*,*,#2328,.F.);
#4337 = ORIENTED_EDGE('',*,*,#4331,.F.);
#4338 = CYLINDRICAL_SURFACE('',#4339,0.4);
#4339 = AXIS2_PLACEMENT_3D('',#4340,#4341,#4342);
#4340 = CARTESIAN_POINT('',(147.835,-141.180443,-4.6E-02));
#4341 = DIRECTION('',(-0.,-0.,-1.));
#4342 = DIRECTION('',(-0.,-1.,0.));
#4343 = ADVANCED_FACE('',(#4344),#4355,.F.);
#4344 = FACE_BOUND('',#4345,.T.);
#4345 = EDGE_LOOP('',(#4346,#4347,#4353,#4354));
#4346 = ORIENTED_EDGE('',*,*,#599,.T.);
#4347 = ORIENTED_EDGE('',*,*,#4348,.T.);
#4348 = EDGE_CURVE('',#600,#2340,#4349,.T.);
#4349 = LINE('',#4350,#4351);
#4350 = CARTESIAN_POINT('',(137.768073,-141.750964,-4.6E-02));
#4351 = VECTOR('',#4352,1.);
#4352 = DIRECTION('',(0.,0.,1.));
#4353 = ORIENTED_EDGE('',*,*,#2339,.F.);
#4354 = ORIENTED_EDGE('',*,*,#4348,.F.);
#4355 = CYLINDRICAL_SURFACE('',#4356,1.725);
#4356 = AXIS2_PLACEMENT_3D('',#4357,#4358,#4359);
#4357 = CARTESIAN_POINT('',(137.768073,-140.025964,-4.6E-02));
#4358 = DIRECTION('',(-0.,-0.,-1.));
#4359 = DIRECTION('',(-1.647635329299E-14,-1.,0.));
#4360 = ADVANCED_FACE('',(#4361),#4372,.F.);
#4361 = FACE_BOUND('',#4362,.T.);
#4362 = EDGE_LOOP('',(#4363,#4364,#4370,#4371));
#4363 = ORIENTED_EDGE('',*,*,#610,.T.);
#4364 = ORIENTED_EDGE('',*,*,#4365,.T.);
#4365 = EDGE_CURVE('',#611,#2351,#4366,.T.);
#4366 = LINE('',#4367,#4368);
#4367 = CARTESIAN_POINT('',(140.718073,-135.516414,-4.6E-02));
#4368 = VECTOR('',#4369,1.);
#4369 = DIRECTION('',(0.,0.,1.));
#4370 = ORIENTED_EDGE('',*,*,#2350,.F.);
#4371 = ORIENTED_EDGE('',*,*,#4365,.F.);
#4372 = CYLINDRICAL_SURFACE('',#4373,0.6);
#4373 = AXIS2_PLACEMENT_3D('',#4374,#4375,#4376);
#4374 = CARTESIAN_POINT('',(140.718073,-134.916414,-4.6E-02));
#4375 = DIRECTION('',(-0.,-0.,-1.));
#4376 = DIRECTION('',(-0.,-1.,0.));
#4377 = ADVANCED_FACE('',(#4378),#4389,.F.);
#4378 = FACE_BOUND('',#4379,.T.);
#4379 = EDGE_LOOP('',(#4380,#4381,#4387,#4388));
#4380 = ORIENTED_EDGE('',*,*,#621,.T.);
#4381 = ORIENTED_EDGE('',*,*,#4382,.T.);
#4382 = EDGE_CURVE('',#622,#2362,#4383,.T.);
#4383 = LINE('',#4384,#4385);
#4384 = CARTESIAN_POINT('',(143.9982,-139.835067,-4.6E-02));
#4385 = VECTOR('',#4386,1.);
#4386 = DIRECTION('',(0.,0.,1.));
#4387 = ORIENTED_EDGE('',*,*,#2361,.F.);
#4388 = ORIENTED_EDGE('',*,*,#4382,.F.);
#4389 = CYLINDRICAL_SURFACE('',#4390,0.6);
#4390 = AXIS2_PLACEMENT_3D('',#4391,#4392,#4393);
#4391 = CARTESIAN_POINT('',(143.9982,-139.235067,-4.6E-02));
#4392 = DIRECTION('',(-0.,-0.,-1.));
#4393 = DIRECTION('',(-0.,-1.,0.));
#4394 = ADVANCED_FACE('',(#4395),#4406,.F.);
#4395 = FACE_BOUND('',#4396,.T.);
#4396 = EDGE_LOOP('',(#4397,#4398,#4404,#4405));
#4397 = ORIENTED_EDGE('',*,*,#632,.T.);
#4398 = ORIENTED_EDGE('',*,*,#4399,.T.);
#4399 = EDGE_CURVE('',#633,#2373,#4400,.T.);
#4400 = LINE('',#4401,#4402);
#4401 = CARTESIAN_POINT('',(134.105,-128.100443,-4.6E-02));
#4402 = VECTOR('',#4403,1.);
#4403 = DIRECTION('',(0.,0.,1.));
#4404 = ORIENTED_EDGE('',*,*,#2372,.F.);
#4405 = ORIENTED_EDGE('',*,*,#4399,.F.);
#4406 = CYLINDRICAL_SURFACE('',#4407,0.4);
#4407 = AXIS2_PLACEMENT_3D('',#4408,#4409,#4410);
#4408 = CARTESIAN_POINT('',(134.105,-127.700443,-4.6E-02));
#4409 = DIRECTION('',(-0.,-0.,-1.));
#4410 = DIRECTION('',(-7.105427357601E-14,-1.,0.));
#4411 = ADVANCED_FACE('',(#4412),#4423,.F.);
#4412 = FACE_BOUND('',#4413,.T.);
#4413 = EDGE_LOOP('',(#4414,#4415,#4421,#4422));
#4414 = ORIENTED_EDGE('',*,*,#643,.T.);
#4415 = ORIENTED_EDGE('',*,*,#4416,.T.);
#4416 = EDGE_CURVE('',#644,#2384,#4417,.T.);
#4417 = LINE('',#4418,#4419);
#4418 = CARTESIAN_POINT('',(121.54686,-120.871927,-4.6E-02));
#4419 = VECTOR('',#4420,1.);
#4420 = DIRECTION('',(0.,0.,1.));
#4421 = ORIENTED_EDGE('',*,*,#2383,.F.);
#4422 = ORIENTED_EDGE('',*,*,#4416,.F.);
#4423 = CYLINDRICAL_SURFACE('',#4424,0.95);
#4424 = AXIS2_PLACEMENT_3D('',#4425,#4426,#4427);
#4425 = CARTESIAN_POINT('',(121.54686,-119.921927,-4.6E-02));
#4426 = DIRECTION('',(-0.,-0.,-1.));
#4427 = DIRECTION('',(-1.495879443705E-14,-1.,0.));
#4428 = ADVANCED_FACE('',(#4429),#4440,.F.);
#4429 = FACE_BOUND('',#4430,.T.);
#4430 = EDGE_LOOP('',(#4431,#4432,#4438,#4439));
#4431 = ORIENTED_EDGE('',*,*,#654,.T.);
#4432 = ORIENTED_EDGE('',*,*,#4433,.T.);
#4433 = EDGE_CURVE('',#655,#2395,#4434,.T.);
#4434 = LINE('',#4435,#4436);
#4435 = CARTESIAN_POINT('',(126.31,-124.396927,-4.6E-02));
#4436 = VECTOR('',#4437,1.);
#4437 = DIRECTION('',(0.,0.,1.));
#4438 = ORIENTED_EDGE('',*,*,#2394,.F.);
#4439 = ORIENTED_EDGE('',*,*,#4433,.F.);
#4440 = CYLINDRICAL_SURFACE('',#4441,1.725);
#4441 = AXIS2_PLACEMENT_3D('',#4442,#4443,#4444);
#4442 = CARTESIAN_POINT('',(126.31,-122.671927,-4.6E-02));
#4443 = DIRECTION('',(-0.,-0.,-1.));
#4444 = DIRECTION('',(-0.,-1.,0.));
#4445 = ADVANCED_FACE('',(#4446),#4457,.F.);
#4446 = FACE_BOUND('',#4447,.T.);
#4447 = EDGE_LOOP('',(#4448,#4449,#4455,#4456));
#4448 = ORIENTED_EDGE('',*,*,#665,.T.);
#4449 = ORIENTED_EDGE('',*,*,#4450,.T.);
#4450 = EDGE_CURVE('',#666,#2406,#4451,.T.);
#4451 = LINE('',#4452,#4453);
#4452 = CARTESIAN_POINT('',(131.07314,-126.371927,-4.6E-02));
#4453 = VECTOR('',#4454,1.);
#4454 = DIRECTION('',(0.,0.,1.));
#4455 = ORIENTED_EDGE('',*,*,#2405,.F.);
#4456 = ORIENTED_EDGE('',*,*,#4450,.F.);
#4457 = CYLINDRICAL_SURFACE('',#4458,0.95);
#4458 = AXIS2_PLACEMENT_3D('',#4459,#4460,#4461);
#4459 = CARTESIAN_POINT('',(131.07314,-125.421927,-4.6E-02));
#4460 = DIRECTION('',(-0.,-0.,-1.));
#4461 = DIRECTION('',(-2.991758887411E-14,-1.,0.));
#4462 = ADVANCED_FACE('',(#4463),#4474,.F.);
#4463 = FACE_BOUND('',#4464,.T.);
#4464 = EDGE_LOOP('',(#4465,#4466,#4472,#4473));
#4465 = ORIENTED_EDGE('',*,*,#676,.T.);
#4466 = ORIENTED_EDGE('',*,*,#4467,.T.);
#4467 = EDGE_CURVE('',#677,#2417,#4468,.T.);
#4468 = LINE('',#4469,#4470);
#4469 = CARTESIAN_POINT('',(132.540127,-122.48103,-4.6E-02));
#4470 = VECTOR('',#4471,1.);
#4471 = DIRECTION('',(0.,0.,1.));
#4472 = ORIENTED_EDGE('',*,*,#2416,.F.);
#4473 = ORIENTED_EDGE('',*,*,#4467,.F.);
#4474 = CYLINDRICAL_SURFACE('',#4475,0.6);
#4475 = AXIS2_PLACEMENT_3D('',#4476,#4477,#4478);
#4476 = CARTESIAN_POINT('',(132.540127,-121.88103,-4.6E-02));
#4477 = DIRECTION('',(-0.,0.,-1.));
#4478 = DIRECTION('',(4.736951571734E-14,-1.,-0.));
#4479 = ADVANCED_FACE('',(#4480),#4491,.F.);
#4480 = FACE_BOUND('',#4481,.T.);
#4481 = EDGE_LOOP('',(#4482,#4483,#4489,#4490));
#4482 = ORIENTED_EDGE('',*,*,#687,.T.);
#4483 = ORIENTED_EDGE('',*,*,#4484,.T.);
#4484 = EDGE_CURVE('',#688,#2428,#4485,.T.);
#4485 = LINE('',#4486,#4487);
#4486 = CARTESIAN_POINT('',(129.26,-118.162377,-4.6E-02));
#4487 = VECTOR('',#4488,1.);
#4488 = DIRECTION('',(0.,0.,1.));
#4489 = ORIENTED_EDGE('',*,*,#2427,.F.);
#4490 = ORIENTED_EDGE('',*,*,#4484,.F.);
#4491 = CYLINDRICAL_SURFACE('',#4492,0.6);
#4492 = AXIS2_PLACEMENT_3D('',#4493,#4494,#4495);
#4493 = CARTESIAN_POINT('',(129.26,-117.562377,-4.6E-02));
#4494 = DIRECTION('',(-0.,-0.,-1.));
#4495 = DIRECTION('',(-0.,-1.,0.));
#4496 = ADVANCED_FACE('',(#4497),#4508,.F.);
#4497 = FACE_BOUND('',#4498,.T.);
#4498 = EDGE_LOOP('',(#4499,#4500,#4506,#4507));
#4499 = ORIENTED_EDGE('',*,*,#698,.T.);
#4500 = ORIENTED_EDGE('',*,*,#4501,.T.);
#4501 = EDGE_CURVE('',#699,#2439,#4502,.T.);
#4502 = LINE('',#4503,#4504);
#4503 = CARTESIAN_POINT('',(44.41,-86.98,-4.6E-02));
#4504 = VECTOR('',#4505,1.);
#4505 = DIRECTION('',(0.,0.,1.));
#4506 = ORIENTED_EDGE('',*,*,#2438,.F.);
#4507 = ORIENTED_EDGE('',*,*,#4501,.F.);
#4508 = CYLINDRICAL_SURFACE('',#4509,0.6);
#4509 = AXIS2_PLACEMENT_3D('',#4510,#4511,#4512);
#4510 = CARTESIAN_POINT('',(44.41,-86.38,-4.6E-02));
#4511 = DIRECTION('',(-0.,-0.,-1.));
#4512 = DIRECTION('',(-0.,-1.,0.));
#4513 = ADVANCED_FACE('',(#4514),#4525,.F.);
#4514 = FACE_BOUND('',#4515,.T.);
#4515 = EDGE_LOOP('',(#4516,#4517,#4523,#4524));
#4516 = ORIENTED_EDGE('',*,*,#709,.T.);
#4517 = ORIENTED_EDGE('',*,*,#4518,.T.);
#4518 = EDGE_CURVE('',#710,#2450,#4519,.T.);
#4519 = LINE('',#4520,#4521);
#4520 = CARTESIAN_POINT('',(49.41,-89.08,-4.6E-02));
#4521 = VECTOR('',#4522,1.);
#4522 = DIRECTION('',(0.,0.,1.));
#4523 = ORIENTED_EDGE('',*,*,#2449,.F.);
#4524 = ORIENTED_EDGE('',*,*,#4518,.F.);
#4525 = CYLINDRICAL_SURFACE('',#4526,0.6);
#4526 = AXIS2_PLACEMENT_3D('',#4527,#4528,#4529);
#4527 = CARTESIAN_POINT('',(49.41,-88.48,-4.6E-02));
#4528 = DIRECTION('',(-0.,-0.,-1.));
#4529 = DIRECTION('',(-0.,-1.,0.));
#4530 = ADVANCED_FACE('',(#4531),#4542,.F.);
#4531 = FACE_BOUND('',#4532,.T.);
#4532 = EDGE_LOOP('',(#4533,#4534,#4540,#4541));
#4533 = ORIENTED_EDGE('',*,*,#720,.T.);
#4534 = ORIENTED_EDGE('',*,*,#4535,.T.);
#4535 = EDGE_CURVE('',#721,#2461,#4536,.T.);
#4536 = LINE('',#4537,#4538);
#4537 = CARTESIAN_POINT('',(53.71,-88.87,-4.6E-02));
#4538 = VECTOR('',#4539,1.);
#4539 = DIRECTION('',(0.,0.,1.));
#4540 = ORIENTED_EDGE('',*,*,#2460,.F.);
#4541 = ORIENTED_EDGE('',*,*,#4535,.F.);
#4542 = CYLINDRICAL_SURFACE('',#4543,0.4);
#4543 = AXIS2_PLACEMENT_3D('',#4544,#4545,#4546);
#4544 = CARTESIAN_POINT('',(53.71,-88.47,-4.6E-02));
#4545 = DIRECTION('',(-0.,-0.,-1.));
#4546 = DIRECTION('',(-0.,-1.,0.));
#4547 = ADVANCED_FACE('',(#4548),#4559,.F.);
#4548 = FACE_BOUND('',#4549,.T.);
#4549 = EDGE_LOOP('',(#4550,#4551,#4557,#4558));
#4550 = ORIENTED_EDGE('',*,*,#731,.T.);
#4551 = ORIENTED_EDGE('',*,*,#4552,.T.);
#4552 = EDGE_CURVE('',#732,#2472,#4553,.T.);
#4553 = LINE('',#4554,#4555);
#4554 = CARTESIAN_POINT('',(57.51,-83.93,-4.6E-02));
#4555 = VECTOR('',#4556,1.);
#4556 = DIRECTION('',(0.,0.,1.));
#4557 = ORIENTED_EDGE('',*,*,#2471,.F.);
#4558 = ORIENTED_EDGE('',*,*,#4552,.F.);
#4559 = CYLINDRICAL_SURFACE('',#4560,0.95);
#4560 = AXIS2_PLACEMENT_3D('',#4561,#4562,#4563);
#4561 = CARTESIAN_POINT('',(57.51,-82.98,-4.6E-02));
#4562 = DIRECTION('',(-0.,-0.,-1.));
#4563 = DIRECTION('',(-7.479397218527E-15,-1.,0.));
#4564 = ADVANCED_FACE('',(#4565),#4576,.F.);
#4565 = FACE_BOUND('',#4566,.T.);
#4566 = EDGE_LOOP('',(#4567,#4568,#4574,#4575));
#4567 = ORIENTED_EDGE('',*,*,#742,.T.);
#4568 = ORIENTED_EDGE('',*,*,#4569,.T.);
#4569 = EDGE_CURVE('',#743,#2483,#4570,.T.);
#4570 = LINE('',#4571,#4572);
#4571 = CARTESIAN_POINT('',(53.68,-77.88,-4.6E-02));
#4572 = VECTOR('',#4573,1.);
#4573 = DIRECTION('',(0.,0.,1.));
#4574 = ORIENTED_EDGE('',*,*,#2482,.F.);
#4575 = ORIENTED_EDGE('',*,*,#4569,.F.);
#4576 = CYLINDRICAL_SURFACE('',#4577,0.4);
#4577 = AXIS2_PLACEMENT_3D('',#4578,#4579,#4580);
#4578 = CARTESIAN_POINT('',(53.68,-77.48,-4.6E-02));
#4579 = DIRECTION('',(-0.,-0.,-1.));
#4580 = DIRECTION('',(-0.,-1.,0.));
#4581 = ADVANCED_FACE('',(#4582),#4593,.F.);
#4582 = FACE_BOUND('',#4583,.T.);
#4583 = EDGE_LOOP('',(#4584,#4585,#4591,#4592));
#4584 = ORIENTED_EDGE('',*,*,#753,.T.);
#4585 = ORIENTED_EDGE('',*,*,#4586,.T.);
#4586 = EDGE_CURVE('',#754,#2494,#4587,.T.);
#4587 = LINE('',#4588,#4589);
#4588 = CARTESIAN_POINT('',(63.01,-84.705,-4.6E-02));
#4589 = VECTOR('',#4590,1.);
#4590 = DIRECTION('',(0.,0.,1.));
#4591 = ORIENTED_EDGE('',*,*,#2493,.F.);
#4592 = ORIENTED_EDGE('',*,*,#4586,.F.);
#4593 = CYLINDRICAL_SURFACE('',#4594,1.725);
#4594 = AXIS2_PLACEMENT_3D('',#4595,#4596,#4597);
#4595 = CARTESIAN_POINT('',(63.01,-82.98,-4.6E-02));
#4596 = DIRECTION('',(-0.,-0.,-1.));
#4597 = DIRECTION('',(-0.,-1.,0.));
#4598 = ADVANCED_FACE('',(#4599),#4610,.F.);
#4599 = FACE_BOUND('',#4600,.T.);
#4600 = EDGE_LOOP('',(#4601,#4602,#4608,#4609));
#4601 = ORIENTED_EDGE('',*,*,#764,.T.);
#4602 = ORIENTED_EDGE('',*,*,#4603,.T.);
#4603 = EDGE_CURVE('',#765,#2505,#4604,.T.);
#4604 = LINE('',#4605,#4606);
#4605 = CARTESIAN_POINT('',(63.01,-77.68,-4.6E-02));
#4606 = VECTOR('',#4607,1.);
#4607 = DIRECTION('',(0.,0.,1.));
#4608 = ORIENTED_EDGE('',*,*,#2504,.F.);
#4609 = ORIENTED_EDGE('',*,*,#4603,.F.);
#4610 = CYLINDRICAL_SURFACE('',#4611,0.6);
#4611 = AXIS2_PLACEMENT_3D('',#4612,#4613,#4614);
#4612 = CARTESIAN_POINT('',(63.01,-77.08,-4.6E-02));
#4613 = DIRECTION('',(-0.,-0.,-1.));
#4614 = DIRECTION('',(-0.,-1.,0.));
#4615 = ADVANCED_FACE('',(#4616),#4627,.F.);
#4616 = FACE_BOUND('',#4617,.T.);
#4617 = EDGE_LOOP('',(#4618,#4619,#4625,#4626));
#4618 = ORIENTED_EDGE('',*,*,#775,.T.);
#4619 = ORIENTED_EDGE('',*,*,#4620,.T.);
#4620 = EDGE_CURVE('',#776,#2516,#4621,.T.);
#4621 = LINE('',#4622,#4623);
#4622 = CARTESIAN_POINT('',(38.91,-74.63,-4.6E-02));
#4623 = VECTOR('',#4624,1.);
#4624 = DIRECTION('',(0.,0.,1.));
#4625 = ORIENTED_EDGE('',*,*,#2515,.F.);
#4626 = ORIENTED_EDGE('',*,*,#4620,.F.);
#4627 = CYLINDRICAL_SURFACE('',#4628,0.95);
#4628 = AXIS2_PLACEMENT_3D('',#4629,#4630,#4631);
#4629 = CARTESIAN_POINT('',(38.91,-73.68,-4.6E-02));
#4630 = DIRECTION('',(-0.,-0.,-1.));
#4631 = DIRECTION('',(-0.,-1.,0.));
#4632 = ADVANCED_FACE('',(#4633),#4644,.F.);
#4633 = FACE_BOUND('',#4634,.T.);
#4634 = EDGE_LOOP('',(#4635,#4636,#4642,#4643));
#4635 = ORIENTED_EDGE('',*,*,#786,.T.);
#4636 = ORIENTED_EDGE('',*,*,#4637,.T.);
#4637 = EDGE_CURVE('',#787,#2527,#4638,.T.);
#4638 = LINE('',#4639,#4640);
#4639 = CARTESIAN_POINT('',(44.41,-75.405,-4.6E-02));
#4640 = VECTOR('',#4641,1.);
#4641 = DIRECTION('',(0.,0.,1.));
#4642 = ORIENTED_EDGE('',*,*,#2526,.F.);
#4643 = ORIENTED_EDGE('',*,*,#4637,.F.);
#4644 = CYLINDRICAL_SURFACE('',#4645,1.725);
#4645 = AXIS2_PLACEMENT_3D('',#4646,#4647,#4648);
#4646 = CARTESIAN_POINT('',(44.41,-73.68,-4.6E-02));
#4647 = DIRECTION('',(-0.,-0.,-1.));
#4648 = DIRECTION('',(-0.,-1.,0.));
#4649 = ADVANCED_FACE('',(#4650),#4661,.F.);
#4650 = FACE_BOUND('',#4651,.T.);
#4651 = EDGE_LOOP('',(#4652,#4653,#4659,#4660));
#4652 = ORIENTED_EDGE('',*,*,#797,.T.);
#4653 = ORIENTED_EDGE('',*,*,#4654,.T.);
#4654 = EDGE_CURVE('',#798,#2538,#4655,.T.);
#4655 = LINE('',#4656,#4657);
#4656 = CARTESIAN_POINT('',(49.91,-74.63,-4.6E-02));
#4657 = VECTOR('',#4658,1.);
#4658 = DIRECTION('',(0.,0.,1.));
#4659 = ORIENTED_EDGE('',*,*,#2537,.F.);
#4660 = ORIENTED_EDGE('',*,*,#4654,.F.);
#4661 = CYLINDRICAL_SURFACE('',#4662,0.95);
#4662 = AXIS2_PLACEMENT_3D('',#4663,#4664,#4665);
#4663 = CARTESIAN_POINT('',(49.91,-73.68,-4.6E-02));
#4664 = DIRECTION('',(-0.,-0.,-1.));
#4665 = DIRECTION('',(-0.,-1.,0.));
#4666 = ADVANCED_FACE('',(#4667),#4678,.F.);
#4667 = FACE_BOUND('',#4668,.T.);
#4668 = EDGE_LOOP('',(#4669,#4670,#4676,#4677));
#4669 = ORIENTED_EDGE('',*,*,#808,.T.);
#4670 = ORIENTED_EDGE('',*,*,#4671,.T.);
#4671 = EDGE_CURVE('',#809,#2549,#4672,.T.);
#4672 = LINE('',#4673,#4674);
#4673 = CARTESIAN_POINT('',(49.41,-70.48,-4.6E-02));
#4674 = VECTOR('',#4675,1.);
#4675 = DIRECTION('',(0.,0.,1.));
#4676 = ORIENTED_EDGE('',*,*,#2548,.F.);
#4677 = ORIENTED_EDGE('',*,*,#4671,.F.);
#4678 = CYLINDRICAL_SURFACE('',#4679,0.6);
#4679 = AXIS2_PLACEMENT_3D('',#4680,#4681,#4682);
#4680 = CARTESIAN_POINT('',(49.41,-69.88,-4.6E-02));
#4681 = DIRECTION('',(-0.,-0.,-1.));
#4682 = DIRECTION('',(-0.,-1.,0.));
#4683 = ADVANCED_FACE('',(#4684),#4695,.F.);
#4684 = FACE_BOUND('',#4685,.T.);
#4685 = EDGE_LOOP('',(#4686,#4687,#4693,#4694));
#4686 = ORIENTED_EDGE('',*,*,#819,.T.);
#4687 = ORIENTED_EDGE('',*,*,#4688,.T.);
#4688 = EDGE_CURVE('',#820,#2560,#4689,.T.);
#4689 = LINE('',#4690,#4691);
#4690 = CARTESIAN_POINT('',(44.41,-68.38,-4.6E-02));
#4691 = VECTOR('',#4692,1.);
#4692 = DIRECTION('',(0.,0.,1.));
#4693 = ORIENTED_EDGE('',*,*,#2559,.F.);
#4694 = ORIENTED_EDGE('',*,*,#4688,.F.);
#4695 = CYLINDRICAL_SURFACE('',#4696,0.6);
#4696 = AXIS2_PLACEMENT_3D('',#4697,#4698,#4699);
#4697 = CARTESIAN_POINT('',(44.41,-67.78,-4.6E-02));
#4698 = DIRECTION('',(-0.,-0.,-1.));
#4699 = DIRECTION('',(-0.,-1.,0.));
#4700 = ADVANCED_FACE('',(#4701),#4712,.F.);
#4701 = FACE_BOUND('',#4702,.T.);
#4702 = EDGE_LOOP('',(#4703,#4704,#4710,#4711));
#4703 = ORIENTED_EDGE('',*,*,#830,.T.);
#4704 = ORIENTED_EDGE('',*,*,#4705,.T.);
#4705 = EDGE_CURVE('',#831,#2571,#4706,.T.);
#4706 = LINE('',#4707,#4708);
#4707 = CARTESIAN_POINT('',(53.68,-70.26,-4.6E-02));
#4708 = VECTOR('',#4709,1.);
#4709 = DIRECTION('',(0.,0.,1.));
#4710 = ORIENTED_EDGE('',*,*,#2570,.F.);
#4711 = ORIENTED_EDGE('',*,*,#4705,.F.);
#4712 = CYLINDRICAL_SURFACE('',#4713,0.4);
#4713 = AXIS2_PLACEMENT_3D('',#4714,#4715,#4716);
#4714 = CARTESIAN_POINT('',(53.68,-69.86,-4.6E-02));
#4715 = DIRECTION('',(-0.,-0.,-1.));
#4716 = DIRECTION('',(-0.,-1.,0.));
#4717 = ADVANCED_FACE('',(#4718),#4729,.F.);
#4718 = FACE_BOUND('',#4719,.T.);
#4719 = EDGE_LOOP('',(#4720,#4721,#4727,#4728));
#4720 = ORIENTED_EDGE('',*,*,#841,.T.);
#4721 = ORIENTED_EDGE('',*,*,#4722,.T.);
#4722 = EDGE_CURVE('',#842,#2582,#4723,.T.);
#4723 = LINE('',#4724,#4725);
#4724 = CARTESIAN_POINT('',(57.51,-65.33,-4.6E-02));
#4725 = VECTOR('',#4726,1.);
#4726 = DIRECTION('',(0.,0.,1.));
#4727 = ORIENTED_EDGE('',*,*,#2581,.F.);
#4728 = ORIENTED_EDGE('',*,*,#4722,.F.);
#4729 = CYLINDRICAL_SURFACE('',#4730,0.95);
#4730 = AXIS2_PLACEMENT_3D('',#4731,#4732,#4733);
#4731 = CARTESIAN_POINT('',(57.51,-64.38,-4.6E-02));
#4732 = DIRECTION('',(-0.,-0.,-1.));
#4733 = DIRECTION('',(-7.479397218527E-15,-1.,0.));
#4734 = ADVANCED_FACE('',(#4735),#4746,.F.);
#4735 = FACE_BOUND('',#4736,.T.);
#4736 = EDGE_LOOP('',(#4737,#4738,#4744,#4745));
#4737 = ORIENTED_EDGE('',*,*,#852,.T.);
#4738 = ORIENTED_EDGE('',*,*,#4739,.T.);
#4739 = EDGE_CURVE('',#853,#2593,#4740,.T.);
#4740 = LINE('',#4741,#4742);
#4741 = CARTESIAN_POINT('',(63.01,-66.105,-4.6E-02));
#4742 = VECTOR('',#4743,1.);
#4743 = DIRECTION('',(0.,0.,1.));
#4744 = ORIENTED_EDGE('',*,*,#2592,.F.);
#4745 = ORIENTED_EDGE('',*,*,#4739,.F.);
#4746 = CYLINDRICAL_SURFACE('',#4747,1.725);
#4747 = AXIS2_PLACEMENT_3D('',#4748,#4749,#4750);
#4748 = CARTESIAN_POINT('',(63.01,-64.38,-4.6E-02));
#4749 = DIRECTION('',(-0.,-0.,-1.));
#4750 = DIRECTION('',(-0.,-1.,0.));
#4751 = ADVANCED_FACE('',(#4752),#4763,.F.);
#4752 = FACE_BOUND('',#4753,.T.);
#4753 = EDGE_LOOP('',(#4754,#4755,#4761,#4762));
#4754 = ORIENTED_EDGE('',*,*,#863,.T.);
#4755 = ORIENTED_EDGE('',*,*,#4756,.T.);
#4756 = EDGE_CURVE('',#864,#2604,#4757,.T.);
#4757 = LINE('',#4758,#4759);
#4758 = CARTESIAN_POINT('',(72.31,-87.19,-4.6E-02));
#4759 = VECTOR('',#4760,1.);
#4760 = DIRECTION('',(0.,0.,1.));
#4761 = ORIENTED_EDGE('',*,*,#2603,.F.);
#4762 = ORIENTED_EDGE('',*,*,#4756,.F.);
#4763 = CYLINDRICAL_SURFACE('',#4764,0.4);
#4764 = AXIS2_PLACEMENT_3D('',#4765,#4766,#4767);
#4765 = CARTESIAN_POINT('',(72.31,-86.79,-4.6E-02));
#4766 = DIRECTION('',(-0.,-0.,-1.));
#4767 = DIRECTION('',(-0.,-1.,0.));
#4768 = ADVANCED_FACE('',(#4769),#4780,.F.);
#4769 = FACE_BOUND('',#4770,.T.);
#4770 = EDGE_LOOP('',(#4771,#4772,#4778,#4779));
#4771 = ORIENTED_EDGE('',*,*,#874,.T.);
#4772 = ORIENTED_EDGE('',*,*,#4773,.T.);
#4773 = EDGE_CURVE('',#875,#2615,#4774,.T.);
#4774 = LINE('',#4775,#4776);
#4775 = CARTESIAN_POINT('',(68.51,-83.93,-4.6E-02));
#4776 = VECTOR('',#4777,1.);
#4777 = DIRECTION('',(0.,0.,1.));
#4778 = ORIENTED_EDGE('',*,*,#2614,.F.);
#4779 = ORIENTED_EDGE('',*,*,#4773,.F.);
#4780 = CYLINDRICAL_SURFACE('',#4781,0.95);
#4781 = AXIS2_PLACEMENT_3D('',#4782,#4783,#4784);
#4782 = CARTESIAN_POINT('',(68.51,-82.98,-4.6E-02));
#4783 = DIRECTION('',(-0.,0.,-1.));
#4784 = DIRECTION('',(1.495879443705E-14,-1.,-0.));
#4785 = ADVANCED_FACE('',(#4786),#4797,.F.);
#4786 = FACE_BOUND('',#4787,.T.);
#4787 = EDGE_LOOP('',(#4788,#4789,#4795,#4796));
#4788 = ORIENTED_EDGE('',*,*,#885,.T.);
#4789 = ORIENTED_EDGE('',*,*,#4790,.T.);
#4790 = EDGE_CURVE('',#886,#2626,#4791,.T.);
#4791 = LINE('',#4792,#4793);
#4792 = CARTESIAN_POINT('',(68.01,-79.78,-4.6E-02));
#4793 = VECTOR('',#4794,1.);
#4794 = DIRECTION('',(0.,0.,1.));
#4795 = ORIENTED_EDGE('',*,*,#2625,.F.);
#4796 = ORIENTED_EDGE('',*,*,#4790,.F.);
#4797 = CYLINDRICAL_SURFACE('',#4798,0.6);
#4798 = AXIS2_PLACEMENT_3D('',#4799,#4800,#4801);
#4799 = CARTESIAN_POINT('',(68.01,-79.18,-4.6E-02));
#4800 = DIRECTION('',(-0.,0.,-1.));
#4801 = DIRECTION('',(2.368475785867E-14,-1.,-0.));
#4802 = ADVANCED_FACE('',(#4803),#4814,.F.);
#4803 = FACE_BOUND('',#4804,.T.);
#4804 = EDGE_LOOP('',(#4805,#4806,#4812,#4813));
#4805 = ORIENTED_EDGE('',*,*,#896,.T.);
#4806 = ORIENTED_EDGE('',*,*,#4807,.T.);
#4807 = EDGE_CURVE('',#897,#2637,#4808,.T.);
#4808 = LINE('',#4809,#4810);
#4809 = CARTESIAN_POINT('',(72.31,-79.57,-4.6E-02));
#4810 = VECTOR('',#4811,1.);
#4811 = DIRECTION('',(0.,0.,1.));
#4812 = ORIENTED_EDGE('',*,*,#2636,.F.);
#4813 = ORIENTED_EDGE('',*,*,#4807,.F.);
#4814 = CYLINDRICAL_SURFACE('',#4815,0.4);
#4815 = AXIS2_PLACEMENT_3D('',#4816,#4817,#4818);
#4816 = CARTESIAN_POINT('',(72.31,-79.17,-4.6E-02));
#4817 = DIRECTION('',(-0.,-0.,-1.));
#4818 = DIRECTION('',(-0.,-1.,0.));
#4819 = ADVANCED_FACE('',(#4820),#4831,.F.);
#4820 = FACE_BOUND('',#4821,.T.);
#4821 = EDGE_LOOP('',(#4822,#4823,#4829,#4830));
#4822 = ORIENTED_EDGE('',*,*,#907,.T.);
#4823 = ORIENTED_EDGE('',*,*,#4824,.T.);
#4824 = EDGE_CURVE('',#908,#2648,#4825,.T.);
#4825 = LINE('',#4826,#4827);
#4826 = CARTESIAN_POINT('',(76.11,-78.93,-4.6E-02));
#4827 = VECTOR('',#4828,1.);
#4828 = DIRECTION('',(0.,0.,1.));
#4829 = ORIENTED_EDGE('',*,*,#2647,.F.);
#4830 = ORIENTED_EDGE('',*,*,#4824,.F.);
#4831 = CYLINDRICAL_SURFACE('',#4832,0.95);
#4832 = AXIS2_PLACEMENT_3D('',#4833,#4834,#4835);
#4833 = CARTESIAN_POINT('',(76.11,-77.98,-4.6E-02));
#4834 = DIRECTION('',(-0.,-0.,-1.));
#4835 = DIRECTION('',(-0.,-1.,0.));
#4836 = ADVANCED_FACE('',(#4837),#4848,.F.);
#4837 = FACE_BOUND('',#4838,.T.);
#4838 = EDGE_LOOP('',(#4839,#4840,#4846,#4847));
#4839 = ORIENTED_EDGE('',*,*,#918,.T.);
#4840 = ORIENTED_EDGE('',*,*,#4841,.T.);
#4841 = EDGE_CURVE('',#919,#2659,#4842,.T.);
#4842 = LINE('',#4843,#4844);
#4843 = CARTESIAN_POINT('',(81.61,-79.705,-4.6E-02));
#4844 = VECTOR('',#4845,1.);
#4845 = DIRECTION('',(0.,0.,1.));
#4846 = ORIENTED_EDGE('',*,*,#2658,.F.);
#4847 = ORIENTED_EDGE('',*,*,#4841,.F.);
#4848 = CYLINDRICAL_SURFACE('',#4849,1.725);
#4849 = AXIS2_PLACEMENT_3D('',#4850,#4851,#4852);
#4850 = CARTESIAN_POINT('',(81.61,-77.98,-4.6E-02));
#4851 = DIRECTION('',(-0.,-0.,-1.));
#4852 = DIRECTION('',(-0.,-1.,0.));
#4853 = ADVANCED_FACE('',(#4854),#4865,.F.);
#4854 = FACE_BOUND('',#4855,.T.);
#4855 = EDGE_LOOP('',(#4856,#4857,#4863,#4864));
#4856 = ORIENTED_EDGE('',*,*,#929,.T.);
#4857 = ORIENTED_EDGE('',*,*,#4858,.T.);
#4858 = EDGE_CURVE('',#930,#2670,#4859,.T.);
#4859 = LINE('',#4860,#4861);
#4860 = CARTESIAN_POINT('',(90.91,-82.19,-4.6E-02));
#4861 = VECTOR('',#4862,1.);
#4862 = DIRECTION('',(0.,0.,1.));
#4863 = ORIENTED_EDGE('',*,*,#2669,.F.);
#4864 = ORIENTED_EDGE('',*,*,#4858,.F.);
#4865 = CYLINDRICAL_SURFACE('',#4866,0.4);
#4866 = AXIS2_PLACEMENT_3D('',#4867,#4868,#4869);
#4867 = CARTESIAN_POINT('',(90.91,-81.79,-4.6E-02));
#4868 = DIRECTION('',(-0.,-0.,-1.));
#4869 = DIRECTION('',(-0.,-1.,0.));
#4870 = ADVANCED_FACE('',(#4871),#4882,.F.);
#4871 = FACE_BOUND('',#4872,.T.);
#4872 = EDGE_LOOP('',(#4873,#4874,#4880,#4881));
#4873 = ORIENTED_EDGE('',*,*,#940,.T.);
#4874 = ORIENTED_EDGE('',*,*,#4875,.T.);
#4875 = EDGE_CURVE('',#941,#2681,#4876,.T.);
#4876 = LINE('',#4877,#4878);
#4877 = CARTESIAN_POINT('',(87.11,-78.93,-4.6E-02));
#4878 = VECTOR('',#4879,1.);
#4879 = DIRECTION('',(0.,0.,1.));
#4880 = ORIENTED_EDGE('',*,*,#2680,.F.);
#4881 = ORIENTED_EDGE('',*,*,#4875,.F.);
#4882 = CYLINDRICAL_SURFACE('',#4883,0.95);
#4883 = AXIS2_PLACEMENT_3D('',#4884,#4885,#4886);
#4884 = CARTESIAN_POINT('',(87.11,-77.98,-4.6E-02));
#4885 = DIRECTION('',(-0.,-0.,-1.));
#4886 = DIRECTION('',(-0.,-1.,0.));
#4887 = ADVANCED_FACE('',(#4888),#4899,.F.);
#4888 = FACE_BOUND('',#4889,.T.);
#4889 = EDGE_LOOP('',(#4890,#4891,#4897,#4898));
#4890 = ORIENTED_EDGE('',*,*,#951,.T.);
#4891 = ORIENTED_EDGE('',*,*,#4892,.T.);
#4892 = EDGE_CURVE('',#952,#2692,#4893,.T.);
#4893 = LINE('',#4894,#4895);
#4894 = CARTESIAN_POINT('',(72.31,-68.59,-4.6E-02));
#4895 = VECTOR('',#4896,1.);
#4896 = DIRECTION('',(0.,0.,1.));
#4897 = ORIENTED_EDGE('',*,*,#2691,.F.);
#4898 = ORIENTED_EDGE('',*,*,#4892,.F.);
#4899 = CYLINDRICAL_SURFACE('',#4900,0.4);
#4900 = AXIS2_PLACEMENT_3D('',#4901,#4902,#4903);
#4901 = CARTESIAN_POINT('',(72.31,-68.19,-4.6E-02));
#4902 = DIRECTION('',(-0.,-0.,-1.));
#4903 = DIRECTION('',(-0.,-1.,0.));
#4904 = ADVANCED_FACE('',(#4905),#4916,.F.);
#4905 = FACE_BOUND('',#4906,.T.);
#4906 = EDGE_LOOP('',(#4907,#4908,#4914,#4915));
#4907 = ORIENTED_EDGE('',*,*,#962,.T.);
#4908 = ORIENTED_EDGE('',*,*,#4909,.T.);
#4909 = EDGE_CURVE('',#963,#2703,#4910,.T.);
#4910 = LINE('',#4911,#4912);
#4911 = CARTESIAN_POINT('',(68.51,-65.33,-4.6E-02));
#4912 = VECTOR('',#4913,1.);
#4913 = DIRECTION('',(0.,0.,1.));
#4914 = ORIENTED_EDGE('',*,*,#2702,.F.);
#4915 = ORIENTED_EDGE('',*,*,#4909,.F.);
#4916 = CYLINDRICAL_SURFACE('',#4917,0.95);
#4917 = AXIS2_PLACEMENT_3D('',#4918,#4919,#4920);
#4918 = CARTESIAN_POINT('',(68.51,-64.38,-4.6E-02));
#4919 = DIRECTION('',(-0.,0.,-1.));
#4920 = DIRECTION('',(1.495879443705E-14,-1.,-0.));
#4921 = ADVANCED_FACE('',(#4922),#4933,.F.);
#4922 = FACE_BOUND('',#4923,.T.);
#4923 = EDGE_LOOP('',(#4924,#4925,#4931,#4932));
#4924 = ORIENTED_EDGE('',*,*,#973,.T.);
#4925 = ORIENTED_EDGE('',*,*,#4926,.T.);
#4926 = EDGE_CURVE('',#974,#2714,#4927,.T.);
#4927 = LINE('',#4928,#4929);
#4928 = CARTESIAN_POINT('',(81.61,-72.68,-4.6E-02));
#4929 = VECTOR('',#4930,1.);
#4930 = DIRECTION('',(0.,0.,1.));
#4931 = ORIENTED_EDGE('',*,*,#2713,.F.);
#4932 = ORIENTED_EDGE('',*,*,#4926,.F.);
#4933 = CYLINDRICAL_SURFACE('',#4934,0.6);
#4934 = AXIS2_PLACEMENT_3D('',#4935,#4936,#4937);
#4935 = CARTESIAN_POINT('',(81.61,-72.08,-4.6E-02));
#4936 = DIRECTION('',(-0.,-0.,-1.));
#4937 = DIRECTION('',(-0.,-1.,0.));
#4938 = ADVANCED_FACE('',(#4939),#4950,.F.);
#4939 = FACE_BOUND('',#4940,.T.);
#4940 = EDGE_LOOP('',(#4941,#4942,#4948,#4949));
#4941 = ORIENTED_EDGE('',*,*,#984,.T.);
#4942 = ORIENTED_EDGE('',*,*,#4943,.T.);
#4943 = EDGE_CURVE('',#985,#2725,#4944,.T.);
#4944 = LINE('',#4945,#4946);
#4945 = CARTESIAN_POINT('',(86.61,-74.78,-4.6E-02));
#4946 = VECTOR('',#4947,1.);
#4947 = DIRECTION('',(0.,0.,1.));
#4948 = ORIENTED_EDGE('',*,*,#2724,.F.);
#4949 = ORIENTED_EDGE('',*,*,#4943,.F.);
#4950 = CYLINDRICAL_SURFACE('',#4951,0.6);
#4951 = AXIS2_PLACEMENT_3D('',#4952,#4953,#4954);
#4952 = CARTESIAN_POINT('',(86.61,-74.18,-4.6E-02));
#4953 = DIRECTION('',(-0.,-0.,-1.));
#4954 = DIRECTION('',(-0.,-1.,0.));
#4955 = ADVANCED_FACE('',(#4956),#4967,.F.);
#4956 = FACE_BOUND('',#4957,.T.);
#4957 = EDGE_LOOP('',(#4958,#4959,#4965,#4966));
#4958 = ORIENTED_EDGE('',*,*,#995,.T.);
#4959 = ORIENTED_EDGE('',*,*,#4960,.T.);
#4960 = EDGE_CURVE('',#996,#2736,#4961,.T.);
#4961 = LINE('',#4962,#4963);
#4962 = CARTESIAN_POINT('',(90.91,-74.57,-4.6E-02));
#4963 = VECTOR('',#4964,1.);
#4964 = DIRECTION('',(0.,0.,1.));
#4965 = ORIENTED_EDGE('',*,*,#2735,.F.);
#4966 = ORIENTED_EDGE('',*,*,#4960,.F.);
#4967 = CYLINDRICAL_SURFACE('',#4968,0.4);
#4968 = AXIS2_PLACEMENT_3D('',#4969,#4970,#4971);
#4969 = CARTESIAN_POINT('',(90.91,-74.17,-4.6E-02));
#4970 = DIRECTION('',(-0.,-0.,-1.));
#4971 = DIRECTION('',(-0.,-1.,0.));
#4972 = ADVANCED_FACE('',(#4973),#4984,.F.);
#4973 = FACE_BOUND('',#4974,.T.);
#4974 = EDGE_LOOP('',(#4975,#4976,#4982,#4983));
#4975 = ORIENTED_EDGE('',*,*,#1006,.T.);
#4976 = ORIENTED_EDGE('',*,*,#4977,.T.);
#4977 = EDGE_CURVE('',#1007,#2747,#4978,.T.);
#4978 = LINE('',#4979,#4980);
#4979 = CARTESIAN_POINT('',(90.91,-63.59,-4.6E-02));
#4980 = VECTOR('',#4981,1.);
#4981 = DIRECTION('',(0.,0.,1.));
#4982 = ORIENTED_EDGE('',*,*,#2746,.F.);
#4983 = ORIENTED_EDGE('',*,*,#4977,.F.);
#4984 = CYLINDRICAL_SURFACE('',#4985,0.4);
#4985 = AXIS2_PLACEMENT_3D('',#4986,#4987,#4988);
#4986 = CARTESIAN_POINT('',(90.91,-63.19,-4.6E-02));
#4987 = DIRECTION('',(-0.,-0.,-1.));
#4988 = DIRECTION('',(-0.,-1.,0.));
#4989 = ADVANCED_FACE('',(#4990),#5001,.F.);
#4990 = FACE_BOUND('',#4991,.T.);
#4991 = EDGE_LOOP('',(#4992,#4993,#4999,#5000));
#4992 = ORIENTED_EDGE('',*,*,#1017,.T.);
#4993 = ORIENTED_EDGE('',*,*,#4994,.T.);
#4994 = EDGE_CURVE('',#1018,#2758,#4995,.T.);
#4995 = LINE('',#4996,#4997);
#4996 = CARTESIAN_POINT('',(38.91,-56.03,-4.6E-02));
#4997 = VECTOR('',#4998,1.);
#4998 = DIRECTION('',(0.,0.,1.));
#4999 = ORIENTED_EDGE('',*,*,#2757,.F.);
#5000 = ORIENTED_EDGE('',*,*,#4994,.F.);
#5001 = CYLINDRICAL_SURFACE('',#5002,0.95);
#5002 = AXIS2_PLACEMENT_3D('',#5003,#5004,#5005);
#5003 = CARTESIAN_POINT('',(38.91,-55.08,-4.6E-02));
#5004 = DIRECTION('',(-0.,-0.,-1.));
#5005 = DIRECTION('',(-0.,-1.,0.));
#5006 = ADVANCED_FACE('',(#5007),#5018,.F.);
#5007 = FACE_BOUND('',#5008,.T.);
#5008 = EDGE_LOOP('',(#5009,#5010,#5016,#5017));
#5009 = ORIENTED_EDGE('',*,*,#1028,.T.);
#5010 = ORIENTED_EDGE('',*,*,#5011,.T.);
#5011 = EDGE_CURVE('',#1029,#2769,#5012,.T.);
#5012 = LINE('',#5013,#5014);
#5013 = CARTESIAN_POINT('',(44.41,-56.805,-4.6E-02));
#5014 = VECTOR('',#5015,1.);
#5015 = DIRECTION('',(0.,0.,1.));
#5016 = ORIENTED_EDGE('',*,*,#2768,.F.);
#5017 = ORIENTED_EDGE('',*,*,#5011,.F.);
#5018 = CYLINDRICAL_SURFACE('',#5019,1.725);
#5019 = AXIS2_PLACEMENT_3D('',#5020,#5021,#5022);
#5020 = CARTESIAN_POINT('',(44.41,-55.08,-4.6E-02));
#5021 = DIRECTION('',(-0.,-0.,-1.));
#5022 = DIRECTION('',(-0.,-1.,0.));
#5023 = ADVANCED_FACE('',(#5024),#5035,.F.);
#5024 = FACE_BOUND('',#5025,.T.);
#5025 = EDGE_LOOP('',(#5026,#5027,#5033,#5034));
#5026 = ORIENTED_EDGE('',*,*,#1039,.T.);
#5027 = ORIENTED_EDGE('',*,*,#5028,.T.);
#5028 = EDGE_CURVE('',#1040,#2780,#5029,.T.);
#5029 = LINE('',#5030,#5031);
#5030 = CARTESIAN_POINT('',(49.91,-56.03,-4.6E-02));
#5031 = VECTOR('',#5032,1.);
#5032 = DIRECTION('',(0.,0.,1.));
#5033 = ORIENTED_EDGE('',*,*,#2779,.F.);
#5034 = ORIENTED_EDGE('',*,*,#5028,.F.);
#5035 = CYLINDRICAL_SURFACE('',#5036,0.95);
#5036 = AXIS2_PLACEMENT_3D('',#5037,#5038,#5039);
#5037 = CARTESIAN_POINT('',(49.91,-55.08,-4.6E-02));
#5038 = DIRECTION('',(-0.,-0.,-1.));
#5039 = DIRECTION('',(-0.,-1.,0.));
#5040 = ADVANCED_FACE('',(#5041),#5052,.F.);
#5041 = FACE_BOUND('',#5042,.T.);
#5042 = EDGE_LOOP('',(#5043,#5044,#5050,#5051));
#5043 = ORIENTED_EDGE('',*,*,#1050,.T.);
#5044 = ORIENTED_EDGE('',*,*,#5045,.T.);
#5045 = EDGE_CURVE('',#1051,#2791,#5046,.T.);
#5046 = LINE('',#5047,#5048);
#5047 = CARTESIAN_POINT('',(44.41,-49.78,-4.6E-02));
#5048 = VECTOR('',#5049,1.);
#5049 = DIRECTION('',(0.,0.,1.));
#5050 = ORIENTED_EDGE('',*,*,#2790,.F.);
#5051 = ORIENTED_EDGE('',*,*,#5045,.F.);
#5052 = CYLINDRICAL_SURFACE('',#5053,0.6);
#5053 = AXIS2_PLACEMENT_3D('',#5054,#5055,#5056);
#5054 = CARTESIAN_POINT('',(44.41,-49.18,-4.6E-02));
#5055 = DIRECTION('',(-0.,-0.,-1.));
#5056 = DIRECTION('',(-0.,-1.,0.));
#5057 = ADVANCED_FACE('',(#5058),#5069,.F.);
#5058 = FACE_BOUND('',#5059,.T.);
#5059 = EDGE_LOOP('',(#5060,#5061,#5067,#5068));
#5060 = ORIENTED_EDGE('',*,*,#1061,.T.);
#5061 = ORIENTED_EDGE('',*,*,#5062,.T.);
#5062 = EDGE_CURVE('',#1062,#2802,#5063,.T.);
#5063 = LINE('',#5064,#5065);
#5064 = CARTESIAN_POINT('',(49.41,-51.88,-4.6E-02));
#5065 = VECTOR('',#5066,1.);
#5066 = DIRECTION('',(0.,0.,1.));
#5067 = ORIENTED_EDGE('',*,*,#2801,.F.);
#5068 = ORIENTED_EDGE('',*,*,#5062,.F.);
#5069 = CYLINDRICAL_SURFACE('',#5070,0.6);
#5070 = AXIS2_PLACEMENT_3D('',#5071,#5072,#5073);
#5071 = CARTESIAN_POINT('',(49.41,-51.28,-4.6E-02));
#5072 = DIRECTION('',(-0.,-0.,-1.));
#5073 = DIRECTION('',(-0.,-1.,0.));
#5074 = ADVANCED_FACE('',(#5075),#5086,.F.);
#5075 = FACE_BOUND('',#5076,.T.);
#5076 = EDGE_LOOP('',(#5077,#5078,#5084,#5085));
#5077 = ORIENTED_EDGE('',*,*,#1072,.T.);
#5078 = ORIENTED_EDGE('',*,*,#5079,.T.);
#5079 = EDGE_CURVE('',#1073,#2813,#5080,.T.);
#5080 = LINE('',#5081,#5082);
#5081 = CARTESIAN_POINT('',(53.71,-59.29,-4.6E-02));
#5082 = VECTOR('',#5083,1.);
#5083 = DIRECTION('',(0.,0.,1.));
#5084 = ORIENTED_EDGE('',*,*,#2812,.F.);
#5085 = ORIENTED_EDGE('',*,*,#5079,.F.);
#5086 = CYLINDRICAL_SURFACE('',#5087,0.4);
#5087 = AXIS2_PLACEMENT_3D('',#5088,#5089,#5090);
#5088 = CARTESIAN_POINT('',(53.71,-58.89,-4.6E-02));
#5089 = DIRECTION('',(-0.,-0.,-1.));
#5090 = DIRECTION('',(-0.,-1.,0.));
#5091 = ADVANCED_FACE('',(#5092),#5103,.F.);
#5092 = FACE_BOUND('',#5093,.T.);
#5093 = EDGE_LOOP('',(#5094,#5095,#5101,#5102));
#5094 = ORIENTED_EDGE('',*,*,#1083,.T.);
#5095 = ORIENTED_EDGE('',*,*,#5096,.T.);
#5096 = EDGE_CURVE('',#1084,#2824,#5097,.T.);
#5097 = LINE('',#5098,#5099);
#5098 = CARTESIAN_POINT('',(63.01,-59.08,-4.6E-02));
#5099 = VECTOR('',#5100,1.);
#5100 = DIRECTION('',(0.,0.,1.));
#5101 = ORIENTED_EDGE('',*,*,#2823,.F.);
#5102 = ORIENTED_EDGE('',*,*,#5096,.F.);
#5103 = CYLINDRICAL_SURFACE('',#5104,0.6);
#5104 = AXIS2_PLACEMENT_3D('',#5105,#5106,#5107);
#5105 = CARTESIAN_POINT('',(63.01,-58.48,-4.6E-02));
#5106 = DIRECTION('',(-0.,-0.,-1.));
#5107 = DIRECTION('',(-0.,-1.,0.));
#5108 = ADVANCED_FACE('',(#5109),#5120,.F.);
#5109 = FACE_BOUND('',#5110,.T.);
#5110 = EDGE_LOOP('',(#5111,#5112,#5118,#5119));
#5111 = ORIENTED_EDGE('',*,*,#1094,.T.);
#5112 = ORIENTED_EDGE('',*,*,#5113,.T.);
#5113 = EDGE_CURVE('',#1095,#2835,#5114,.T.);
#5114 = LINE('',#5115,#5116);
#5115 = CARTESIAN_POINT('',(53.71,-51.67,-4.6E-02));
#5116 = VECTOR('',#5117,1.);
#5117 = DIRECTION('',(0.,0.,1.));
#5118 = ORIENTED_EDGE('',*,*,#2834,.F.);
#5119 = ORIENTED_EDGE('',*,*,#5113,.F.);
#5120 = CYLINDRICAL_SURFACE('',#5121,0.4);
#5121 = AXIS2_PLACEMENT_3D('',#5122,#5123,#5124);
#5122 = CARTESIAN_POINT('',(53.71,-51.27,-4.6E-02));
#5123 = DIRECTION('',(-0.,-0.,-1.));
#5124 = DIRECTION('',(-0.,-1.,0.));
#5125 = ADVANCED_FACE('',(#5126),#5137,.F.);
#5126 = FACE_BOUND('',#5127,.T.);
#5127 = EDGE_LOOP('',(#5128,#5129,#5135,#5136));
#5128 = ORIENTED_EDGE('',*,*,#1105,.T.);
#5129 = ORIENTED_EDGE('',*,*,#5130,.T.);
#5130 = EDGE_CURVE('',#1106,#2846,#5131,.T.);
#5131 = LINE('',#5132,#5133);
#5132 = CARTESIAN_POINT('',(57.51,-46.73,-4.6E-02));
#5133 = VECTOR('',#5134,1.);
#5134 = DIRECTION('',(0.,0.,1.));
#5135 = ORIENTED_EDGE('',*,*,#2845,.F.);
#5136 = ORIENTED_EDGE('',*,*,#5130,.F.);
#5137 = CYLINDRICAL_SURFACE('',#5138,0.95);
#5138 = AXIS2_PLACEMENT_3D('',#5139,#5140,#5141);
#5139 = CARTESIAN_POINT('',(57.51,-45.78,-4.6E-02));
#5140 = DIRECTION('',(-0.,-0.,-1.));
#5141 = DIRECTION('',(-7.479397218527E-15,-1.,0.));
#5142 = ADVANCED_FACE('',(#5143),#5154,.F.);
#5143 = FACE_BOUND('',#5144,.T.);
#5144 = EDGE_LOOP('',(#5145,#5146,#5152,#5153));
#5145 = ORIENTED_EDGE('',*,*,#1116,.T.);
#5146 = ORIENTED_EDGE('',*,*,#5147,.T.);
#5147 = EDGE_CURVE('',#1117,#2857,#5148,.T.);
#5148 = LINE('',#5149,#5150);
#5149 = CARTESIAN_POINT('',(63.01,-47.505,-4.6E-02));
#5150 = VECTOR('',#5151,1.);
#5151 = DIRECTION('',(0.,0.,1.));
#5152 = ORIENTED_EDGE('',*,*,#2856,.F.);
#5153 = ORIENTED_EDGE('',*,*,#5147,.F.);
#5154 = CYLINDRICAL_SURFACE('',#5155,1.725);
#5155 = AXIS2_PLACEMENT_3D('',#5156,#5157,#5158);
#5156 = CARTESIAN_POINT('',(63.01,-45.78,-4.6E-02));
#5157 = DIRECTION('',(-0.,-0.,-1.));
#5158 = DIRECTION('',(-0.,-1.,0.));
#5159 = ADVANCED_FACE('',(#5160),#5171,.F.);
#5160 = FACE_BOUND('',#5161,.T.);
#5161 = EDGE_LOOP('',(#5162,#5163,#5169,#5170));
#5162 = ORIENTED_EDGE('',*,*,#1127,.T.);
#5163 = ORIENTED_EDGE('',*,*,#5164,.T.);
#5164 = EDGE_CURVE('',#1128,#2868,#5165,.T.);
#5165 = LINE('',#5166,#5167);
#5166 = CARTESIAN_POINT('',(63.01,-40.48,-4.6E-02));
#5167 = VECTOR('',#5168,1.);
#5168 = DIRECTION('',(0.,0.,1.));
#5169 = ORIENTED_EDGE('',*,*,#2867,.F.);
#5170 = ORIENTED_EDGE('',*,*,#5164,.F.);
#5171 = CYLINDRICAL_SURFACE('',#5172,0.6);
#5172 = AXIS2_PLACEMENT_3D('',#5173,#5174,#5175);
#5173 = CARTESIAN_POINT('',(63.01,-39.88,-4.6E-02));
#5174 = DIRECTION('',(-0.,-0.,-1.));
#5175 = DIRECTION('',(-0.,-1.,0.));
#5176 = ADVANCED_FACE('',(#5177),#5188,.F.);
#5177 = FACE_BOUND('',#5178,.T.);
#5178 = EDGE_LOOP('',(#5179,#5180,#5186,#5187));
#5179 = ORIENTED_EDGE('',*,*,#1138,.T.);
#5180 = ORIENTED_EDGE('',*,*,#5181,.T.);
#5181 = EDGE_CURVE('',#1139,#2879,#5182,.T.);
#5182 = LINE('',#5183,#5184);
#5183 = CARTESIAN_POINT('',(68.01,-61.18,-4.6E-02));
#5184 = VECTOR('',#5185,1.);
#5185 = DIRECTION('',(0.,0.,1.));
#5186 = ORIENTED_EDGE('',*,*,#2878,.F.);
#5187 = ORIENTED_EDGE('',*,*,#5181,.F.);
#5188 = CYLINDRICAL_SURFACE('',#5189,0.6);
#5189 = AXIS2_PLACEMENT_3D('',#5190,#5191,#5192);
#5190 = CARTESIAN_POINT('',(68.01,-60.58,-4.6E-02));
#5191 = DIRECTION('',(-0.,0.,-1.));
#5192 = DIRECTION('',(2.368475785867E-14,-1.,-0.));
#5193 = ADVANCED_FACE('',(#5194),#5205,.F.);
#5194 = FACE_BOUND('',#5195,.T.);
#5195 = EDGE_LOOP('',(#5196,#5197,#5203,#5204));
#5196 = ORIENTED_EDGE('',*,*,#1149,.T.);
#5197 = ORIENTED_EDGE('',*,*,#5198,.T.);
#5198 = EDGE_CURVE('',#1150,#2890,#5199,.T.);
#5199 = LINE('',#5200,#5201);
#5200 = CARTESIAN_POINT('',(72.31,-60.97,-4.6E-02));
#5201 = VECTOR('',#5202,1.);
#5202 = DIRECTION('',(0.,0.,1.));
#5203 = ORIENTED_EDGE('',*,*,#2889,.F.);
#5204 = ORIENTED_EDGE('',*,*,#5198,.F.);
#5205 = CYLINDRICAL_SURFACE('',#5206,0.4);
#5206 = AXIS2_PLACEMENT_3D('',#5207,#5208,#5209);
#5207 = CARTESIAN_POINT('',(72.31,-60.57,-4.6E-02));
#5208 = DIRECTION('',(-0.,-0.,-1.));
#5209 = DIRECTION('',(-0.,-1.,0.));
#5210 = ADVANCED_FACE('',(#5211),#5222,.F.);
#5211 = FACE_BOUND('',#5212,.T.);
#5212 = EDGE_LOOP('',(#5213,#5214,#5220,#5221));
#5213 = ORIENTED_EDGE('',*,*,#1160,.T.);
#5214 = ORIENTED_EDGE('',*,*,#5215,.T.);
#5215 = EDGE_CURVE('',#1161,#2901,#5216,.T.);
#5216 = LINE('',#5217,#5218);
#5217 = CARTESIAN_POINT('',(76.11,-60.33,-4.6E-02));
#5218 = VECTOR('',#5219,1.);
#5219 = DIRECTION('',(0.,0.,1.));
#5220 = ORIENTED_EDGE('',*,*,#2900,.F.);
#5221 = ORIENTED_EDGE('',*,*,#5215,.F.);
#5222 = CYLINDRICAL_SURFACE('',#5223,0.95);
#5223 = AXIS2_PLACEMENT_3D('',#5224,#5225,#5226);
#5224 = CARTESIAN_POINT('',(76.11,-59.38,-4.6E-02));
#5225 = DIRECTION('',(-0.,-0.,-1.));
#5226 = DIRECTION('',(-0.,-1.,0.));
#5227 = ADVANCED_FACE('',(#5228),#5239,.F.);
#5228 = FACE_BOUND('',#5229,.T.);
#5229 = EDGE_LOOP('',(#5230,#5231,#5237,#5238));
#5230 = ORIENTED_EDGE('',*,*,#1171,.T.);
#5231 = ORIENTED_EDGE('',*,*,#5232,.T.);
#5232 = EDGE_CURVE('',#1172,#2912,#5233,.T.);
#5233 = LINE('',#5234,#5235);
#5234 = CARTESIAN_POINT('',(72.31,-49.99,-4.6E-02));
#5235 = VECTOR('',#5236,1.);
#5236 = DIRECTION('',(0.,0.,1.));
#5237 = ORIENTED_EDGE('',*,*,#2911,.F.);
#5238 = ORIENTED_EDGE('',*,*,#5232,.F.);
#5239 = CYLINDRICAL_SURFACE('',#5240,0.4);
#5240 = AXIS2_PLACEMENT_3D('',#5241,#5242,#5243);
#5241 = CARTESIAN_POINT('',(72.31,-49.59,-4.6E-02));
#5242 = DIRECTION('',(-0.,-0.,-1.));
#5243 = DIRECTION('',(-0.,-1.,0.));
#5244 = ADVANCED_FACE('',(#5245),#5256,.F.);
#5245 = FACE_BOUND('',#5246,.T.);
#5246 = EDGE_LOOP('',(#5247,#5248,#5254,#5255));
#5247 = ORIENTED_EDGE('',*,*,#1182,.T.);
#5248 = ORIENTED_EDGE('',*,*,#5249,.T.);
#5249 = EDGE_CURVE('',#1183,#2923,#5250,.T.);
#5250 = LINE('',#5251,#5252);
#5251 = CARTESIAN_POINT('',(81.61,-61.105,-4.6E-02));
#5252 = VECTOR('',#5253,1.);
#5253 = DIRECTION('',(0.,0.,1.));
#5254 = ORIENTED_EDGE('',*,*,#2922,.F.);
#5255 = ORIENTED_EDGE('',*,*,#5249,.F.);
#5256 = CYLINDRICAL_SURFACE('',#5257,1.725);
#5257 = AXIS2_PLACEMENT_3D('',#5258,#5259,#5260);
#5258 = CARTESIAN_POINT('',(81.61,-59.38,-4.6E-02));
#5259 = DIRECTION('',(-0.,-0.,-1.));
#5260 = DIRECTION('',(-0.,-1.,0.));
#5261 = ADVANCED_FACE('',(#5262),#5273,.F.);
#5262 = FACE_BOUND('',#5263,.T.);
#5263 = EDGE_LOOP('',(#5264,#5265,#5271,#5272));
#5264 = ORIENTED_EDGE('',*,*,#1193,.T.);
#5265 = ORIENTED_EDGE('',*,*,#5266,.T.);
#5266 = EDGE_CURVE('',#1194,#2934,#5267,.T.);
#5267 = LINE('',#5268,#5269);
#5268 = CARTESIAN_POINT('',(87.11,-60.33,-4.6E-02));
#5269 = VECTOR('',#5270,1.);
#5270 = DIRECTION('',(0.,0.,1.));
#5271 = ORIENTED_EDGE('',*,*,#2933,.F.);
#5272 = ORIENTED_EDGE('',*,*,#5266,.F.);
#5273 = CYLINDRICAL_SURFACE('',#5274,0.95);
#5274 = AXIS2_PLACEMENT_3D('',#5275,#5276,#5277);
#5275 = CARTESIAN_POINT('',(87.11,-59.38,-4.6E-02));
#5276 = DIRECTION('',(-0.,-0.,-1.));
#5277 = DIRECTION('',(-0.,-1.,0.));
#5278 = ADVANCED_FACE('',(#5279),#5290,.F.);
#5279 = FACE_BOUND('',#5280,.T.);
#5280 = EDGE_LOOP('',(#5281,#5282,#5288,#5289));
#5281 = ORIENTED_EDGE('',*,*,#1204,.T.);
#5282 = ORIENTED_EDGE('',*,*,#5283,.T.);
#5283 = EDGE_CURVE('',#1205,#2945,#5284,.T.);
#5284 = LINE('',#5285,#5286);
#5285 = CARTESIAN_POINT('',(86.61,-56.18,-4.6E-02));
#5286 = VECTOR('',#5287,1.);
#5287 = DIRECTION('',(0.,0.,1.));
#5288 = ORIENTED_EDGE('',*,*,#2944,.F.);
#5289 = ORIENTED_EDGE('',*,*,#5283,.F.);
#5290 = CYLINDRICAL_SURFACE('',#5291,0.6);
#5291 = AXIS2_PLACEMENT_3D('',#5292,#5293,#5294);
#5292 = CARTESIAN_POINT('',(86.61,-55.58,-4.6E-02));
#5293 = DIRECTION('',(-0.,-0.,-1.));
#5294 = DIRECTION('',(-0.,-1.,0.));
#5295 = ADVANCED_FACE('',(#5296),#5307,.F.);
#5296 = FACE_BOUND('',#5297,.T.);
#5297 = EDGE_LOOP('',(#5298,#5299,#5305,#5306));
#5298 = ORIENTED_EDGE('',*,*,#1215,.T.);
#5299 = ORIENTED_EDGE('',*,*,#5300,.T.);
#5300 = EDGE_CURVE('',#1216,#2956,#5301,.T.);
#5301 = LINE('',#5302,#5303);
#5302 = CARTESIAN_POINT('',(90.91,-55.97,-4.6E-02));
#5303 = VECTOR('',#5304,1.);
#5304 = DIRECTION('',(0.,0.,1.));
#5305 = ORIENTED_EDGE('',*,*,#2955,.F.);
#5306 = ORIENTED_EDGE('',*,*,#5300,.F.);
#5307 = CYLINDRICAL_SURFACE('',#5308,0.4);
#5308 = AXIS2_PLACEMENT_3D('',#5309,#5310,#5311);
#5309 = CARTESIAN_POINT('',(90.91,-55.57,-4.6E-02));
#5310 = DIRECTION('',(-0.,-0.,-1.));
#5311 = DIRECTION('',(-0.,-1.,0.));
#5312 = ADVANCED_FACE('',(#5313),#5324,.F.);
#5313 = FACE_BOUND('',#5314,.T.);
#5314 = EDGE_LOOP('',(#5315,#5316,#5322,#5323));
#5315 = ORIENTED_EDGE('',*,*,#1226,.T.);
#5316 = ORIENTED_EDGE('',*,*,#5317,.T.);
#5317 = EDGE_CURVE('',#1227,#2967,#5318,.T.);
#5318 = LINE('',#5319,#5320);
#5319 = CARTESIAN_POINT('',(81.61,-54.08,-4.6E-02));
#5320 = VECTOR('',#5321,1.);
#5321 = DIRECTION('',(0.,0.,1.));
#5322 = ORIENTED_EDGE('',*,*,#2966,.F.);
#5323 = ORIENTED_EDGE('',*,*,#5317,.F.);
#5324 = CYLINDRICAL_SURFACE('',#5325,0.6);
#5325 = AXIS2_PLACEMENT_3D('',#5326,#5327,#5328);
#5326 = CARTESIAN_POINT('',(81.61,-53.48,-4.6E-02));
#5327 = DIRECTION('',(-0.,-0.,-1.));
#5328 = DIRECTION('',(-0.,-1.,0.));
#5329 = ADVANCED_FACE('',(#5330),#5341,.F.);
#5330 = FACE_BOUND('',#5331,.T.);
#5331 = EDGE_LOOP('',(#5332,#5333,#5339,#5340));
#5332 = ORIENTED_EDGE('',*,*,#1237,.T.);
#5333 = ORIENTED_EDGE('',*,*,#5334,.T.);
#5334 = EDGE_CURVE('',#1238,#2978,#5335,.T.);
#5335 = LINE('',#5336,#5337);
#5336 = CARTESIAN_POINT('',(68.51,-46.73,-4.6E-02));
#5337 = VECTOR('',#5338,1.);
#5338 = DIRECTION('',(0.,0.,1.));
#5339 = ORIENTED_EDGE('',*,*,#2977,.F.);
#5340 = ORIENTED_EDGE('',*,*,#5334,.F.);
#5341 = CYLINDRICAL_SURFACE('',#5342,0.95);
#5342 = AXIS2_PLACEMENT_3D('',#5343,#5344,#5345);
#5343 = CARTESIAN_POINT('',(68.51,-45.78,-4.6E-02));
#5344 = DIRECTION('',(-0.,0.,-1.));
#5345 = DIRECTION('',(1.495879443705E-14,-1.,-0.));
#5346 = ADVANCED_FACE('',(#5347),#5358,.F.);
#5347 = FACE_BOUND('',#5348,.T.);
#5348 = EDGE_LOOP('',(#5349,#5350,#5356,#5357));
#5349 = ORIENTED_EDGE('',*,*,#1248,.T.);
#5350 = ORIENTED_EDGE('',*,*,#5351,.T.);
#5351 = EDGE_CURVE('',#1249,#2989,#5352,.T.);
#5352 = LINE('',#5353,#5354);
#5353 = CARTESIAN_POINT('',(68.01,-42.58,-4.6E-02));
#5354 = VECTOR('',#5355,1.);
#5355 = DIRECTION('',(0.,0.,1.));
#5356 = ORIENTED_EDGE('',*,*,#2988,.F.);
#5357 = ORIENTED_EDGE('',*,*,#5351,.F.);
#5358 = CYLINDRICAL_SURFACE('',#5359,0.6);
#5359 = AXIS2_PLACEMENT_3D('',#5360,#5361,#5362);
#5360 = CARTESIAN_POINT('',(68.01,-41.98,-4.6E-02));
#5361 = DIRECTION('',(-0.,0.,-1.));
#5362 = DIRECTION('',(2.368475785867E-14,-1.,-0.));
#5363 = ADVANCED_FACE('',(#5364),#5375,.F.);
#5364 = FACE_BOUND('',#5365,.T.);
#5365 = EDGE_LOOP('',(#5366,#5367,#5373,#5374));
#5366 = ORIENTED_EDGE('',*,*,#1259,.T.);
#5367 = ORIENTED_EDGE('',*,*,#5368,.T.);
#5368 = EDGE_CURVE('',#1260,#3000,#5369,.T.);
#5369 = LINE('',#5370,#5371);
#5370 = CARTESIAN_POINT('',(72.31,-42.37,-4.6E-02));
#5371 = VECTOR('',#5372,1.);
#5372 = DIRECTION('',(0.,0.,1.));
#5373 = ORIENTED_EDGE('',*,*,#2999,.F.);
#5374 = ORIENTED_EDGE('',*,*,#5368,.F.);
#5375 = CYLINDRICAL_SURFACE('',#5376,0.4);
#5376 = AXIS2_PLACEMENT_3D('',#5377,#5378,#5379);
#5377 = CARTESIAN_POINT('',(72.31,-41.97,-4.6E-02));
#5378 = DIRECTION('',(-0.,-0.,-1.));
#5379 = DIRECTION('',(-0.,-1.,0.));
#5380 = ADVANCED_FACE('',(#5381),#5392,.F.);
#5381 = FACE_BOUND('',#5382,.T.);
#5382 = EDGE_LOOP('',(#5383,#5384,#5390,#5391));
#5383 = ORIENTED_EDGE('',*,*,#1270,.T.);
#5384 = ORIENTED_EDGE('',*,*,#5385,.T.);
#5385 = EDGE_CURVE('',#1271,#3011,#5386,.T.);
#5386 = LINE('',#5387,#5388);
#5387 = CARTESIAN_POINT('',(76.11,-41.73,-4.6E-02));
#5388 = VECTOR('',#5389,1.);
#5389 = DIRECTION('',(0.,0.,1.));
#5390 = ORIENTED_EDGE('',*,*,#3010,.F.);
#5391 = ORIENTED_EDGE('',*,*,#5385,.F.);
#5392 = CYLINDRICAL_SURFACE('',#5393,0.95);
#5393 = AXIS2_PLACEMENT_3D('',#5394,#5395,#5396);
#5394 = CARTESIAN_POINT('',(76.11,-40.78,-4.6E-02));
#5395 = DIRECTION('',(-0.,-0.,-1.));
#5396 = DIRECTION('',(-0.,-1.,0.));
#5397 = ADVANCED_FACE('',(#5398),#5409,.F.);
#5398 = FACE_BOUND('',#5399,.T.);
#5399 = EDGE_LOOP('',(#5400,#5401,#5407,#5408));
#5400 = ORIENTED_EDGE('',*,*,#1281,.T.);
#5401 = ORIENTED_EDGE('',*,*,#5402,.T.);
#5402 = EDGE_CURVE('',#1282,#3022,#5403,.T.);
#5403 = LINE('',#5404,#5405);
#5404 = CARTESIAN_POINT('',(81.61,-42.505,-4.6E-02));
#5405 = VECTOR('',#5406,1.);
#5406 = DIRECTION('',(0.,0.,1.));
#5407 = ORIENTED_EDGE('',*,*,#3021,.F.);
#5408 = ORIENTED_EDGE('',*,*,#5402,.F.);
#5409 = CYLINDRICAL_SURFACE('',#5410,1.725);
#5410 = AXIS2_PLACEMENT_3D('',#5411,#5412,#5413);
#5411 = CARTESIAN_POINT('',(81.61,-40.78,-4.6E-02));
#5412 = DIRECTION('',(-0.,-0.,-1.));
#5413 = DIRECTION('',(-0.,-1.,0.));
#5414 = ADVANCED_FACE('',(#5415),#5426,.F.);
#5415 = FACE_BOUND('',#5416,.T.);
#5416 = EDGE_LOOP('',(#5417,#5418,#5424,#5425));
#5417 = ORIENTED_EDGE('',*,*,#1292,.T.);
#5418 = ORIENTED_EDGE('',*,*,#5419,.T.);
#5419 = EDGE_CURVE('',#1293,#3033,#5420,.T.);
#5420 = LINE('',#5421,#5422);
#5421 = CARTESIAN_POINT('',(90.91,-44.99,-4.6E-02));
#5422 = VECTOR('',#5423,1.);
#5423 = DIRECTION('',(0.,0.,1.));
#5424 = ORIENTED_EDGE('',*,*,#3032,.F.);
#5425 = ORIENTED_EDGE('',*,*,#5419,.F.);
#5426 = CYLINDRICAL_SURFACE('',#5427,0.4);
#5427 = AXIS2_PLACEMENT_3D('',#5428,#5429,#5430);
#5428 = CARTESIAN_POINT('',(90.91,-44.59,-4.6E-02));
#5429 = DIRECTION('',(-0.,-0.,-1.));
#5430 = DIRECTION('',(-0.,-1.,0.));
#5431 = ADVANCED_FACE('',(#5432),#5443,.F.);
#5432 = FACE_BOUND('',#5433,.T.);
#5433 = EDGE_LOOP('',(#5434,#5435,#5441,#5442));
#5434 = ORIENTED_EDGE('',*,*,#1303,.T.);
#5435 = ORIENTED_EDGE('',*,*,#5436,.T.);
#5436 = EDGE_CURVE('',#1304,#3044,#5437,.T.);
#5437 = LINE('',#5438,#5439);
#5438 = CARTESIAN_POINT('',(87.11,-41.73,-4.6E-02));
#5439 = VECTOR('',#5440,1.);
#5440 = DIRECTION('',(0.,0.,1.));
#5441 = ORIENTED_EDGE('',*,*,#3043,.F.);
#5442 = ORIENTED_EDGE('',*,*,#5436,.F.);
#5443 = CYLINDRICAL_SURFACE('',#5444,0.95);
#5444 = AXIS2_PLACEMENT_3D('',#5445,#5446,#5447);
#5445 = CARTESIAN_POINT('',(87.11,-40.78,-4.6E-02));
#5446 = DIRECTION('',(-0.,-0.,-1.));
#5447 = DIRECTION('',(-0.,-1.,0.));
#5448 = ADVANCED_FACE('',(#5449),#5460,.F.);
#5449 = FACE_BOUND('',#5450,.T.);
#5450 = EDGE_LOOP('',(#5451,#5452,#5458,#5459));
#5451 = ORIENTED_EDGE('',*,*,#1314,.T.);
#5452 = ORIENTED_EDGE('',*,*,#5453,.T.);
#5453 = EDGE_CURVE('',#1315,#3055,#5454,.T.);
#5454 = LINE('',#5455,#5456);
#5455 = CARTESIAN_POINT('',(81.61,-35.48,-4.6E-02));
#5456 = VECTOR('',#5457,1.);
#5457 = DIRECTION('',(0.,0.,1.));
#5458 = ORIENTED_EDGE('',*,*,#3054,.F.);
#5459 = ORIENTED_EDGE('',*,*,#5453,.F.);
#5460 = CYLINDRICAL_SURFACE('',#5461,0.6);
#5461 = AXIS2_PLACEMENT_3D('',#5462,#5463,#5464);
#5462 = CARTESIAN_POINT('',(81.61,-34.88,-4.6E-02));
#5463 = DIRECTION('',(-0.,-0.,-1.));
#5464 = DIRECTION('',(-0.,-1.,0.));
#5465 = ADVANCED_FACE('',(#5466),#5477,.F.);
#5466 = FACE_BOUND('',#5467,.T.);
#5467 = EDGE_LOOP('',(#5468,#5469,#5475,#5476));
#5468 = ORIENTED_EDGE('',*,*,#1325,.T.);
#5469 = ORIENTED_EDGE('',*,*,#5470,.T.);
#5470 = EDGE_CURVE('',#1326,#3066,#5471,.T.);
#5471 = LINE('',#5472,#5473);
#5472 = CARTESIAN_POINT('',(86.61,-37.58,-4.6E-02));
#5473 = VECTOR('',#5474,1.);
#5474 = DIRECTION('',(0.,0.,1.));
#5475 = ORIENTED_EDGE('',*,*,#3065,.F.);
#5476 = ORIENTED_EDGE('',*,*,#5470,.F.);
#5477 = CYLINDRICAL_SURFACE('',#5478,0.6);
#5478 = AXIS2_PLACEMENT_3D('',#5479,#5480,#5481);
#5479 = CARTESIAN_POINT('',(86.61,-36.98,-4.6E-02));
#5480 = DIRECTION('',(-0.,-0.,-1.));
#5481 = DIRECTION('',(-0.,-1.,0.));
#5482 = ADVANCED_FACE('',(#5483),#5494,.F.);
#5483 = FACE_BOUND('',#5484,.T.);
#5484 = EDGE_LOOP('',(#5485,#5486,#5492,#5493));
#5485 = ORIENTED_EDGE('',*,*,#1336,.T.);
#5486 = ORIENTED_EDGE('',*,*,#5487,.T.);
#5487 = EDGE_CURVE('',#1337,#3077,#5488,.T.);
#5488 = LINE('',#5489,#5490);
#5489 = CARTESIAN_POINT('',(90.91,-37.37,-4.6E-02));
#5490 = VECTOR('',#5491,1.);
#5491 = DIRECTION('',(0.,0.,1.));
#5492 = ORIENTED_EDGE('',*,*,#3076,.F.);
#5493 = ORIENTED_EDGE('',*,*,#5487,.F.);
#5494 = CYLINDRICAL_SURFACE('',#5495,0.4);
#5495 = AXIS2_PLACEMENT_3D('',#5496,#5497,#5498);
#5496 = CARTESIAN_POINT('',(90.91,-36.97,-4.6E-02));
#5497 = DIRECTION('',(-0.,-0.,-1.));
#5498 = DIRECTION('',(-0.,-1.,0.));
#5499 = ADVANCED_FACE('',(#5500),#5511,.F.);
#5500 = FACE_BOUND('',#5501,.T.);
#5501 = EDGE_LOOP('',(#5502,#5503,#5509,#5510));
#5502 = ORIENTED_EDGE('',*,*,#1347,.T.);
#5503 = ORIENTED_EDGE('',*,*,#5504,.T.);
#5504 = EDGE_CURVE('',#1348,#3088,#5505,.T.);
#5505 = LINE('',#5506,#5507);
#5506 = CARTESIAN_POINT('',(94.71,-83.93,-4.6E-02));
#5507 = VECTOR('',#5508,1.);
#5508 = DIRECTION('',(0.,0.,1.));
#5509 = ORIENTED_EDGE('',*,*,#3087,.F.);
#5510 = ORIENTED_EDGE('',*,*,#5504,.F.);
#5511 = CYLINDRICAL_SURFACE('',#5512,0.95);
#5512 = AXIS2_PLACEMENT_3D('',#5513,#5514,#5515);
#5513 = CARTESIAN_POINT('',(94.71,-82.98,-4.6E-02));
#5514 = DIRECTION('',(-0.,-0.,-1.));
#5515 = DIRECTION('',(-1.495879443705E-14,-1.,0.));
#5516 = ADVANCED_FACE('',(#5517),#5528,.F.);
#5517 = FACE_BOUND('',#5518,.T.);
#5518 = EDGE_LOOP('',(#5519,#5520,#5526,#5527));
#5519 = ORIENTED_EDGE('',*,*,#1358,.T.);
#5520 = ORIENTED_EDGE('',*,*,#5521,.T.);
#5521 = EDGE_CURVE('',#1359,#3099,#5522,.T.);
#5522 = LINE('',#5523,#5524);
#5523 = CARTESIAN_POINT('',(100.21,-84.705,-4.6E-02));
#5524 = VECTOR('',#5525,1.);
#5525 = DIRECTION('',(0.,0.,1.));
#5526 = ORIENTED_EDGE('',*,*,#3098,.F.);
#5527 = ORIENTED_EDGE('',*,*,#5521,.F.);
#5528 = CYLINDRICAL_SURFACE('',#5529,1.725);
#5529 = AXIS2_PLACEMENT_3D('',#5530,#5531,#5532);
#5530 = CARTESIAN_POINT('',(100.21,-82.98,-4.6E-02));
#5531 = DIRECTION('',(-0.,-0.,-1.));
#5532 = DIRECTION('',(-8.238176646494E-15,-1.,0.));
#5533 = ADVANCED_FACE('',(#5534),#5545,.F.);
#5534 = FACE_BOUND('',#5535,.T.);
#5535 = EDGE_LOOP('',(#5536,#5537,#5543,#5544));
#5536 = ORIENTED_EDGE('',*,*,#1369,.T.);
#5537 = ORIENTED_EDGE('',*,*,#5538,.T.);
#5538 = EDGE_CURVE('',#1370,#3110,#5539,.T.);
#5539 = LINE('',#5540,#5541);
#5540 = CARTESIAN_POINT('',(105.71,-83.93,-4.6E-02));
#5541 = VECTOR('',#5542,1.);
#5542 = DIRECTION('',(0.,0.,1.));
#5543 = ORIENTED_EDGE('',*,*,#3109,.F.);
#5544 = ORIENTED_EDGE('',*,*,#5538,.F.);
#5545 = CYLINDRICAL_SURFACE('',#5546,0.95);
#5546 = AXIS2_PLACEMENT_3D('',#5547,#5548,#5549);
#5547 = CARTESIAN_POINT('',(105.71,-82.98,-4.6E-02));
#5548 = DIRECTION('',(-0.,-0.,-1.));
#5549 = DIRECTION('',(-1.495879443705E-14,-1.,0.));
#5550 = ADVANCED_FACE('',(#5551),#5562,.F.);
#5551 = FACE_BOUND('',#5552,.T.);
#5552 = EDGE_LOOP('',(#5553,#5554,#5560,#5561));
#5553 = ORIENTED_EDGE('',*,*,#1380,.T.);
#5554 = ORIENTED_EDGE('',*,*,#5555,.T.);
#5555 = EDGE_CURVE('',#1381,#3121,#5556,.T.);
#5556 = LINE('',#5557,#5558);
#5557 = CARTESIAN_POINT('',(100.21,-77.68,-4.6E-02));
#5558 = VECTOR('',#5559,1.);
#5559 = DIRECTION('',(0.,0.,1.));
#5560 = ORIENTED_EDGE('',*,*,#3120,.F.);
#5561 = ORIENTED_EDGE('',*,*,#5555,.F.);
#5562 = CYLINDRICAL_SURFACE('',#5563,0.6);
#5563 = AXIS2_PLACEMENT_3D('',#5564,#5565,#5566);
#5564 = CARTESIAN_POINT('',(100.21,-77.08,-4.6E-02));
#5565 = DIRECTION('',(-0.,-0.,-1.));
#5566 = DIRECTION('',(-2.368475785867E-14,-1.,0.));
#5567 = ADVANCED_FACE('',(#5568),#5579,.F.);
#5568 = FACE_BOUND('',#5569,.T.);
#5569 = EDGE_LOOP('',(#5570,#5571,#5577,#5578));
#5570 = ORIENTED_EDGE('',*,*,#1391,.T.);
#5571 = ORIENTED_EDGE('',*,*,#5572,.T.);
#5572 = EDGE_CURVE('',#1392,#3132,#5573,.T.);
#5573 = LINE('',#5574,#5575);
#5574 = CARTESIAN_POINT('',(105.21,-79.78,-4.6E-02));
#5575 = VECTOR('',#5576,1.);
#5576 = DIRECTION('',(0.,0.,1.));
#5577 = ORIENTED_EDGE('',*,*,#3131,.F.);
#5578 = ORIENTED_EDGE('',*,*,#5572,.F.);
#5579 = CYLINDRICAL_SURFACE('',#5580,0.6);
#5580 = AXIS2_PLACEMENT_3D('',#5581,#5582,#5583);
#5581 = CARTESIAN_POINT('',(105.21,-79.18,-4.6E-02));
#5582 = DIRECTION('',(-0.,-0.,-1.));
#5583 = DIRECTION('',(-2.368475785867E-14,-1.,0.));
#5584 = ADVANCED_FACE('',(#5585),#5596,.F.);
#5585 = FACE_BOUND('',#5586,.T.);
#5586 = EDGE_LOOP('',(#5587,#5588,#5594,#5595));
#5587 = ORIENTED_EDGE('',*,*,#1402,.T.);
#5588 = ORIENTED_EDGE('',*,*,#5589,.T.);
#5589 = EDGE_CURVE('',#1403,#3143,#5590,.T.);
#5590 = LINE('',#5591,#5592);
#5591 = CARTESIAN_POINT('',(109.51,-87.19,-4.6E-02));
#5592 = VECTOR('',#5593,1.);
#5593 = DIRECTION('',(0.,0.,1.));
#5594 = ORIENTED_EDGE('',*,*,#3142,.F.);
#5595 = ORIENTED_EDGE('',*,*,#5589,.F.);
#5596 = CYLINDRICAL_SURFACE('',#5597,0.4);
#5597 = AXIS2_PLACEMENT_3D('',#5598,#5599,#5600);
#5598 = CARTESIAN_POINT('',(109.51,-86.79,-4.6E-02));
#5599 = DIRECTION('',(-0.,0.,-1.));
#5600 = DIRECTION('',(3.5527136788E-14,-1.,-0.));
#5601 = ADVANCED_FACE('',(#5602),#5613,.F.);
#5602 = FACE_BOUND('',#5603,.T.);
#5603 = EDGE_LOOP('',(#5604,#5605,#5611,#5612));
#5604 = ORIENTED_EDGE('',*,*,#1413,.T.);
#5605 = ORIENTED_EDGE('',*,*,#5606,.T.);
#5606 = EDGE_CURVE('',#1414,#3154,#5607,.T.);
#5607 = LINE('',#5608,#5609);
#5608 = CARTESIAN_POINT('',(109.51,-79.57,-4.6E-02));
#5609 = VECTOR('',#5610,1.);
#5610 = DIRECTION('',(0.,0.,1.));
#5611 = ORIENTED_EDGE('',*,*,#3153,.F.);
#5612 = ORIENTED_EDGE('',*,*,#5606,.F.);
#5613 = CYLINDRICAL_SURFACE('',#5614,0.4);
#5614 = AXIS2_PLACEMENT_3D('',#5615,#5616,#5617);
#5615 = CARTESIAN_POINT('',(109.51,-79.17,-4.6E-02));
#5616 = DIRECTION('',(-0.,0.,-1.));
#5617 = DIRECTION('',(3.5527136788E-14,-1.,-0.));
#5618 = ADVANCED_FACE('',(#5619),#5630,.F.);
#5619 = FACE_BOUND('',#5620,.T.);
#5620 = EDGE_LOOP('',(#5621,#5622,#5628,#5629));
#5621 = ORIENTED_EDGE('',*,*,#1424,.T.);
#5622 = ORIENTED_EDGE('',*,*,#5623,.T.);
#5623 = EDGE_CURVE('',#1425,#3165,#5624,.T.);
#5624 = LINE('',#5625,#5626);
#5625 = CARTESIAN_POINT('',(94.71,-65.33,-4.6E-02));
#5626 = VECTOR('',#5627,1.);
#5627 = DIRECTION('',(0.,0.,1.));
#5628 = ORIENTED_EDGE('',*,*,#3164,.F.);
#5629 = ORIENTED_EDGE('',*,*,#5623,.F.);
#5630 = CYLINDRICAL_SURFACE('',#5631,0.95);
#5631 = AXIS2_PLACEMENT_3D('',#5632,#5633,#5634);
#5632 = CARTESIAN_POINT('',(94.71,-64.38,-4.6E-02));
#5633 = DIRECTION('',(-0.,-0.,-1.));
#5634 = DIRECTION('',(-1.495879443705E-14,-1.,0.));
#5635 = ADVANCED_FACE('',(#5636),#5647,.F.);
#5636 = FACE_BOUND('',#5637,.T.);
#5637 = EDGE_LOOP('',(#5638,#5639,#5645,#5646));
#5638 = ORIENTED_EDGE('',*,*,#1435,.T.);
#5639 = ORIENTED_EDGE('',*,*,#5640,.T.);
#5640 = EDGE_CURVE('',#1436,#3176,#5641,.T.);
#5641 = LINE('',#5642,#5643);
#5642 = CARTESIAN_POINT('',(100.21,-66.105,-4.6E-02));
#5643 = VECTOR('',#5644,1.);
#5644 = DIRECTION('',(0.,0.,1.));
#5645 = ORIENTED_EDGE('',*,*,#3175,.F.);
#5646 = ORIENTED_EDGE('',*,*,#5640,.F.);
#5647 = CYLINDRICAL_SURFACE('',#5648,1.725);
#5648 = AXIS2_PLACEMENT_3D('',#5649,#5650,#5651);
#5649 = CARTESIAN_POINT('',(100.21,-64.38,-4.6E-02));
#5650 = DIRECTION('',(-0.,-0.,-1.));
#5651 = DIRECTION('',(-8.238176646494E-15,-1.,0.));
#5652 = ADVANCED_FACE('',(#5653),#5664,.F.);
#5653 = FACE_BOUND('',#5654,.T.);
#5654 = EDGE_LOOP('',(#5655,#5656,#5662,#5663));
#5655 = ORIENTED_EDGE('',*,*,#1446,.T.);
#5656 = ORIENTED_EDGE('',*,*,#5657,.T.);
#5657 = EDGE_CURVE('',#1447,#3187,#5658,.T.);
#5658 = LINE('',#5659,#5660);
#5659 = CARTESIAN_POINT('',(105.71,-65.33,-4.6E-02));
#5660 = VECTOR('',#5661,1.);
#5661 = DIRECTION('',(0.,0.,1.));
#5662 = ORIENTED_EDGE('',*,*,#3186,.F.);
#5663 = ORIENTED_EDGE('',*,*,#5657,.F.);
#5664 = CYLINDRICAL_SURFACE('',#5665,0.95);
#5665 = AXIS2_PLACEMENT_3D('',#5666,#5667,#5668);
#5666 = CARTESIAN_POINT('',(105.71,-64.38,-4.6E-02));
#5667 = DIRECTION('',(-0.,-0.,-1.));
#5668 = DIRECTION('',(-1.495879443705E-14,-1.,0.));
#5669 = ADVANCED_FACE('',(#5670),#5681,.F.);
#5670 = FACE_BOUND('',#5671,.T.);
#5671 = EDGE_LOOP('',(#5672,#5673,#5679,#5680));
#5672 = ORIENTED_EDGE('',*,*,#1457,.T.);
#5673 = ORIENTED_EDGE('',*,*,#5674,.T.);
#5674 = EDGE_CURVE('',#1458,#3198,#5675,.T.);
#5675 = LINE('',#5676,#5677);
#5676 = CARTESIAN_POINT('',(109.51,-68.59,-4.6E-02));
#5677 = VECTOR('',#5678,1.);
#5678 = DIRECTION('',(0.,0.,1.));
#5679 = ORIENTED_EDGE('',*,*,#3197,.F.);
#5680 = ORIENTED_EDGE('',*,*,#5674,.F.);
#5681 = CYLINDRICAL_SURFACE('',#5682,0.4);
#5682 = AXIS2_PLACEMENT_3D('',#5683,#5684,#5685);
#5683 = CARTESIAN_POINT('',(109.51,-68.19,-4.6E-02));
#5684 = DIRECTION('',(-0.,0.,-1.));
#5685 = DIRECTION('',(3.5527136788E-14,-1.,-0.));
#5686 = ADVANCED_FACE('',(#5687),#5698,.F.);
#5687 = FACE_BOUND('',#5688,.T.);
#5688 = EDGE_LOOP('',(#5689,#5690,#5696,#5697));
#5689 = ORIENTED_EDGE('',*,*,#1468,.T.);
#5690 = ORIENTED_EDGE('',*,*,#5691,.T.);
#5691 = EDGE_CURVE('',#1469,#3209,#5692,.T.);
#5692 = LINE('',#5693,#5694);
#5693 = CARTESIAN_POINT('',(100.21,-59.08,-4.6E-02));
#5694 = VECTOR('',#5695,1.);
#5695 = DIRECTION('',(0.,0.,1.));
#5696 = ORIENTED_EDGE('',*,*,#3208,.F.);
#5697 = ORIENTED_EDGE('',*,*,#5691,.F.);
#5698 = CYLINDRICAL_SURFACE('',#5699,0.6);
#5699 = AXIS2_PLACEMENT_3D('',#5700,#5701,#5702);
#5700 = CARTESIAN_POINT('',(100.21,-58.48,-4.6E-02));
#5701 = DIRECTION('',(-0.,-0.,-1.));
#5702 = DIRECTION('',(-2.368475785867E-14,-1.,0.));
#5703 = ADVANCED_FACE('',(#5704),#5715,.F.);
#5704 = FACE_BOUND('',#5705,.T.);
#5705 = EDGE_LOOP('',(#5706,#5707,#5713,#5714));
#5706 = ORIENTED_EDGE('',*,*,#1479,.T.);
#5707 = ORIENTED_EDGE('',*,*,#5708,.T.);
#5708 = EDGE_CURVE('',#1480,#3220,#5709,.T.);
#5709 = LINE('',#5710,#5711);
#5710 = CARTESIAN_POINT('',(105.21,-61.18,-4.6E-02));
#5711 = VECTOR('',#5712,1.);
#5712 = DIRECTION('',(0.,0.,1.));
#5713 = ORIENTED_EDGE('',*,*,#3219,.F.);
#5714 = ORIENTED_EDGE('',*,*,#5708,.F.);
#5715 = CYLINDRICAL_SURFACE('',#5716,0.6);
#5716 = AXIS2_PLACEMENT_3D('',#5717,#5718,#5719);
#5717 = CARTESIAN_POINT('',(105.21,-60.58,-4.6E-02));
#5718 = DIRECTION('',(-0.,-0.,-1.));
#5719 = DIRECTION('',(-2.368475785867E-14,-1.,0.));
#5720 = ADVANCED_FACE('',(#5721),#5732,.F.);
#5721 = FACE_BOUND('',#5722,.T.);
#5722 = EDGE_LOOP('',(#5723,#5724,#5730,#5731));
#5723 = ORIENTED_EDGE('',*,*,#1490,.T.);
#5724 = ORIENTED_EDGE('',*,*,#5725,.T.);
#5725 = EDGE_CURVE('',#1491,#3231,#5726,.T.);
#5726 = LINE('',#5727,#5728);
#5727 = CARTESIAN_POINT('',(109.51,-60.97,-4.6E-02));
#5728 = VECTOR('',#5729,1.);
#5729 = DIRECTION('',(0.,0.,1.));
#5730 = ORIENTED_EDGE('',*,*,#3230,.F.);
#5731 = ORIENTED_EDGE('',*,*,#5725,.F.);
#5732 = CYLINDRICAL_SURFACE('',#5733,0.4);
#5733 = AXIS2_PLACEMENT_3D('',#5734,#5735,#5736);
#5734 = CARTESIAN_POINT('',(109.51,-60.57,-4.6E-02));
#5735 = DIRECTION('',(-0.,0.,-1.));
#5736 = DIRECTION('',(3.5527136788E-14,-1.,-0.));
#5737 = ADVANCED_FACE('',(#5738),#5749,.F.);
#5738 = FACE_BOUND('',#5739,.T.);
#5739 = EDGE_LOOP('',(#5740,#5741,#5747,#5748));
#5740 = ORIENTED_EDGE('',*,*,#1501,.T.);
#5741 = ORIENTED_EDGE('',*,*,#5742,.T.);
#5742 = EDGE_CURVE('',#1502,#3242,#5743,.T.);
#5743 = LINE('',#5744,#5745);
#5744 = CARTESIAN_POINT('',(117.63,-61.9261,-4.6E-02));
#5745 = VECTOR('',#5746,1.);
#5746 = DIRECTION('',(0.,0.,1.));
#5747 = ORIENTED_EDGE('',*,*,#3241,.F.);
#5748 = ORIENTED_EDGE('',*,*,#5742,.F.);
#5749 = CYLINDRICAL_SURFACE('',#5750,0.5461);
#5750 = AXIS2_PLACEMENT_3D('',#5751,#5752,#5753);
#5751 = CARTESIAN_POINT('',(117.63,-61.38,-4.6E-02));
#5752 = DIRECTION('',(-0.,-0.,-1.));
#5753 = DIRECTION('',(-0.,-1.,0.));
#5754 = ADVANCED_FACE('',(#5755),#5766,.F.);
#5755 = FACE_BOUND('',#5756,.T.);
#5756 = EDGE_LOOP('',(#5757,#5758,#5764,#5765));
#5757 = ORIENTED_EDGE('',*,*,#1512,.T.);
#5758 = ORIENTED_EDGE('',*,*,#5759,.T.);
#5759 = EDGE_CURVE('',#1513,#3253,#5760,.T.);
#5760 = LINE('',#5761,#5762);
#5761 = CARTESIAN_POINT('',(117.63,-59.3861,-4.6E-02));
#5762 = VECTOR('',#5763,1.);
#5763 = DIRECTION('',(0.,0.,1.));
#5764 = ORIENTED_EDGE('',*,*,#3252,.F.);
#5765 = ORIENTED_EDGE('',*,*,#5759,.F.);
#5766 = CYLINDRICAL_SURFACE('',#5767,0.5461);
#5767 = AXIS2_PLACEMENT_3D('',#5768,#5769,#5770);
#5768 = CARTESIAN_POINT('',(117.63,-58.84,-4.6E-02));
#5769 = DIRECTION('',(-0.,-0.,-1.));
#5770 = DIRECTION('',(-0.,-1.,0.));
#5771 = ADVANCED_FACE('',(#5772),#5783,.F.);
#5772 = FACE_BOUND('',#5773,.T.);
#5773 = EDGE_LOOP('',(#5774,#5775,#5781,#5782));
#5774 = ORIENTED_EDGE('',*,*,#1523,.T.);
#5775 = ORIENTED_EDGE('',*,*,#5776,.T.);
#5776 = EDGE_CURVE('',#1524,#3264,#5777,.T.);
#5777 = LINE('',#5778,#5779);
#5778 = CARTESIAN_POINT('',(117.63,-56.8461,-4.6E-02));
#5779 = VECTOR('',#5780,1.);
#5780 = DIRECTION('',(0.,0.,1.));
#5781 = ORIENTED_EDGE('',*,*,#3263,.F.);
#5782 = ORIENTED_EDGE('',*,*,#5776,.F.);
#5783 = CYLINDRICAL_SURFACE('',#5784,0.5461);
#5784 = AXIS2_PLACEMENT_3D('',#5785,#5786,#5787);
#5785 = CARTESIAN_POINT('',(117.63,-56.3,-4.6E-02));
#5786 = DIRECTION('',(-0.,-0.,-1.));
#5787 = DIRECTION('',(-0.,-1.,0.));
#5788 = ADVANCED_FACE('',(#5789),#5800,.F.);
#5789 = FACE_BOUND('',#5790,.T.);
#5790 = EDGE_LOOP('',(#5791,#5792,#5798,#5799));
#5791 = ORIENTED_EDGE('',*,*,#1534,.T.);
#5792 = ORIENTED_EDGE('',*,*,#5793,.T.);
#5793 = EDGE_CURVE('',#1535,#3275,#5794,.T.);
#5794 = LINE('',#5795,#5796);
#5795 = CARTESIAN_POINT('',(120.17,-56.8461,-4.6E-02));
#5796 = VECTOR('',#5797,1.);
#5797 = DIRECTION('',(0.,0.,1.));
#5798 = ORIENTED_EDGE('',*,*,#3274,.F.);
#5799 = ORIENTED_EDGE('',*,*,#5793,.F.);
#5800 = CYLINDRICAL_SURFACE('',#5801,0.5461);
#5801 = AXIS2_PLACEMENT_3D('',#5802,#5803,#5804);
#5802 = CARTESIAN_POINT('',(120.17,-56.3,-4.6E-02));
#5803 = DIRECTION('',(-0.,-0.,-1.));
#5804 = DIRECTION('',(-0.,-1.,0.));
#5805 = ADVANCED_FACE('',(#5806),#5817,.F.);
#5806 = FACE_BOUND('',#5807,.T.);
#5807 = EDGE_LOOP('',(#5808,#5809,#5815,#5816));
#5808 = ORIENTED_EDGE('',*,*,#1545,.T.);
#5809 = ORIENTED_EDGE('',*,*,#5810,.T.);
#5810 = EDGE_CURVE('',#1546,#3286,#5811,.T.);
#5811 = LINE('',#5812,#5813);
#5812 = CARTESIAN_POINT('',(109.51,-49.99,-4.6E-02));
#5813 = VECTOR('',#5814,1.);
#5814 = DIRECTION('',(0.,0.,1.));
#5815 = ORIENTED_EDGE('',*,*,#3285,.F.);
#5816 = ORIENTED_EDGE('',*,*,#5810,.F.);
#5817 = CYLINDRICAL_SURFACE('',#5818,0.4);
#5818 = AXIS2_PLACEMENT_3D('',#5819,#5820,#5821);
#5819 = CARTESIAN_POINT('',(109.51,-49.59,-4.6E-02));
#5820 = DIRECTION('',(-0.,0.,-1.));
#5821 = DIRECTION('',(3.5527136788E-14,-1.,-0.));
#5822 = ADVANCED_FACE('',(#5823),#5834,.F.);
#5823 = FACE_BOUND('',#5824,.T.);
#5824 = EDGE_LOOP('',(#5825,#5826,#5832,#5833));
#5825 = ORIENTED_EDGE('',*,*,#1556,.T.);
#5826 = ORIENTED_EDGE('',*,*,#5827,.T.);
#5827 = EDGE_CURVE('',#1557,#3297,#5828,.T.);
#5828 = LINE('',#5829,#5830);
#5829 = CARTESIAN_POINT('',(117.63,-54.3061,-4.6E-02));
#5830 = VECTOR('',#5831,1.);
#5831 = DIRECTION('',(0.,0.,1.));
#5832 = ORIENTED_EDGE('',*,*,#3296,.F.);
#5833 = ORIENTED_EDGE('',*,*,#5827,.F.);
#5834 = CYLINDRICAL_SURFACE('',#5835,0.5461);
#5835 = AXIS2_PLACEMENT_3D('',#5836,#5837,#5838);
#5836 = CARTESIAN_POINT('',(117.63,-53.76,-4.6E-02));
#5837 = DIRECTION('',(-0.,-0.,-1.));
#5838 = DIRECTION('',(-0.,-1.,0.));
#5839 = ADVANCED_FACE('',(#5840),#5851,.F.);
#5840 = FACE_BOUND('',#5841,.T.);
#5841 = EDGE_LOOP('',(#5842,#5843,#5849,#5850));
#5842 = ORIENTED_EDGE('',*,*,#1567,.T.);
#5843 = ORIENTED_EDGE('',*,*,#5844,.T.);
#5844 = EDGE_CURVE('',#1568,#3308,#5845,.T.);
#5845 = LINE('',#5846,#5847);
#5846 = CARTESIAN_POINT('',(117.63,-51.7661,-4.6E-02));
#5847 = VECTOR('',#5848,1.);
#5848 = DIRECTION('',(0.,0.,1.));
#5849 = ORIENTED_EDGE('',*,*,#3307,.F.);
#5850 = ORIENTED_EDGE('',*,*,#5844,.F.);
#5851 = CYLINDRICAL_SURFACE('',#5852,0.5461);
#5852 = AXIS2_PLACEMENT_3D('',#5853,#5854,#5855);
#5853 = CARTESIAN_POINT('',(117.63,-51.22,-4.6E-02));
#5854 = DIRECTION('',(-0.,-0.,-1.));
#5855 = DIRECTION('',(-0.,-1.,0.));
#5856 = ADVANCED_FACE('',(#5857),#5868,.F.);
#5857 = FACE_BOUND('',#5858,.T.);
#5858 = EDGE_LOOP('',(#5859,#5860,#5866,#5867));
#5859 = ORIENTED_EDGE('',*,*,#1578,.T.);
#5860 = ORIENTED_EDGE('',*,*,#5861,.T.);
#5861 = EDGE_CURVE('',#1579,#3319,#5862,.T.);
#5862 = LINE('',#5863,#5864);
#5863 = CARTESIAN_POINT('',(117.63,-49.2261,-4.6E-02));
#5864 = VECTOR('',#5865,1.);
#5865 = DIRECTION('',(0.,0.,1.));
#5866 = ORIENTED_EDGE('',*,*,#3318,.F.);
#5867 = ORIENTED_EDGE('',*,*,#5861,.F.);
#5868 = CYLINDRICAL_SURFACE('',#5869,0.5461);
#5869 = AXIS2_PLACEMENT_3D('',#5870,#5871,#5872);
#5870 = CARTESIAN_POINT('',(117.63,-48.68,-4.6E-02));
#5871 = DIRECTION('',(-0.,-0.,-1.));
#5872 = DIRECTION('',(-0.,-1.,0.));
#5873 = ADVANCED_FACE('',(#5874),#5885,.F.);
#5874 = FACE_BOUND('',#5875,.T.);
#5875 = EDGE_LOOP('',(#5876,#5877,#5883,#5884));
#5876 = ORIENTED_EDGE('',*,*,#1589,.T.);
#5877 = ORIENTED_EDGE('',*,*,#5878,.T.);
#5878 = EDGE_CURVE('',#1590,#3330,#5879,.T.);
#5879 = LINE('',#5880,#5881);
#5880 = CARTESIAN_POINT('',(94.71,-46.73,-4.6E-02));
#5881 = VECTOR('',#5882,1.);
#5882 = DIRECTION('',(0.,0.,1.));
#5883 = ORIENTED_EDGE('',*,*,#3329,.F.);
#5884 = ORIENTED_EDGE('',*,*,#5878,.F.);
#5885 = CYLINDRICAL_SURFACE('',#5886,0.95);
#5886 = AXIS2_PLACEMENT_3D('',#5887,#5888,#5889);
#5887 = CARTESIAN_POINT('',(94.71,-45.78,-4.6E-02));
#5888 = DIRECTION('',(-0.,-0.,-1.));
#5889 = DIRECTION('',(-1.495879443705E-14,-1.,0.));
#5890 = ADVANCED_FACE('',(#5891),#5902,.F.);
#5891 = FACE_BOUND('',#5892,.T.);
#5892 = EDGE_LOOP('',(#5893,#5894,#5900,#5901));
#5893 = ORIENTED_EDGE('',*,*,#1600,.T.);
#5894 = ORIENTED_EDGE('',*,*,#5895,.T.);
#5895 = EDGE_CURVE('',#1601,#3341,#5896,.T.);
#5896 = LINE('',#5897,#5898);
#5897 = CARTESIAN_POINT('',(100.21,-47.505,-4.6E-02));
#5898 = VECTOR('',#5899,1.);
#5899 = DIRECTION('',(0.,0.,1.));
#5900 = ORIENTED_EDGE('',*,*,#3340,.F.);
#5901 = ORIENTED_EDGE('',*,*,#5895,.F.);
#5902 = CYLINDRICAL_SURFACE('',#5903,1.725);
#5903 = AXIS2_PLACEMENT_3D('',#5904,#5905,#5906);
#5904 = CARTESIAN_POINT('',(100.21,-45.78,-4.6E-02));
#5905 = DIRECTION('',(-0.,-0.,-1.));
#5906 = DIRECTION('',(-8.238176646494E-15,-1.,0.));
#5907 = ADVANCED_FACE('',(#5908),#5919,.F.);
#5908 = FACE_BOUND('',#5909,.T.);
#5909 = EDGE_LOOP('',(#5910,#5911,#5917,#5918));
#5910 = ORIENTED_EDGE('',*,*,#1611,.T.);
#5911 = ORIENTED_EDGE('',*,*,#5912,.T.);
#5912 = EDGE_CURVE('',#1612,#3352,#5913,.T.);
#5913 = LINE('',#5914,#5915);
#5914 = CARTESIAN_POINT('',(105.71,-46.73,-4.6E-02));
#5915 = VECTOR('',#5916,1.);
#5916 = DIRECTION('',(0.,0.,1.));
#5917 = ORIENTED_EDGE('',*,*,#3351,.F.);
#5918 = ORIENTED_EDGE('',*,*,#5912,.F.);
#5919 = CYLINDRICAL_SURFACE('',#5920,0.95);
#5920 = AXIS2_PLACEMENT_3D('',#5921,#5922,#5923);
#5921 = CARTESIAN_POINT('',(105.71,-45.78,-4.6E-02));
#5922 = DIRECTION('',(-0.,-0.,-1.));
#5923 = DIRECTION('',(-1.495879443705E-14,-1.,0.));
#5924 = ADVANCED_FACE('',(#5925),#5936,.F.);
#5925 = FACE_BOUND('',#5926,.T.);
#5926 = EDGE_LOOP('',(#5927,#5928,#5934,#5935));
#5927 = ORIENTED_EDGE('',*,*,#1622,.T.);
#5928 = ORIENTED_EDGE('',*,*,#5929,.T.);
#5929 = EDGE_CURVE('',#1623,#3363,#5930,.T.);
#5930 = LINE('',#5931,#5932);
#5931 = CARTESIAN_POINT('',(105.21,-42.58,-4.6E-02));
#5932 = VECTOR('',#5933,1.);
#5933 = DIRECTION('',(0.,0.,1.));
#5934 = ORIENTED_EDGE('',*,*,#3362,.F.);
#5935 = ORIENTED_EDGE('',*,*,#5929,.F.);
#5936 = CYLINDRICAL_SURFACE('',#5937,0.6);
#5937 = AXIS2_PLACEMENT_3D('',#5938,#5939,#5940);
#5938 = CARTESIAN_POINT('',(105.21,-41.98,-4.6E-02));
#5939 = DIRECTION('',(-0.,-0.,-1.));
#5940 = DIRECTION('',(-2.368475785867E-14,-1.,0.));
#5941 = ADVANCED_FACE('',(#5942),#5953,.F.);
#5942 = FACE_BOUND('',#5943,.T.);
#5943 = EDGE_LOOP('',(#5944,#5945,#5951,#5952));
#5944 = ORIENTED_EDGE('',*,*,#1633,.T.);
#5945 = ORIENTED_EDGE('',*,*,#5946,.T.);
#5946 = EDGE_CURVE('',#1634,#3374,#5947,.T.);
#5947 = LINE('',#5948,#5949);
#5948 = CARTESIAN_POINT('',(100.21,-40.48,-4.6E-02));
#5949 = VECTOR('',#5950,1.);
#5950 = DIRECTION('',(0.,0.,1.));
#5951 = ORIENTED_EDGE('',*,*,#3373,.F.);
#5952 = ORIENTED_EDGE('',*,*,#5946,.F.);
#5953 = CYLINDRICAL_SURFACE('',#5954,0.6);
#5954 = AXIS2_PLACEMENT_3D('',#5955,#5956,#5957);
#5955 = CARTESIAN_POINT('',(100.21,-39.88,-4.6E-02));
#5956 = DIRECTION('',(-0.,-0.,-1.));
#5957 = DIRECTION('',(-2.368475785867E-14,-1.,0.));
#5958 = ADVANCED_FACE('',(#5959),#5970,.F.);
#5959 = FACE_BOUND('',#5960,.T.);
#5960 = EDGE_LOOP('',(#5961,#5962,#5968,#5969));
#5961 = ORIENTED_EDGE('',*,*,#1644,.T.);
#5962 = ORIENTED_EDGE('',*,*,#5963,.T.);
#5963 = EDGE_CURVE('',#1645,#3385,#5964,.T.);
#5964 = LINE('',#5965,#5966);
#5965 = CARTESIAN_POINT('',(109.51,-42.37,-4.6E-02));
#5966 = VECTOR('',#5967,1.);
#5967 = DIRECTION('',(0.,0.,1.));
#5968 = ORIENTED_EDGE('',*,*,#3384,.F.);
#5969 = ORIENTED_EDGE('',*,*,#5963,.F.);
#5970 = CYLINDRICAL_SURFACE('',#5971,0.4);
#5971 = AXIS2_PLACEMENT_3D('',#5972,#5973,#5974);
#5972 = CARTESIAN_POINT('',(109.51,-41.97,-4.6E-02));
#5973 = DIRECTION('',(-0.,0.,-1.));
#5974 = DIRECTION('',(3.5527136788E-14,-1.,-0.));
#5975 = ADVANCED_FACE('',(#5976),#5987,.F.);
#5976 = FACE_BOUND('',#5977,.T.);
#5977 = EDGE_LOOP('',(#5978,#5979,#5985,#5986));
#5978 = ORIENTED_EDGE('',*,*,#1655,.T.);
#5979 = ORIENTED_EDGE('',*,*,#5980,.T.);
#5980 = EDGE_CURVE('',#1656,#3396,#5981,.T.);
#5981 = LINE('',#5982,#5983);
#5982 = CARTESIAN_POINT('',(117.63,-46.6861,-4.6E-02));
#5983 = VECTOR('',#5984,1.);
#5984 = DIRECTION('',(0.,0.,1.));
#5985 = ORIENTED_EDGE('',*,*,#3395,.F.);
#5986 = ORIENTED_EDGE('',*,*,#5980,.F.);
#5987 = CYLINDRICAL_SURFACE('',#5988,0.5461);
#5988 = AXIS2_PLACEMENT_3D('',#5989,#5990,#5991);
#5989 = CARTESIAN_POINT('',(117.63,-46.14,-4.6E-02));
#5990 = DIRECTION('',(-0.,-0.,-1.));
#5991 = DIRECTION('',(-0.,-1.,0.));
#5992 = ADVANCED_FACE('',(#5993),#6004,.F.);
#5993 = FACE_BOUND('',#5994,.T.);
#5994 = EDGE_LOOP('',(#5995,#5996,#6002,#6003));
#5995 = ORIENTED_EDGE('',*,*,#1666,.T.);
#5996 = ORIENTED_EDGE('',*,*,#5997,.T.);
#5997 = EDGE_CURVE('',#1667,#3407,#5998,.T.);
#5998 = LINE('',#5999,#6000);
#5999 = CARTESIAN_POINT('',(117.63,-44.1461,-4.6E-02));
#6000 = VECTOR('',#6001,1.);
#6001 = DIRECTION('',(0.,0.,1.));
#6002 = ORIENTED_EDGE('',*,*,#3406,.F.);
#6003 = ORIENTED_EDGE('',*,*,#5997,.F.);
#6004 = CYLINDRICAL_SURFACE('',#6005,0.5461);
#6005 = AXIS2_PLACEMENT_3D('',#6006,#6007,#6008);
#6006 = CARTESIAN_POINT('',(117.63,-43.6,-4.6E-02));
#6007 = DIRECTION('',(-0.,-0.,-1.));
#6008 = DIRECTION('',(-0.,-1.,0.));
#6009 = ADVANCED_FACE('',(#6010),#6021,.F.);
#6010 = FACE_BOUND('',#6011,.T.);
#6011 = EDGE_LOOP('',(#6012,#6013,#6019,#6020));
#6012 = ORIENTED_EDGE('',*,*,#1677,.T.);
#6013 = ORIENTED_EDGE('',*,*,#6014,.T.);
#6014 = EDGE_CURVE('',#1678,#3418,#6015,.T.);
#6015 = LINE('',#6016,#6017);
#6016 = CARTESIAN_POINT('',(117.63,-41.6061,-4.6E-02));
#6017 = VECTOR('',#6018,1.);
#6018 = DIRECTION('',(0.,0.,1.));
#6019 = ORIENTED_EDGE('',*,*,#3417,.F.);
#6020 = ORIENTED_EDGE('',*,*,#6014,.F.);
#6021 = CYLINDRICAL_SURFACE('',#6022,0.5461);
#6022 = AXIS2_PLACEMENT_3D('',#6023,#6024,#6025);
#6023 = CARTESIAN_POINT('',(117.63,-41.06,-4.6E-02));
#6024 = DIRECTION('',(-0.,-0.,-1.));
#6025 = DIRECTION('',(-0.,-1.,0.));
#6026 = ADVANCED_FACE('',(#6027),#6038,.F.);
#6027 = FACE_BOUND('',#6028,.T.);
#6028 = EDGE_LOOP('',(#6029,#6030,#6036,#6037));
#6029 = ORIENTED_EDGE('',*,*,#1688,.T.);
#6030 = ORIENTED_EDGE('',*,*,#6031,.T.);
#6031 = EDGE_CURVE('',#1689,#3429,#6032,.T.);
#6032 = LINE('',#6033,#6034);
#6033 = CARTESIAN_POINT('',(117.63,-39.0661,-4.6E-02));
#6034 = VECTOR('',#6035,1.);
#6035 = DIRECTION('',(0.,0.,1.));
#6036 = ORIENTED_EDGE('',*,*,#3428,.F.);
#6037 = ORIENTED_EDGE('',*,*,#6031,.F.);
#6038 = CYLINDRICAL_SURFACE('',#6039,0.5461);
#6039 = AXIS2_PLACEMENT_3D('',#6040,#6041,#6042);
#6040 = CARTESIAN_POINT('',(117.63,-38.52,-4.6E-02));
#6041 = DIRECTION('',(-0.,-0.,-1.));
#6042 = DIRECTION('',(-0.,-1.,0.));
#6043 = ADVANCED_FACE('',(#6044),#6055,.F.);
#6044 = FACE_BOUND('',#6045,.T.);
#6045 = EDGE_LOOP('',(#6046,#6047,#6053,#6054));
#6046 = ORIENTED_EDGE('',*,*,#1699,.T.);
#6047 = ORIENTED_EDGE('',*,*,#6048,.T.);
#6048 = EDGE_CURVE('',#1700,#3440,#6049,.T.);
#6049 = LINE('',#6050,#6051);
#6050 = CARTESIAN_POINT('',(117.63,-36.5261,-4.6E-02));
#6051 = VECTOR('',#6052,1.);
#6052 = DIRECTION('',(0.,0.,1.));
#6053 = ORIENTED_EDGE('',*,*,#3439,.F.);
#6054 = ORIENTED_EDGE('',*,*,#6048,.F.);
#6055 = CYLINDRICAL_SURFACE('',#6056,0.5461);
#6056 = AXIS2_PLACEMENT_3D('',#6057,#6058,#6059);
#6057 = CARTESIAN_POINT('',(117.63,-35.98,-4.6E-02));
#6058 = DIRECTION('',(-0.,-0.,-1.));
#6059 = DIRECTION('',(-0.,-1.,0.));
#6060 = ADVANCED_FACE('',(#6061),#6072,.F.);
#6061 = FACE_BOUND('',#6062,.T.);
#6062 = EDGE_LOOP('',(#6063,#6064,#6070,#6071));
#6063 = ORIENTED_EDGE('',*,*,#1710,.T.);
#6064 = ORIENTED_EDGE('',*,*,#6065,.T.);
#6065 = EDGE_CURVE('',#1711,#3451,#6066,.T.);
#6066 = LINE('',#6067,#6068);
#6067 = CARTESIAN_POINT('',(117.63,-33.9861,-4.6E-02));
#6068 = VECTOR('',#6069,1.);
#6069 = DIRECTION('',(0.,0.,1.));
#6070 = ORIENTED_EDGE('',*,*,#3450,.F.);
#6071 = ORIENTED_EDGE('',*,*,#6065,.F.);
#6072 = CYLINDRICAL_SURFACE('',#6073,0.5461);
#6073 = AXIS2_PLACEMENT_3D('',#6074,#6075,#6076);
#6074 = CARTESIAN_POINT('',(117.63,-33.44,-4.6E-02));
#6075 = DIRECTION('',(-0.,-0.,-1.));
#6076 = DIRECTION('',(-0.,-1.,0.));
#6077 = ADVANCED_FACE('',(#6078),#6089,.F.);
#6078 = FACE_BOUND('',#6079,.T.);
#6079 = EDGE_LOOP('',(#6080,#6081,#6087,#6088));
#6080 = ORIENTED_EDGE('',*,*,#1721,.T.);
#6081 = ORIENTED_EDGE('',*,*,#6082,.T.);
#6082 = EDGE_CURVE('',#1722,#3462,#6083,.T.);
#6083 = LINE('',#6084,#6085);
#6084 = CARTESIAN_POINT('',(122.71,-56.8461,-4.6E-02));
#6085 = VECTOR('',#6086,1.);
#6086 = DIRECTION('',(0.,0.,1.));
#6087 = ORIENTED_EDGE('',*,*,#3461,.F.);
#6088 = ORIENTED_EDGE('',*,*,#6082,.F.);
#6089 = CYLINDRICAL_SURFACE('',#6090,0.5461);
#6090 = AXIS2_PLACEMENT_3D('',#6091,#6092,#6093);
#6091 = CARTESIAN_POINT('',(122.71,-56.3,-4.6E-02));
#6092 = DIRECTION('',(-0.,-0.,-1.));
#6093 = DIRECTION('',(-2.602244042337E-14,-1.,0.));
#6094 = ADVANCED_FACE('',(#6095),#6106,.F.);
#6095 = FACE_BOUND('',#6096,.T.);
#6096 = EDGE_LOOP('',(#6097,#6098,#6104,#6105));
#6097 = ORIENTED_EDGE('',*,*,#1732,.T.);
#6098 = ORIENTED_EDGE('',*,*,#6099,.T.);
#6099 = EDGE_CURVE('',#1733,#3473,#6100,.T.);
#6100 = LINE('',#6101,#6102);
#6101 = CARTESIAN_POINT('',(125.25,-56.8461,-4.6E-02));
#6102 = VECTOR('',#6103,1.);
#6103 = DIRECTION('',(0.,0.,1.));
#6104 = ORIENTED_EDGE('',*,*,#3472,.F.);
#6105 = ORIENTED_EDGE('',*,*,#6099,.F.);
#6106 = CYLINDRICAL_SURFACE('',#6107,0.5461);
#6107 = AXIS2_PLACEMENT_3D('',#6108,#6109,#6110);
#6108 = CARTESIAN_POINT('',(125.25,-56.3,-4.6E-02));
#6109 = DIRECTION('',(-0.,-0.,-1.));
#6110 = DIRECTION('',(-0.,-1.,0.));
#6111 = ADVANCED_FACE('',(#6112),#6123,.F.);
#6112 = FACE_BOUND('',#6113,.T.);
#6113 = EDGE_LOOP('',(#6114,#6115,#6121,#6122));
#6114 = ORIENTED_EDGE('',*,*,#1743,.T.);
#6115 = ORIENTED_EDGE('',*,*,#6116,.T.);
#6116 = EDGE_CURVE('',#1744,#3484,#6117,.T.);
#6117 = LINE('',#6118,#6119);
#6118 = CARTESIAN_POINT('',(132.87,-61.9261,-4.6E-02));
#6119 = VECTOR('',#6120,1.);
#6120 = DIRECTION('',(0.,0.,1.));
#6121 = ORIENTED_EDGE('',*,*,#3483,.F.);
#6122 = ORIENTED_EDGE('',*,*,#6116,.F.);
#6123 = CYLINDRICAL_SURFACE('',#6124,0.5461);
#6124 = AXIS2_PLACEMENT_3D('',#6125,#6126,#6127);
#6125 = CARTESIAN_POINT('',(132.87,-61.38,-4.6E-02));
#6126 = DIRECTION('',(-0.,-0.,-1.));
#6127 = DIRECTION('',(-0.,-1.,0.));
#6128 = ADVANCED_FACE('',(#6129),#6140,.F.);
#6129 = FACE_BOUND('',#6130,.T.);
#6130 = EDGE_LOOP('',(#6131,#6132,#6138,#6139));
#6131 = ORIENTED_EDGE('',*,*,#1754,.T.);
#6132 = ORIENTED_EDGE('',*,*,#6133,.T.);
#6133 = EDGE_CURVE('',#1755,#3495,#6134,.T.);
#6134 = LINE('',#6135,#6136);
#6135 = CARTESIAN_POINT('',(132.87,-59.3861,-4.6E-02));
#6136 = VECTOR('',#6137,1.);
#6137 = DIRECTION('',(0.,0.,1.));
#6138 = ORIENTED_EDGE('',*,*,#3494,.F.);
#6139 = ORIENTED_EDGE('',*,*,#6133,.F.);
#6140 = CYLINDRICAL_SURFACE('',#6141,0.5461);
#6141 = AXIS2_PLACEMENT_3D('',#6142,#6143,#6144);
#6142 = CARTESIAN_POINT('',(132.87,-58.84,-4.6E-02));
#6143 = DIRECTION('',(-0.,-0.,-1.));
#6144 = DIRECTION('',(-0.,-1.,0.));
#6145 = ADVANCED_FACE('',(#6146),#6157,.F.);
#6146 = FACE_BOUND('',#6147,.T.);
#6147 = EDGE_LOOP('',(#6148,#6149,#6155,#6156));
#6148 = ORIENTED_EDGE('',*,*,#1765,.T.);
#6149 = ORIENTED_EDGE('',*,*,#6150,.T.);
#6150 = EDGE_CURVE('',#1766,#3506,#6151,.T.);
#6151 = LINE('',#6152,#6153);
#6152 = CARTESIAN_POINT('',(132.87,-56.8461,-4.6E-02));
#6153 = VECTOR('',#6154,1.);
#6154 = DIRECTION('',(0.,0.,1.));
#6155 = ORIENTED_EDGE('',*,*,#3505,.F.);
#6156 = ORIENTED_EDGE('',*,*,#6150,.F.);
#6157 = CYLINDRICAL_SURFACE('',#6158,0.5461);
#6158 = AXIS2_PLACEMENT_3D('',#6159,#6160,#6161);
#6159 = CARTESIAN_POINT('',(132.87,-56.3,-4.6E-02));
#6160 = DIRECTION('',(-0.,-0.,-1.));
#6161 = DIRECTION('',(-0.,-1.,0.));
#6162 = ADVANCED_FACE('',(#6163),#6174,.F.);
#6163 = FACE_BOUND('',#6164,.T.);
#6164 = EDGE_LOOP('',(#6165,#6166,#6172,#6173));
#6165 = ORIENTED_EDGE('',*,*,#1776,.T.);
#6166 = ORIENTED_EDGE('',*,*,#6167,.T.);
#6167 = EDGE_CURVE('',#1777,#3517,#6168,.T.);
#6168 = LINE('',#6169,#6170);
#6169 = CARTESIAN_POINT('',(132.87,-54.3061,-4.6E-02));
#6170 = VECTOR('',#6171,1.);
#6171 = DIRECTION('',(0.,0.,1.));
#6172 = ORIENTED_EDGE('',*,*,#3516,.F.);
#6173 = ORIENTED_EDGE('',*,*,#6167,.F.);
#6174 = CYLINDRICAL_SURFACE('',#6175,0.5461);
#6175 = AXIS2_PLACEMENT_3D('',#6176,#6177,#6178);
#6176 = CARTESIAN_POINT('',(132.87,-53.76,-4.6E-02));
#6177 = DIRECTION('',(-0.,-0.,-1.));
#6178 = DIRECTION('',(-0.,-1.,0.));
#6179 = ADVANCED_FACE('',(#6180),#6191,.F.);
#6180 = FACE_BOUND('',#6181,.T.);
#6181 = EDGE_LOOP('',(#6182,#6183,#6189,#6190));
#6182 = ORIENTED_EDGE('',*,*,#1787,.T.);
#6183 = ORIENTED_EDGE('',*,*,#6184,.T.);
#6184 = EDGE_CURVE('',#1788,#3528,#6185,.T.);
#6185 = LINE('',#6186,#6187);
#6186 = CARTESIAN_POINT('',(132.87,-51.7661,-4.6E-02));
#6187 = VECTOR('',#6188,1.);
#6188 = DIRECTION('',(0.,0.,1.));
#6189 = ORIENTED_EDGE('',*,*,#3527,.F.);
#6190 = ORIENTED_EDGE('',*,*,#6184,.F.);
#6191 = CYLINDRICAL_SURFACE('',#6192,0.5461);
#6192 = AXIS2_PLACEMENT_3D('',#6193,#6194,#6195);
#6193 = CARTESIAN_POINT('',(132.87,-51.22,-4.6E-02));
#6194 = DIRECTION('',(-0.,-0.,-1.));
#6195 = DIRECTION('',(-0.,-1.,0.));
#6196 = ADVANCED_FACE('',(#6197),#6208,.F.);
#6197 = FACE_BOUND('',#6198,.T.);
#6198 = EDGE_LOOP('',(#6199,#6200,#6206,#6207));
#6199 = ORIENTED_EDGE('',*,*,#1798,.T.);
#6200 = ORIENTED_EDGE('',*,*,#6201,.T.);
#6201 = EDGE_CURVE('',#1799,#3539,#6202,.T.);
#6202 = LINE('',#6203,#6204);
#6203 = CARTESIAN_POINT('',(132.87,-49.2261,-4.6E-02));
#6204 = VECTOR('',#6205,1.);
#6205 = DIRECTION('',(0.,0.,1.));
#6206 = ORIENTED_EDGE('',*,*,#3538,.F.);
#6207 = ORIENTED_EDGE('',*,*,#6201,.F.);
#6208 = CYLINDRICAL_SURFACE('',#6209,0.5461);
#6209 = AXIS2_PLACEMENT_3D('',#6210,#6211,#6212);
#6210 = CARTESIAN_POINT('',(132.87,-48.68,-4.6E-02));
#6211 = DIRECTION('',(-0.,-0.,-1.));
#6212 = DIRECTION('',(-0.,-1.,0.));
#6213 = ADVANCED_FACE('',(#6214),#6225,.F.);
#6214 = FACE_BOUND('',#6215,.T.);
#6215 = EDGE_LOOP('',(#6216,#6217,#6223,#6224));
#6216 = ORIENTED_EDGE('',*,*,#1809,.T.);
#6217 = ORIENTED_EDGE('',*,*,#6218,.T.);
#6218 = EDGE_CURVE('',#1810,#3550,#6219,.T.);
#6219 = LINE('',#6220,#6221);
#6220 = CARTESIAN_POINT('',(132.87,-46.6861,-4.6E-02));
#6221 = VECTOR('',#6222,1.);
#6222 = DIRECTION('',(0.,0.,1.));
#6223 = ORIENTED_EDGE('',*,*,#3549,.F.);
#6224 = ORIENTED_EDGE('',*,*,#6218,.F.);
#6225 = CYLINDRICAL_SURFACE('',#6226,0.5461);
#6226 = AXIS2_PLACEMENT_3D('',#6227,#6228,#6229);
#6227 = CARTESIAN_POINT('',(132.87,-46.14,-4.6E-02));
#6228 = DIRECTION('',(-0.,-0.,-1.));
#6229 = DIRECTION('',(-0.,-1.,0.));
#6230 = ADVANCED_FACE('',(#6231),#6242,.F.);
#6231 = FACE_BOUND('',#6232,.T.);
#6232 = EDGE_LOOP('',(#6233,#6234,#6240,#6241));
#6233 = ORIENTED_EDGE('',*,*,#1820,.T.);
#6234 = ORIENTED_EDGE('',*,*,#6235,.T.);
#6235 = EDGE_CURVE('',#1821,#3561,#6236,.T.);
#6236 = LINE('',#6237,#6238);
#6237 = CARTESIAN_POINT('',(132.87,-44.1461,-4.6E-02));
#6238 = VECTOR('',#6239,1.);
#6239 = DIRECTION('',(0.,0.,1.));
#6240 = ORIENTED_EDGE('',*,*,#3560,.F.);
#6241 = ORIENTED_EDGE('',*,*,#6235,.F.);
#6242 = CYLINDRICAL_SURFACE('',#6243,0.5461);
#6243 = AXIS2_PLACEMENT_3D('',#6244,#6245,#6246);
#6244 = CARTESIAN_POINT('',(132.87,-43.6,-4.6E-02));
#6245 = DIRECTION('',(-0.,-0.,-1.));
#6246 = DIRECTION('',(-0.,-1.,0.));
#6247 = ADVANCED_FACE('',(#6248),#6259,.F.);
#6248 = FACE_BOUND('',#6249,.T.);
#6249 = EDGE_LOOP('',(#6250,#6251,#6257,#6258));
#6250 = ORIENTED_EDGE('',*,*,#1831,.T.);
#6251 = ORIENTED_EDGE('',*,*,#6252,.T.);
#6252 = EDGE_CURVE('',#1832,#3572,#6253,.T.);
#6253 = LINE('',#6254,#6255);
#6254 = CARTESIAN_POINT('',(132.87,-41.6061,-4.6E-02));
#6255 = VECTOR('',#6256,1.);
#6256 = DIRECTION('',(0.,0.,1.));
#6257 = ORIENTED_EDGE('',*,*,#3571,.F.);
#6258 = ORIENTED_EDGE('',*,*,#6252,.F.);
#6259 = CYLINDRICAL_SURFACE('',#6260,0.5461);
#6260 = AXIS2_PLACEMENT_3D('',#6261,#6262,#6263);
#6261 = CARTESIAN_POINT('',(132.87,-41.06,-4.6E-02));
#6262 = DIRECTION('',(-0.,-0.,-1.));
#6263 = DIRECTION('',(-0.,-1.,0.));
#6264 = ADVANCED_FACE('',(#6265),#6276,.F.);
#6265 = FACE_BOUND('',#6266,.T.);
#6266 = EDGE_LOOP('',(#6267,#6268,#6274,#6275));
#6267 = ORIENTED_EDGE('',*,*,#1842,.T.);
#6268 = ORIENTED_EDGE('',*,*,#6269,.T.);
#6269 = EDGE_CURVE('',#1843,#3583,#6270,.T.);
#6270 = LINE('',#6271,#6272);
#6271 = CARTESIAN_POINT('',(132.87,-39.0661,-4.6E-02));
#6272 = VECTOR('',#6273,1.);
#6273 = DIRECTION('',(0.,0.,1.));
#6274 = ORIENTED_EDGE('',*,*,#3582,.F.);
#6275 = ORIENTED_EDGE('',*,*,#6269,.F.);
#6276 = CYLINDRICAL_SURFACE('',#6277,0.5461);
#6277 = AXIS2_PLACEMENT_3D('',#6278,#6279,#6280);
#6278 = CARTESIAN_POINT('',(132.87,-38.52,-4.6E-02));
#6279 = DIRECTION('',(-0.,-0.,-1.));
#6280 = DIRECTION('',(-0.,-1.,0.));
#6281 = ADVANCED_FACE('',(#6282),#6293,.F.);
#6282 = FACE_BOUND('',#6283,.T.);
#6283 = EDGE_LOOP('',(#6284,#6285,#6291,#6292));
#6284 = ORIENTED_EDGE('',*,*,#1853,.T.);
#6285 = ORIENTED_EDGE('',*,*,#6286,.T.);
#6286 = EDGE_CURVE('',#1854,#3594,#6287,.T.);
#6287 = LINE('',#6288,#6289);
#6288 = CARTESIAN_POINT('',(132.87,-36.5261,-4.6E-02));
#6289 = VECTOR('',#6290,1.);
#6290 = DIRECTION('',(0.,0.,1.));
#6291 = ORIENTED_EDGE('',*,*,#3593,.F.);
#6292 = ORIENTED_EDGE('',*,*,#6286,.F.);
#6293 = CYLINDRICAL_SURFACE('',#6294,0.5461);
#6294 = AXIS2_PLACEMENT_3D('',#6295,#6296,#6297);
#6295 = CARTESIAN_POINT('',(132.87,-35.98,-4.6E-02));
#6296 = DIRECTION('',(-0.,-0.,-1.));
#6297 = DIRECTION('',(-0.,-1.,0.));
#6298 = ADVANCED_FACE('',(#6299),#6310,.F.);
#6299 = FACE_BOUND('',#6300,.T.);
#6300 = EDGE_LOOP('',(#6301,#6302,#6308,#6309));
#6301 = ORIENTED_EDGE('',*,*,#1864,.T.);
#6302 = ORIENTED_EDGE('',*,*,#6303,.T.);
#6303 = EDGE_CURVE('',#1865,#3605,#6304,.T.);
#6304 = LINE('',#6305,#6306);
#6305 = CARTESIAN_POINT('',(132.87,-33.9861,-4.6E-02));
#6306 = VECTOR('',#6307,1.);
#6307 = DIRECTION('',(0.,0.,1.));
#6308 = ORIENTED_EDGE('',*,*,#3604,.F.);
#6309 = ORIENTED_EDGE('',*,*,#6303,.F.);
#6310 = CYLINDRICAL_SURFACE('',#6311,0.5461);
#6311 = AXIS2_PLACEMENT_3D('',#6312,#6313,#6314);
#6312 = CARTESIAN_POINT('',(132.87,-33.44,-4.6E-02));
#6313 = DIRECTION('',(-0.,-0.,-1.));
#6314 = DIRECTION('',(-0.,-1.,0.));
#6315 = ( GEOMETRIC_REPRESENTATION_CONTEXT(3) 
GLOBAL_UNCERTAINTY_ASSIGNED_CONTEXT((#6319)) 
GLOBAL_UNIT_ASSIGNED_CONTEXT((#6316,#6317,#6318)) REPRESENTATION_CONTEXT
('Context #1','3D Context with UNIT and UNCERTAINTY') );
#6316 = ( LENGTH_UNIT() NAMED_UNIT(*) SI_UNIT(.MILLI.,.METRE.) );
#6317 = ( NAMED_UNIT(*) PLANE_ANGLE_UNIT() SI_UNIT($,.RADIAN.) );
#6318 = ( NAMED_UNIT(*) SI_UNIT($,.STERADIAN.) SOLID_ANGLE_UNIT() );
#6319 = UNCERTAINTY_MEASURE_WITH_UNIT(LENGTH_MEASURE(1.E-07),#6316,
  'distance_accuracy_value','confusion accuracy');
#6320 = CONTEXT_DEPENDENT_SHAPE_REPRESENTATION(#6321,#6323);
#6321 = ( REPRESENTATION_RELATIONSHIP('','',#32,#10) 
REPRESENTATION_RELATIONSHIP_WITH_TRANSFORMATION(#6322) 
SHAPE_REPRESENTATION_RELATIONSHIP() );
#6322 = ITEM_DEFINED_TRANSFORMATION('','',#11,#15);
#6323 = PRODUCT_DEFINITION_SHAPE('Placement','Placement of an item',
  #6324);
#6324 = NEXT_ASSEMBLY_USAGE_OCCURRENCE('1','=>[0:1:1:2]','',#5,#27,$);
#6325 = PRODUCT_RELATED_PRODUCT_CATEGORY('part',$,(#29));
#6326 = MECHANICAL_DESIGN_GEOMETRIC_PRESENTATION_REPRESENTATION('',(
    #6327),#6315);
#6327 = STYLED_ITEM('color',(#6328),#33);
#6328 = PRESENTATION_STYLE_ASSIGNMENT((#6329));
#6329 = SURFACE_STYLE_USAGE(.BOTH.,#6330);
#6330 = SURFACE_SIDE_STYLE('',(#6331));
#6331 = SURFACE_STYLE_FILL_AREA(#6332);
#6332 = FILL_AREA_STYLE('',(#6333));
#6333 = FILL_AREA_STYLE_COLOUR('',#6334);
#6334 = COLOUR_RGB('',0.313304153717,0.484529207832,0.410020903123);
ENDSEC;
END-ISO-10303-21;
